id,title,text,description,url,created_at,publisher,source,query,like_count,retweet_count
news_18886974056113961,AI News: Artificial Intelligence Trends And Top AI Stocks To Watch - Investor's Business Daily,AI News: Artificial Intelligence Trends And Top AI Stocks To Watch  Investor's Business Daily,AI News: Artificial Intelligence Trends And Top AI Stocks To Watch  Investor's Business Daily,https://news.google.com/rss/articles/CBMilwFBVV95cUxQMTVTWnJlZkpsVU9ZV0g1WHdKQVBKOFFvcUpPeTJuMW9iT2FTMWI1N2hMYk1ud1cwQlBEVlJObDFVTnpoNnBhejJrZnVFelQ5V3NNRklrM2RlaHUtc2NsbmxWcVV1MWVzd082RUdTYmtJVW9MUmJRTG5sV1dJN3JCd1JNX2Z4VnZtV3VpbzdrNXdKNTVSc3FB?oc=5&hl=en-IN&gl=IN&ceid=IN:en,"Tue, 07 Oct 2025 16:07:00 GMT",Investor's Business Daily,news,artificial intelligence trends,0,0
news_3854913352586341712,Causal AI Market Industry Trends and Forecast Report - GlobeNewswire,Causal AI Market Industry Trends and Forecast Report  GlobeNewswire,Causal AI Market Industry Trends and Forecast Report  GlobeNewswire,https://news.google.com/rss/articles/CBMitAJBVV95cUxOUklWSF9CMXlVclJXSXJ3SXU1bWVfZHp5bkVYRmZJRzFveG1CXzFpcV9uUVQyNWdxVXlaS283NlQ3VVFZZTdXLWk0bVdENmdYclQyemxFYl90UzljS2g0UUJJRU9MSm80SEdoMEFrcXBQd2V6SFNEdjhhdHpSSDRpbFZidjdrdHlLbl9DQUZvaXlacU1nWEpiR1VCZEVobk42M3ZNRmVXakh3OEpRaklPaEhJbDcyOUFtTG9tdnZmMnQtU3BHbmhPRjg2ekhWa2xmU0gycm96dEQxbHh2b0gyN2d3MWt4VVdGQzVCNXctTWpvNUVaX3liQ0lvNjVROFN4dTJiSlNwdjJ3RkZ6YzJxb0lCYzdTSzR6bTM5Z2pHeFBGRk1XZDdDaXI1clR6U3hGYXdlVg?oc=5&hl=en-IN&gl=IN&ceid=IN:en,"Wed, 08 Oct 2025 09:08:10 GMT",GlobeNewswire,news,artificial intelligence trends,0,0
news_1339383786082035835,50 NEW Artificial Intelligence Statistics (July 2025) - Exploding Topics,50 NEW Artificial Intelligence Statistics (July 2025)  Exploding Topics,50 NEW Artificial Intelligence Statistics (July 2025)  Exploding Topics,https://news.google.com/rss/articles/CBMiWkFVX3lxTFBRR1RxSDRTNlhSREl4Ty12bGN5UmZEVEZtZHB5OXprS1p2S0VtSFlyVmx2ZGY4OS11ZDhjODVGMTcwdkpGeW1yd0loelpGNUtoWEVyXzBTZWZidw?oc=5&hl=en-IN&gl=IN&ceid=IN:en,"Fri, 03 Oct 2025 07:00:00 GMT",Exploding Topics,news,artificial intelligence trends,0,0
news_5043778547566423950,"This School Year, Make AI Work for Learning - Child Trends","This School Year, Make AI Work for Learning  Child Trends","This School Year, Make AI Work for Learning  Child Trends",https://news.google.com/rss/articles/CBMidEFVX3lxTE9zTnBPbmh4Q2oyUXE1RWd5cWZCUVFUbGtMbE5qbFUweE1PV3RUazJGbzdWSVYwSFlxR1FvbmFKY0MwdFdjdDJfSXlsNlFzTkZIdHJVY1FpYk5PZ2ZUa1dDNkh0bDFYVWZaZlJvSFQyWWJyZmRE?oc=5&hl=en-IN&gl=IN&ceid=IN:en,"Tue, 07 Oct 2025 12:43:52 GMT",Child Trends,news,artificial intelligence trends,0,0
news_9039813947156561421,"[Latest] Artificial Intelligence In Drug Discovery Market Opportunities, Trends, and Pricing Analysis - openPR.com","[Latest] Artificial Intelligence In Drug Discovery Market Opportunities, Trends, and Pricing Analysis  openPR.com","[Latest] Artificial Intelligence In Drug Discovery Market Opportunities, Trends, and Pricing Analysis  openPR.com",https://news.google.com/rss/articles/CBMilgFBVV95cUxPWU9WdHEzQy1TYUoxd0h5MXJ0Y2Y4QXdRbjRVeml1ZUlNeUNxTGRTWlF4bC1FcW1vRUh3ZW52VWRIdkNWQkxvVXIybjVEbnBjVTQycHloY2cwZTdsY044R1NkZDRKemxYSVU3NWJqVGEzS3Vyd1J4MkUxOGNEY0ZXdUxvUmNHVXc3ZERqNS1Pd1FoQUItQVE?oc=5&hl=en-IN&gl=IN&ceid=IN:en,"Wed, 08 Oct 2025 06:30:03 GMT",openPR.com,news,artificial intelligence trends,0,0
news_1136995594391820728,"7 Automation Trends Mark 2025, from AI-Enhanced Systems to Workforce Transformation - Design News","7 Automation Trends Mark 2025, from AI-Enhanced Systems to Workforce Transformation  Design News","7 Automation Trends Mark 2025, from AI-Enhanced Systems to Workforce Transformation  Design News",https://news.google.com/rss/articles/CBMiwgFBVV95cUxPbktOXzFLekMwcjhmUkFlNEVFa09NcEl1YzB0dU9hYWRUbXkyZkFxN3VCNDB3REVvY1VMQTFHNlZ0YzVQTGRUSnFhV2p5UVNrYWlSV096TTJnYlduc2ZEZll4R3JfcVlRZEdpb2dqTU50Qlk2dG5nanVpeE9sRllIUU1sSEdydDNVRjZLZDZ1SF8wTDFhZ2t0WlhkMnBrc1A5UV9RXzgxNFdfeERXTTN3MlA2dTFQeGkzS0ZtQnN2cDdWQQ?oc=5&hl=en-IN&gl=IN&ceid=IN:en,"Tue, 07 Oct 2025 19:12:38 GMT",Design News,news,artificial intelligence trends,0,0
news_5519200250963038630,Top AI Trends 2025: Key Developments to Watch - appinventiv.com,Top AI Trends 2025: Key Developments to Watch  appinventiv.com,Top AI Trends 2025: Key Developments to Watch  appinventiv.com,https://news.google.com/rss/articles/CBMiUEFVX3lxTFBSSnQxS3pPSjZZeHYyVk8wY2RFd1FzMmN4c1RrWVdLejk5M1E3anZyNXNwX0pYMlQ1cTZkallzekxSS0lCUWZkNEFLN0RuTXpF?oc=5&hl=en-IN&gl=IN&ceid=IN:en,"Tue, 30 Sep 2025 07:00:00 GMT",appinventiv.com,news,artificial intelligence trends,0,0
news_7416575595240451569,5 AI Trends Shaping Innovation and ROI in 2025 - Morgan Stanley,5 AI Trends Shaping Innovation and ROI in 2025  Morgan Stanley,5 AI Trends Shaping Innovation and ROI in 2025  Morgan Stanley,https://news.google.com/rss/articles/CBMilwFBVV95cUxPUGFUUjBPN0pDaG1MSUc0UTV2VDl3ZjJxMkVfQ3B6SzhKRFp2Q1J4OEdJaFVHbjFJdlBJSmRIMDBEbmNWWjhQdXIzNDlxdmxWMUhHc2wtalVXVGJnZHc4UzBxNHhiYjI3aEVZcU04czVhWTBYS0tVZWZqSl9Cb25ocHNrVk00Tm14RnlYY0xnRDJyeHQ0X3JZ?oc=5&hl=en-IN&gl=IN&ceid=IN:en,"Thu, 20 Mar 2025 07:00:00 GMT",Morgan Stanley,news,artificial intelligence trends,0,0
news_2556501107298541446,Top 100 AI Trends in September - Trend Hunter,Top 100 AI Trends in September  Trend Hunter,Top 100 AI Trends in September  Trend Hunter,https://news.google.com/rss/articles/CBMiZkFVX3lxTE9YWHlDaW5nSHp4Qm93ekRNUUNkQWMxVU9YSUduZU04Z25pbHBBX3ZycmhvVXhaR2VWVEFXR2VvbWgzZE1QN0ROY1hld0JMRUstVEhzaTZzZXE3bkxPRFpoMWhRQTFPUdIBa0FVX3lxTE5rWEUzUERQMFplQ25tQnFvR0tDeGwyeVEwTVVPeWVNRk83Q243UmN6T3gzUkRIb0dLUXctUS1sS0JYS0hxTnNQXzdDT0hrYkppUGs2UjRqeG9SeGFPZlA0Rm1rVFdSNHg2UzBR?oc=5&hl=en-IN&gl=IN&ceid=IN:en,"Sat, 20 Sep 2025 07:00:00 GMT",Trend Hunter,news,artificial intelligence trends,0,0
news_7802822712322969490,The 2025 AI Index Report - Stanford HAI,The 2025 AI Index Report  Stanford HAI,The 2025 AI Index Report  Stanford HAI,https://news.google.com/rss/articles/CBMiZEFVX3lxTE0wR0hqOUNJUGhqc05zSTRYaW1KOVZWd2c5VUdwY1pxX1A0VHBDdWw1ZmFmTlpISzhQaHlEclBWbWFqdmF4OGcxcktGdV9mRVNkQXBsQTF4OHVTMDhXQnJMQXJsWEk?oc=5&hl=en-IN&gl=IN&ceid=IN:en,"Sun, 06 Apr 2025 04:43:59 GMT",Stanford HAI,news,artificial intelligence trends,0,0
news_598137263172386762,"Generative AI trends 2025: LLMs, data scaling & enterprise adoption - AI News","Generative AI trends 2025: LLMs, data scaling & enterprise adoption  AI News","Generative AI trends 2025: LLMs, data scaling & enterprise adoption  AI News",https://news.google.com/rss/articles/CBMiswFBVV95cUxPY1B0Z0tEOFk4Sms2RGt6NUl1Vkg5SmZZc3VWakxtTDRXc3U0MnRmM3JsalotQlZ4cGgwdTlPV1FPRUlURDU3dUtKbXJLazU2WXpPczFPa1ZJeDYwS2hMdVBFS2hvUUZHQU1YSkxOTUxBSDN1ZjVyb1Z4UjlFX0RWWjBSSnA4UUpocm1raGJ3WHFhVFVmX2NyWkkwTWlwWmlweDlvc1h5QzlSNHJiUFRLSWJtbw?oc=5&hl=en-IN&gl=IN&ceid=IN:en,"Wed, 06 Aug 2025 07:00:00 GMT",AI News,news,artificial intelligence trends,0,0
news_843152976281013432,The Investment Themes That Are Outperforming AI - Morningstar Canada,The Investment Themes That Are Outperforming AI  Morningstar Canada,The Investment Themes That Are Outperforming AI  Morningstar Canada,https://news.google.com/rss/articles/CBMikAFBVV95cUxNTHpac1lxNnc0UVhNRU5Oa2M4WDNJQUlaV1pGU19JZzZETHNqRTkzSzFlMVhoVmo5cVJqMmNFaXpGRkFZMkh4Y2tRVjdTd1c1RzFoZ0NvbE1WTTJQTlZTSnhEZGxvakIxNGpuWDI5YlBaWXNSNUVydVlQOERRWDdTYzJZTjBYaHJrNFJSeWJ3d0U?oc=5&hl=en-IN&gl=IN&ceid=IN:en,"Tue, 07 Oct 2025 08:38:41 GMT",Morningstar Canada,news,artificial intelligence trends,0,0
news_450947230059849926,McKinsey Technology Trends Outlook 2025 - McKinsey & Company,McKinsey Technology Trends Outlook 2025  McKinsey & Company,McKinsey Technology Trends Outlook 2025  McKinsey & Company,https://news.google.com/rss/articles/CBMilAFBVV95cUxPZF9UY2hXX0xPT19SblR1Tjd6U0gyc2MyWFZUaVN4Zmg1eHViQmNiSU9wa2JOTnFkZEhFNVhpdklpTi1DVUtKUFlaa1l6UHFzZGNvaWRUQnpfdDBpTW9pdW5aSG5hQU5Pd0N6TVhHUWZpMTFoakIwYS03Y3JSczdYWlpQdmZ1WHc5a1dRNV9TWHQyRm4x?oc=5&hl=en-IN&gl=IN&ceid=IN:en,"Tue, 22 Jul 2025 07:00:00 GMT",McKinsey & Company,news,artificial intelligence trends,0,0
news_8321718086696642644,Five Trends in AI and Data Science for 2025 | Thomas H. Davenport and Randy Bean - MIT Sloan Management Review,Five Trends in AI and Data Science for 2025 | Thomas H. Davenport and Randy Bean  MIT Sloan Management Review,Five Trends in AI and Data Science for 2025 | Thomas H. Davenport and Randy Bean  MIT Sloan Management Review,https://news.google.com/rss/articles/CBMihwFBVV95cUxQWGR1OVdNeE9ncm9KRHNJaE5aNENoZlZPM3o1T0REWWFkSml3VGlMcGNEMkJzM3hsZ0pZRTVkckpnWGJIU1Fnb2Y5Y1ZqdXVBUVZNQ0hmb2R1Zk1SQTZnS0pBVFdxWVVsaGZhRW5oeGZnSDlrOVlDRl9ZakpoWVZCeDdjQlhvTzQ?oc=5&hl=en-IN&gl=IN&ceid=IN:en,"Wed, 08 Jan 2025 08:00:00 GMT",MIT Sloan Management Review,news,artificial intelligence trends,0,0
news_2554331307265715096,Artificial Intelligence Global Report H1 2025 | AI Investment & Deal Trends | Insights - Ropes & Gray LLP,Artificial Intelligence Global Report H1 2025 | AI Investment & Deal Trends | Insights  Ropes & Gray LLP,Artificial Intelligence Global Report H1 2025 | AI Investment & Deal Trends | Insights  Ropes & Gray LLP,https://news.google.com/rss/articles/CBMinwFBVV95cUxQRnU0S1FRby1IUlY3MnJubm54QUM2TUh5cTA3UGtjTVJ0d3lVRnRxa0xGRzNvbFZ6OG5vYmFIN1N1WGlLOTNheXZyY1hlMlRDVVRHbmg4bEFfcUJseDY0OEg2YU9ZTU80SkpCdTZERWNueVNSaFdFTG1xZ1JLVFZTTVlBRHU3TGd5alYwZFVMLU9mT0RWa3ZLYlR4Q0RLWnM?oc=5&hl=en-IN&gl=IN&ceid=IN:en,"Mon, 18 Aug 2025 22:17:54 GMT",Ropes & Gray LLP,news,artificial intelligence trends,0,0
news_3980760456502137351,Hive Digital: Riding 2 Compelling Trends - Bitcoin And AI HPC Demand (NASDAQ:HIVE) - Seeking Alpha,Hive Digital: Riding 2 Compelling Trends - Bitcoin And AI HPC Demand (NASDAQ:HIVE)  Seeking Alpha,Hive Digital: Riding 2 Compelling Trends - Bitcoin And AI HPC Demand (NASDAQ:HIVE)  Seeking Alpha,https://news.google.com/rss/articles/CBMiqgFBVV95cUxPXzBqY0MyTHBOajlZalRSR2pCRDRPWmRMXzlPUVgtY1dJd2pZVDVUUUpmU0pzSGhsVmJNMWlhTVJKX2FqVW5JOTZVOWtUT21JbVhPOEI4RUJDN1VHQ1AzVFkzenR1ZkVXOEN1UENib2pCc1h0Q2I1aUlaNjB4M3JxYUZZcWlDTVlLM2tucDg4SE0wWXk3WlVGVV92YUV2amcxUHZDM3JZbjBQQQ?oc=5&hl=en-IN&gl=IN&ceid=IN:en,"Tue, 07 Oct 2025 11:30:00 GMT",Seeking Alpha,news,artificial intelligence trends,0,0
news_4543582761431500770,"Artificial Intelligence (AI) in Oil market Growth Key Finding, Market Impact, Latest Trends Analysis, Progression Status - openPR.com","Artificial Intelligence (AI) in Oil market Growth Key Finding, Market Impact, Latest Trends Analysis, Progression Status  openPR.com","Artificial Intelligence (AI) in Oil market Growth Key Finding, Market Impact, Latest Trends Analysis, Progression Status  openPR.com",https://news.google.com/rss/articles/CBMimwFBVV95cUxOaXc4NHEtSnNrNWREZmJRV3RJdTFzZVYtaWgtVzVYdEFnYUxkdFRvNld6c1JtczdJRGpodWlUcFU4MWxWY1RiTWFfMHV0dWJMQmN3dHROaS1TMmZ0NkJDcERuaWFvWDVNN25jOFVUYV9odnJEdDA4Mm9ZaF83WHo1a19WYWgxZWYzQlRmRGhldmtWRVdBRk53NGpnNA?oc=5&hl=en-IN&gl=IN&ceid=IN:en,"Wed, 08 Oct 2025 07:21:13 GMT",openPR.com,news,artificial intelligence trends,0,0
news_6552516041954202543,How Many Companies Use AI? (New 2025 Data) - Exploding Topics,How Many Companies Use AI? (New 2025 Data)  Exploding Topics,How Many Companies Use AI? (New 2025 Data)  Exploding Topics,https://news.google.com/rss/articles/CBMiYEFVX3lxTE1NaXowTEdCdFB0RGkwdDl3WHhEVkFXUlZnRHc1UTBvQTlNX1RiazdrU0RLSG02YzdaakdpcmhDUTZjTmRDM2VobHMtMWJoVzBSblcxTmRuX05JVmdiaGJCYg?oc=5&hl=en-IN&gl=IN&ceid=IN:en,"Fri, 03 Oct 2025 07:00:00 GMT",Exploding Topics,news,artificial intelligence trends,0,0
news_6804973542365738906,Artificial Intelligence in Pharmaceuticals: Leading Companies and Strategic Innovations in AI-powered Pharmaceuticals - GlobeNewswire,Artificial Intelligence in Pharmaceuticals: Leading Companies and Strategic Innovations in AI-powered Pharmaceuticals  GlobeNewswire,Artificial Intelligence in Pharmaceuticals: Leading Companies and Strategic Innovations in AI-powered Pharmaceuticals  GlobeNewswire,https://news.google.com/rss/articles/CBMilwJBVV95cUxOaVBCdVE2V3VONUZLUnY5bDlwOXFyaDY1RGRrRm9rMGx1V0RNWFV5RUJfZHMxTzlNdTBjR3NPQkZuNUlOMEJ0MUNCaVFwTzJscnZaQTBfT0pRcUcySnRSbGNaa3l2ellad3Rsc1ljb05jYXpRTzU3NFdsNWZoamZueE1SaXVLNDZCRkt0RUt1VFpKUi16SG9ETXNsdnB4VWQ3ekZNd25PcGE5SWhUZXdCU25YcWp2QjkwblNFelRCU05CcWsxT1NjcExfYm5nSHBsWDQ4c1loMWl0SmtqNkhscmt0a1NsVWVjU2NxMHp6dFR4NGJKS01rNm1ZWHRxLUNUYlZLWHV3X1FmeDhIb24xb2VWMEZGU3c?oc=5&hl=en-IN&gl=IN&ceid=IN:en,"Mon, 06 Oct 2025 13:30:03 GMT",GlobeNewswire,news,artificial intelligence trends,0,0
news_4441294070254618720,Future of AI: 7 Key AI Trends For 2025 & 2026 - Exploding Topics,Future of AI: 7 Key AI Trends For 2025 & 2026  Exploding Topics,Future of AI: 7 Key AI Trends For 2025 & 2026  Exploding Topics,https://news.google.com/rss/articles/CBMiWEFVX3lxTFBDSHRYRGdEOU5lbjdzZGtlZmVrVjFlczJia2dLVklMZjN2NVJQeFdmTnRZd3RNMXNMTHEycWprMFIzdThnR3ZhM01SamN5cjJDdi10OTUtazY?oc=5&hl=en-IN&gl=IN&ceid=IN:en,"Fri, 15 Aug 2025 07:00:00 GMT",Exploding Topics,news,artificial intelligence trends,0,0
news_6159171107818258347,Measuring Students’ Productive Use of Artificial Intelligence - Child Trends,Measuring Students’ Productive Use of Artificial Intelligence  Child Trends,Measuring Students’ Productive Use of Artificial Intelligence  Child Trends,https://news.google.com/rss/articles/CBMinAFBVV95cUxPN0JZcHcwaWhmY25DVFBHRV9SR2dmQjh1dVhpbGRoMWZWS0VwcHZxWGo4VkJpTUZNYzFqQ2xaeERtbjVoWTFZdGU5cnpZTHMzOWlsSXgybmdLem1uV1BLYkoyVXR5emFRcjhOM0lwMjdMM1Q2c1RuYWljZzJtR2NZVkRYcUo1MDIxMzFmT21nNUxkQzd4eFc2QUx1dFk?oc=5&hl=en-IN&gl=IN&ceid=IN:en,"Thu, 07 Aug 2025 07:00:00 GMT",Child Trends,news,artificial intelligence trends,0,0
news_7301299725443556101,CDC's Vision for Using Artificial Intelligence in Public Health - Centers for Disease Control and Prevention | CDC (.gov),CDC's Vision for Using Artificial Intelligence in Public Health  Centers for Disease Control and Prevention | CDC (.gov),CDC's Vision for Using Artificial Intelligence in Public Health  Centers for Disease Control and Prevention | CDC (.gov),https://news.google.com/rss/articles/CBMitAFBVV95cUxPekU2QnNNel9odDJBM3BfdnlKSUs3NWFJeDh5amlPNlU3a1hVd2piaF9VMG5XdWZMMTdJSnJMYlh0aXROWHNxZWVXUEMwakJWVjJWYk9hdlB2VjRzQkxfLXVWQWpDYlhpVE1HZnA4VWxYWkNnOHJKaE8tdkZXWTJOZFRSMGZSUkdWRjUzaHhsQmdJVFU4ZFJTTWZxNk1RWk1IcjlFOERjNjM0MXZxMWNRY2Ywb1Y?oc=5&hl=en-IN&gl=IN&ceid=IN:en,"Fri, 22 Aug 2025 07:00:00 GMT",Centers for Disease Control and Prevention | CDC (.gov),news,artificial intelligence trends,0,0
news_2798718400087329726,4 trends we’re watching in the artificial intelligence investing space - Chase Bank,4 trends we’re watching in the artificial intelligence investing space  Chase Bank,4 trends we’re watching in the artificial intelligence investing space  Chase Bank,https://news.google.com/rss/articles/CBMirgFBVV95cUxONnFNNTd6X1hLa2FDM3BaRHVoOUpZa3ZnUEdOWTRsVGRubmJXTThXMmVtOTBvUEVvX2hCUk1ZRnprLU5RY1ctUGtHWlVkSE5hWGFHYXYtdDRrend1dkJFTFhlSnE0MDQxS0VJUWZ6OE9lQXhYQ2lEZ3R6MkZCNWNsd1FfZmsyS3lXQ2hyUTNwbzU5dTdHekVwSXdIS3lrTjBWaVlJWTV1SVVXS3JyTHc?oc=5&hl=en-IN&gl=IN&ceid=IN:en,"Fri, 26 Sep 2025 20:02:48 GMT",Chase Bank,news,artificial intelligence trends,0,0
news_3488910065469889378,AI Scams and Fraud: 5 Trends to Look Out for as 2025 Ends - edhat,AI Scams and Fraud: 5 Trends to Look Out for as 2025 Ends  edhat,AI Scams and Fraud: 5 Trends to Look Out for as 2025 Ends  edhat,https://news.google.com/rss/articles/CBMijAFBVV95cUxQb0MybnB3MEcxSGlURlFfS1FHVlJ2em90ZEdZeDRJbzhJajljSVRYWjBLYUw3eHlwMVJuVTljZUVlSm95ZndDSUl6cG85Zml6OVNfRzhPT1Mya2VEc2xpa2pSMjZQZXQ0V0ZfVjd5Z3NPdTlkOTlXZ28zZ09lUXJrQjVDd25BZGdIYUdGVg?oc=5&hl=en-IN&gl=IN&ceid=IN:en,"Mon, 06 Oct 2025 16:41:51 GMT",edhat,news,artificial intelligence trends,0,0
news_2797844389011568770,6 EdTech AI trends: How artificial intelligence is reshaping education | Amazon Web Services - Amazon Web Services,6 EdTech AI trends: How artificial intelligence is reshaping education | Amazon Web Services  Amazon Web Services,6 EdTech AI trends: How artificial intelligence is reshaping education | Amazon Web Services  Amazon Web Services,https://news.google.com/rss/articles/CBMisgFBVV95cUxNMXB3ZnRKazhROEM2VmMtZllFdk9CSjRtOWJESjhPSy12R2RqWlY1akt6T1VrRXpxS0V3OURoVWs3SUtxVHowSF9JSlFjVXZobXQtSXdXUlA4bnNJOVVGcldzYWZzeGdqQVBkaEF5YWVkcDl1WEw0VGlxVnJTMmFVa3UwWU43NHN0Wmdsazd0WnczSDhrVkltdzVTSnBZY1U5Tkl2TWZyajBqRjBycFV2VExn?oc=5&hl=en-IN&gl=IN&ceid=IN:en,"Mon, 21 Apr 2025 07:00:00 GMT",Amazon Web Services,news,artificial intelligence trends,0,0
news_848169405524624227,"Artificial intelligence and technological unemployment: Understanding trends, technology's adverse roles, and current mitigation guidelines - ScienceDirect.com","Artificial intelligence and technological unemployment: Understanding trends, technology's adverse roles, and current mitigation guidelines  ScienceDirect.com","Artificial intelligence and technological unemployment: Understanding trends, technology's adverse roles, and current mitigation guidelines  ScienceDirect.com",https://news.google.com/rss/articles/CBMidkFVX3lxTE8xdU1BV21KMDJkU0M5blMzSUszaGdLQkcySEpyaFpOU3RybXdOY0xCVDRpNUhLSVF0bEQ0NlNDbWRFbzRyTGRhUGhMSm50dFJvY1JJRHdQblp1OGMxT3NIMmhESERiXzhhbENLQnRiUTYyejBmZmc?oc=5&hl=en-IN&gl=IN&ceid=IN:en,"Thu, 31 Jul 2025 14:02:05 GMT",ScienceDirect.com,news,artificial intelligence trends,0,0
news_6515856107549692466,Top Trends to Watch at AI Events & Awards in 2025: From Generative AI to Responsible Tech - ET CIO,Top Trends to Watch at AI Events & Awards in 2025: From Generative AI to Responsible Tech  ET CIO,Top Trends to Watch at AI Events & Awards in 2025: From Generative AI to Responsible Tech  ET CIO,https://news.google.com/rss/articles/CBMi-gFBVV95cUxNcTNVVFM2ZUUxVU91a290bGJSM3FyZXAxRElYZHJUR3VMaDdjZUlsLUxKekdlX1VFUTJValZQUFBpS3NtcmQxV0p4TWJpd3ZwT3NUYklGMlhNVHNBYnRKcmpndW5UaVg1MlV4WE9zcXhSX0ZZckxSZ3p2X1lXb2JoQkFqTWdpVDRBVGZmX0tNR21oZ01Iek4yVVdhcVFqblh3NVQ0SlEtT1c4ZWRxNWtxdkxxYVZoeWVHNnhtX1Q5VkkxQUJQX2NRcTFPckw3OUR1WnE4cUxtNW0yUTlEZVpSVVdTa2Zqa2h4Y3VmWE83bkFGSVF4UjljbVZ30gH_AUFVX3lxTE5wQTZvUjYzQVJFc2hVQWtNaWNoTWxFQ2hLb3RTcll2aV94NnlUQjhtaW1YNEpSb3RNT3JNaWg0Vy1kcV9xamlZb0hJdTZfNkpZLWtpeVhfWTdXUTE3Y2JYSzV3c2NtcnB5SzhsNDh6eTFEUklNSThCdFJIUGVwOE5RVmlFeG0waEhYbWlqNUpNWHZDdXpFYVNZelgxcmtYb1RRUFFGc1hXVnRzdnZsdmdwOHFEQ05IdW5sbFB3anhDVjlkeXRxMHFwaGRwRnhmckdVTXN0M0NGZ1BrYXdMQ2pqcmVySnUzOXY5S2paS0kzTnhnLUI3NHU4VjBQZldzQQ?oc=5&hl=en-IN&gl=IN&ceid=IN:en,"Tue, 07 Oct 2025 11:13:18 GMT",ET CIO,news,artificial intelligence trends,0,0
news_8342497529267662217,"AI PC Market Industry Trends and Global Forecasts Report 2025-2035: Advanced GPUs, NPUs and Gaming Trends Drive Growth in Next-Generation Laptops and Consumer Electronics - ResearchAndMarkets.com - FinancialContent","AI PC Market Industry Trends and Global Forecasts Report 2025-2035: Advanced GPUs, NPUs and Gaming Trends Drive Growth in Next-Generation Laptops and Consumer Electronics - ResearchAndMarkets.com  FinancialContent","AI PC Market Industry Trends and Global Forecasts Report 2025-2035: Advanced GPUs, NPUs and Gaming Trends Drive Growth in Next-Generation Laptops and Consumer Electronics - ResearchAndMarkets.com  FinancialContent",https://news.google.com/rss/articles/CBMi9AJBVV95cUxPSkNaZ0o4Tnc2ZE5XTVBSZk5wX3hvclJkOFlvdVl0MDJUYVBQNm5oeGZMdUxibDRyQ01sRmhWSU01QVo4YnZRQ1k1SDJVMjRGcGZrQnF1c3A3cWlxV3QzRUEwa21fOUR6U2ZnY2Fac19wRFZsa0VQRUEteVE4czBvSFowT09CYjZ0N2JJZldwRk9aTzEzUjhxUkg4ZjVDV2NPNms0N2R1V2FiOWo5SHNTYVlnVlZaWm16by1iLVkwR1N5ek1keC1faFVjZXVzNXRhcnBFSEFSVVI3SWlHT3hpZUFScTI3XzhQSGlHSnlRVnRqcjluTHRCRWpmWEtISHozbmpfQ1hrLVpIOHlKa2lQMkstUjNsbmhpSVRvY3RrOC1ZMlgtLTlsNWtndHYyY1Y1LXdSRG9jUDA2U1U0dmNNTm9vT25OZXVFRENKTGNQcXZreUctTWwyOU5fZ3pDbnQ2U2xLWEdCTGNNOXZrajhlUmJRZzY?oc=5&hl=en-IN&gl=IN&ceid=IN:en,"Mon, 06 Oct 2025 17:33:00 GMT",FinancialContent,news,artificial intelligence trends,0,0
news_9136152245414135384,Call for Submissions: Emerging Trends in AI (ETA) Track - The Association for the Advancement of Artificial Intelligence,Call for Submissions: Emerging Trends in AI (ETA) Track  The Association for the Advancement of Artificial Intelligence,Call for Submissions: Emerging Trends in AI (ETA) Track  The Association for the Advancement of Artificial Intelligence,https://news.google.com/rss/articles/CBMiX0FVX3lxTE1MMDdqcy0za092V3Y3Y0pTZm0tYS0xbjd2a3VwNkMtNGVNNEVXSEdPaFlTZ2ZZZkN6TXkyQlFXX2lvNlo1U25XR1c2V2RFcEtZMGVqa1huaXl4NDNOcEdj?oc=5&hl=en-IN&gl=IN&ceid=IN:en,"Fri, 18 Jul 2025 07:00:00 GMT",The Association for the Advancement of Artificial Intelligence,news,artificial intelligence trends,0,0
news_6237381954027372319,How AI and other trends in technology are starting to supercharge the space industry - GeekWire,How AI and other trends in technology are starting to supercharge the space industry  GeekWire,How AI and other trends in technology are starting to supercharge the space industry  GeekWire,https://news.google.com/rss/articles/CBMifEFVX3lxTE14MzZZR3VQSXRDOW5oTVluN0VJV0hoUUE4YWVveUxKQ0x5b0xwcC1LUE5ud0dIazk1dFRTdWlYOXVpeHU3WnBNOS1FZWg3Zko3Z0JkRFVjQkdPTjcwRGJoVU5wdi1UWVZwaGx6UGZRYzVSZTJMakRQM0RSU2w?oc=5&hl=en-IN&gl=IN&ceid=IN:en,"Fri, 12 Sep 2025 07:00:00 GMT",GeekWire,news,artificial intelligence trends,0,0
news_2737487608430323958,"Advancing artificial intelligence in ocean and maritime engineering: Trends, progress, and future directions - ScienceDirect.com","Advancing artificial intelligence in ocean and maritime engineering: Trends, progress, and future directions  ScienceDirect.com","Advancing artificial intelligence in ocean and maritime engineering: Trends, progress, and future directions  ScienceDirect.com",https://news.google.com/rss/articles/CBMidkFVX3lxTE9URGY5b3BFdE1SX2hRb252UG5hYzhySlNEVWsyVi1mNGtyb3l5bWhxZUZCdzNTb191RjZWZEZIWW5xOTZUVldrNFpCdElzY2RXa1N3QlBWX2FUQkZpZWV5U0xQV2JIby0wT1A4Q0ZwY1BtSWhIcFE?oc=5&hl=en-IN&gl=IN&ceid=IN:en,"Tue, 08 Jul 2025 08:10:58 GMT",ScienceDirect.com,news,artificial intelligence trends,0,0
news_4380007039750973320,60 Growing AI Companies & Startups (2025) - Exploding Topics,60 Growing AI Companies & Startups (2025)  Exploding Topics,60 Growing AI Companies & Startups (2025)  Exploding Topics,https://news.google.com/rss/articles/CBMiV0FVX3lxTE9DbHdpVDRjd0VKTlV5cUxfVDB3NTg0WmZpU2V3a1pydkNIVVRmRnZ5dlh3eGlaekpvdmhaZ3NrSUM1SGdLRGRZSFBGVFhsdnUtQ3JKWktiNA?oc=5&hl=en-IN&gl=IN&ceid=IN:en,"Thu, 02 Oct 2025 07:00:00 GMT",Exploding Topics,news,artificial intelligence trends,0,0
news_2355680142165676497,The 2024 AI Index Report - Stanford HAI,The 2024 AI Index Report  Stanford HAI,The 2024 AI Index Report  Stanford HAI,https://news.google.com/rss/articles/CBMiZEFVX3lxTFBfc0xsbFFNM3FhbUhFR29SSlI0SG1BUE9rcjJEM1JBdUhVb0t4Z01EYkdBdy1yeUhGdjFxRE5hTnRVbUMtaG9ZNVJac2pjOFVmaXVTUFBzczJrQWZRRmJnVEFFVnQ?oc=5&hl=en-IN&gl=IN&ceid=IN:en,"Mon, 03 Mar 2025 15:45:37 GMT",Stanford HAI,news,artificial intelligence trends,0,0
news_3058735582006728986,"Your face, your data: The real risks of AI photo trends - Tech Observer Magazine","Your face, your data: The real risks of AI photo trends  Tech Observer Magazine","Your face, your data: The real risks of AI photo trends  Tech Observer Magazine",https://news.google.com/rss/articles/CBMinwFBVV95cUxOVWhMV0xtTEw1STBDcWZBQjVjVUFvLWhQeEQ0SVZ5Ni1SdHhqbHVUb05UOW51OFZ4M2lTLWFfTTE1MzB5U3lwN25IM0hxSDJXT1RxallfeFM2clU4MEhVdzFkS3d1U19rNFV4Ql9pZ1dENnVlNG1Ma1pubXNLbjFHRHlPbkhjMDFQWUtZZEVnN2NnN3hld3NvWFNuUll4LW_SAaQBQVVfeXFMTlB4YXFZNUtRUHpuV0d0MHFfbHdBbVlzTDVoZVBZbkpxNEkzNmpzeVdiSFR6WURqUlhMOERGZlU2anFsTVQ3QUkta185aFp2bzBtZm1oZnNHb1lHdG55OWs2TnhqSWoxVDlIbGZwRmFzRzFqWG9Kb2pzczNsV0hSbDJ4dENXZlFOSExyb3ZZVTc4V1ZfRWFydVhVNURXWGVZX0N2ZUs?oc=5&hl=en-IN&gl=IN&ceid=IN:en,"Tue, 07 Oct 2025 11:55:40 GMT",Tech Observer Magazine,news,artificial intelligence trends,0,0
news_3341948083959635702,Board Practices Quarterly—Future of tech: Artificial intelligence - Deloitte,Board Practices Quarterly—Future of tech: Artificial intelligence  Deloitte,Board Practices Quarterly—Future of tech: Artificial intelligence  Deloitte,https://news.google.com/rss/articles/CBMiwAFBVV95cUxONFNwUzQ1ZjdHRXpkWFp2QVpiYTZXdEVab1k5QXZwbVFnSFR6Mjc2S3JPUTJkOXk4ajZFY2N5Ul80M0s4MkYxZlNKbXBvTlRIYWR5VU5sYm9vdTNoVXZlb1lqTDNYNE9zMHRJeDNQOWJHVTBtLWpZdWZPb2RBVkdjSmlSbHA4eUZ0ajkwM0NWWHNDdVExcDlza0Z4ZkQwT3cwYkliUTd1VEVTYll5cFUwcDFSNlRraVFfZnQwaUNjY3I?oc=5&hl=en-IN&gl=IN&ceid=IN:en,"Wed, 18 Jun 2025 14:54:47 GMT",Deloitte,news,artificial intelligence trends,0,0
news_8373664926325405742,The future of AI in business - Esade,The future of AI in business  Esade,The future of AI in business  Esade,https://news.google.com/rss/articles/CBMibkFVX3lxTE9KRnNNYlZ3X25ISXBWNXlCajVBSm5ONGk3aGZnT1JDNzB0V3dodTV0aGNwSVhCenFWRWpUSXVDUkI1T2Z4aXo0VFlBU1lILUI1aW95WEk0MjUwMzAzZGl6ZHoxbUQ3WHZsUjM5Y2Z3?oc=5&hl=en-IN&gl=IN&ceid=IN:en,"Wed, 09 Apr 2025 07:00:00 GMT",Esade,news,artificial intelligence trends,0,0
news_4031317037881093373,The 2025 Hype Cycle for Artificial Intelligence Goes Beyond GenAI - Gartner,The 2025 Hype Cycle for Artificial Intelligence Goes Beyond GenAI  Gartner,The 2025 Hype Cycle for Artificial Intelligence Goes Beyond GenAI  Gartner,https://news.google.com/rss/articles/CBMif0FVX3lxTE4wdWkzZ255a2lwQ2RRTkFlLTNJdFZnMXJnUS1CRWpYMFdLZ3JvZFhraFd4QktkWVVyLXgtT1E0NHZia0hOQWFfUGlLalJtVGIwZHBqRUthY1ZzQnBuclFkNUxrWExZQjJyck5qOWszcjNpTzVaSGRISGtvVWVNZDg?oc=5&hl=en-IN&gl=IN&ceid=IN:en,"Tue, 08 Jul 2025 07:00:00 GMT",Gartner,news,artificial intelligence trends,0,0
news_2726238255252823455,2025 AI Trends Driving the Biggest Tech Transformations Today - eWeek,2025 AI Trends Driving the Biggest Tech Transformations Today  eWeek,2025 AI Trends Driving the Biggest Tech Transformations Today  eWeek,https://news.google.com/rss/articles/CBMiZ0FVX3lxTE9vMmhfQlg4UXBDLU9McDVpU1N3N3pqbEVYaE9ieHk3UHljNjl6dWktU2J0a3JhWFVLVmlRdGxMVnBDMk1nR01RbjR2YjNBTUxPSXF0RlA1dThua0J3elNuU3NHVWxYcG8?oc=5&hl=en-IN&gl=IN&ceid=IN:en,"Fri, 21 Feb 2025 08:00:00 GMT",eWeek,news,artificial intelligence trends,0,0
news_8439240555215064680,Three AI trends transforming the future of work - EY,Three AI trends transforming the future of work  EY,Three AI trends transforming the future of work  EY,https://news.google.com/rss/articles/CBMipgFBVV95cUxQa3NyejVZY1lJYmJEdUo0ZUduV3JFQzVEd3hVa2cyYWxjaTdRSF9xcmpldE83OUJlbGhpQ2JKZHlqSWlQcFJFMUlvN0ZXanVpOXNuRFUtZWJ2TnBRdVpCTlY4QmtPem1PcnZoTlgtNmx3R3pKWS1VMi0tTVRiY25nRE1sbGlCZkFfTE1yRlVybG5xNDFMaThGeS13MmpPRHZoMV9LSzVn?oc=5&hl=en-IN&gl=IN&ceid=IN:en,"Thu, 05 Jun 2025 06:34:23 GMT",EY,news,artificial intelligence trends,0,0
news_4443557309557505344,The Future of AI: How AI Is Changing the World - Built In,The Future of AI: How AI Is Changing the World  Built In,The Future of AI: How AI Is Changing the World  Built In,https://news.google.com/rss/articles/CBMif0FVX3lxTE1JYldram1YbUlFMkN2NER2WVh6UnJVbUE5bHZoMVR5MTRzb0lvMjdwampSemRTUDBuMFRpcnFYYVpRUEZXcF94eHBMNFJJSFBwSHY0YUV4a0o4dzhzUGNyYjh5SXNaMlhFcko1MlJNM3ZDWGxGR2RuSmZCcDVuRDA?oc=5&hl=en-IN&gl=IN&ceid=IN:en,"Wed, 20 Aug 2025 07:00:00 GMT",Built In,news,artificial intelligence trends,0,0
news_6285430469746132546,Top artificial intelligence trends defining 2025 • - contxto.com,Top artificial intelligence trends defining 2025 •  contxto.com,Top artificial intelligence trends defining 2025 •  contxto.com,https://news.google.com/rss/articles/CBMiiwFBVV95cUxOYm8wcE1MMlJlLWFYM3FXTHF5elk5SHhtUmE0THlVNjV3czdxcUVWZFo3Sm1uX2xHR3Y1WWY4TFRMaDZFX0szd09GWE0xQUhmQlAwSDl6NDdBR2RkT0FINy04N3Z0Wm1GaXlTOVFmdVFKZTFNZWNXeVV0d2NVRjlaMGQzV1VVTHRaM1A0?oc=5&hl=en-IN&gl=IN&ceid=IN:en,"Fri, 25 Jul 2025 07:00:00 GMT",contxto.com,news,artificial intelligence trends,0,0
news_6114073375564841084,29 Artificial Intelligence (AI) Statistics and Trends for 2025 - tech.co,29 Artificial Intelligence (AI) Statistics and Trends for 2025  tech.co,29 Artificial Intelligence (AI) Statistics and Trends for 2025  tech.co,https://news.google.com/rss/articles/CBMiWEFVX3lxTE1adTAwcUs3cjVtUnFHejB2dzcweXVjRmhmQXFGaEw2S05xN0pYOXpQWVIwdEtYTmJoS005YkpjVUtGdEd6YzJSRG9FdUdiQXJrTWtIZDZ6Y2g?oc=5&hl=en-IN&gl=IN&ceid=IN:en,"Mon, 10 Mar 2025 07:00:00 GMT",tech.co,news,artificial intelligence trends,0,0
news_1194491774688637859,Research trends in the application of artificial intelligence in nursing of chronic disease: a bibliometric and network visualization study - Frontiers,Research trends in the application of artificial intelligence in nursing of chronic disease: a bibliometric and network visualization study  Frontiers,Research trends in the application of artificial intelligence in nursing of chronic disease: a bibliometric and network visualization study  Frontiers,https://news.google.com/rss/articles/CBMilwFBVV95cUxQamUybG9YbWVvS2RzTDgxdkdLNEdGRHUtRFlMTDFFMFc2eTdWQVdrS25LMlNIM1EzVUk1dEVDcm1EQkZlMEQya3o3YXIzSmYtWlBmR043SmVtS2dVMmNycTF5SURSZWlLUlRIUmg2VG5lMUpQYXRrdlpsX0FlMWpjYVpGUlVHWVUtSFFZOHRPNmVUWmtFNlJn?oc=5&hl=en-IN&gl=IN&ceid=IN:en,"Tue, 17 Jun 2025 07:00:00 GMT",Frontiers,news,artificial intelligence trends,0,0
news_215268430923681463,Approaching AI Investing With a Bottom-Up Focus - ETF Trends,Approaching AI Investing With a Bottom-Up Focus  ETF Trends,Approaching AI Investing With a Bottom-Up Focus  ETF Trends,https://news.google.com/rss/articles/CBMinwFBVV95cUxPMXZ6OERtbGNiNGlaNEpZX1pDejlydFNYZVctaS1ScE5EenVHTzY5MTFyVUs0YUpycTh2aXJRejZPbm9YXy1VZkN6bjEydXM3UmJrYUphX0dHSUw0TTBubXRuZjlPR01yQVpQaXRMUVZSVDhnSmZaTkp3a3Iyc2RGOUtTU3BYRFM5bjFsdXFSYXJYUUJNVDdCcWY4cldFVXfSAaQBQVVfeXFMTVBlbTZPSUxTdEVkYWtxY2ZDaUFJdlZ6ajlOYVNMbE40NXJaSlBWVWVBT05GV3ZMMjRBX3gzemhkdXpuN1VvaDBwZlZMS29zLU9TVV8tXzZoUkI5cnVnaE9wZ2d5NkFGb251aFo4M29GZnpiclNqQTlGQlVhWmliOGtRSjU2V1R1WGYxblU2aF93RnlvdFhoQVNURVhnamhoUm1BNHQ?oc=5&hl=en-IN&gl=IN&ceid=IN:en,"Tue, 19 Aug 2025 07:00:00 GMT",ETF Trends,news,artificial intelligence trends,0,0
news_2055439989471414286,Artificial intelligence (AI) in restorative dentistry: current trends and future prospects - BMC Oral Health,Artificial intelligence (AI) in restorative dentistry: current trends and future prospects  BMC Oral Health,Artificial intelligence (AI) in restorative dentistry: current trends and future prospects  BMC Oral Health,https://news.google.com/rss/articles/CBMigAFBVV95cUxPa1FhZm5FbllhS1RRTU5JZzd5UldKZWtwV3RsdjVJQjYwNXBabWc1MW5Tc0JheXVyeXpkaWNqLWp1bmV2X1RzOUZZMHFlNlVQb29BelNWN3FyQ09rMGFvc1dPbER0NWo0RGxlRm5UbFZrMFAxQTB6bFFscG5CeUtLbg?oc=5&hl=en-IN&gl=IN&ceid=IN:en,"Fri, 18 Apr 2025 07:00:00 GMT",BMC Oral Health,news,artificial intelligence trends,0,0
news_8230010772751106549,Q1 2025 AI & ML VC Trends - PitchBook,Q1 2025 AI & ML VC Trends  PitchBook,Q1 2025 AI & ML VC Trends  PitchBook,https://news.google.com/rss/articles/CBMiakFVX3lxTE9hQmVJYWk3OWhfdHNTWkVTa1hsRWxLbjJXTGRVeGJ3UTN2R1g3WUNGNUk0TWlpRndlQi00U1o0cThERlhHV1N3M2hSeFRpWFFVcUJaOHk3SmdZSlRydWZWZTgtbS10eFdHOUE?oc=5&hl=en-IN&gl=IN&ceid=IN:en,"Wed, 09 Jul 2025 07:00:00 GMT",PitchBook,news,artificial intelligence trends,0,0
news_4435646760705888575,AI Index 2025: State of AI in 10 Charts - Stanford HAI,AI Index 2025: State of AI in 10 Charts  Stanford HAI,AI Index 2025: State of AI in 10 Charts  Stanford HAI,https://news.google.com/rss/articles/CBMid0FVX3lxTE9HTll1aFRIbkgzMzFTRG9MQWYxSS0xdGNtV1pvUHNHME80anEyZmlHMUtyU2xQRFNkdFlCTl9KWDd2dExYNWtvclExc3FQZ0Y5cThJYkV0R09NcGtld1QtWEJGLWppUTRZVHd1RnFiYTRyLURhWk1J?oc=5&hl=en-IN&gl=IN&ceid=IN:en,"Mon, 07 Apr 2025 07:00:00 GMT",Stanford HAI,news,artificial intelligence trends,0,0
news_3425810740873136198,"Artificial intelligence in ADHD: a global perspective on research hotspots, trends and clinical applications - Frontiers","Artificial intelligence in ADHD: a global perspective on research hotspots, trends and clinical applications  Frontiers","Artificial intelligence in ADHD: a global perspective on research hotspots, trends and clinical applications  Frontiers",https://news.google.com/rss/articles/CBMinAFBVV95cUxNMEt0b0dLWXJYUHZEMG8yM3laeTVVcHVCc2FLMzlMa0c4dzk0VjBJeXJucV9qYlVPYkRGMFk3T3JUMEt2NzlBYld3Zm5GRVRVaWwtTnlTTWdCMmR1MGFNaUplN3lBMFZqMFFSY0xPc29nbm5yQWYxNThHR3VGQ1BFa04xUTNGWE1sb2ZiS3kzaTdURTQ2TkVnM19tRms?oc=5&hl=en-IN&gl=IN&ceid=IN:en,"Wed, 09 Apr 2025 07:00:00 GMT",Frontiers,news,artificial intelligence trends,0,0
news_5914867001933498959,The state of AI: How organizations are rewiring to capture value - McKinsey & Company,The state of AI: How organizations are rewiring to capture value  McKinsey & Company,The state of AI: How organizations are rewiring to capture value  McKinsey & Company,https://news.google.com/rss/articles/CBMihgFBVV95cUxPVkNzT2lMcURPYXQxQmh0azdzbjVrNFktNzZFLTZacnFlR2xZYXczRnI4MHh2amsya2xOOEh1QURSbFUxU0ZUWGQ5WE5kVHJtbEFJb0NOdTNVUVhPeC1iVVJOZk1VbXpwLVBuYzVod0tMVmlYbVdzNjgwcF83MTVJTWNvVFRaZw?oc=5&hl=en-IN&gl=IN&ceid=IN:en,"Wed, 12 Mar 2025 07:00:00 GMT",McKinsey & Company,news,artificial intelligence trends,0,0
news_8956357528487235315,8 AI and machine learning trends to watch in 2025 - TechTarget,8 AI and machine learning trends to watch in 2025  TechTarget,8 AI and machine learning trends to watch in 2025  TechTarget,https://news.google.com/rss/articles/CBMijwFBVV95cUxPYm1jYVNtbl83OU9uVy1fY0F2bGxRTXBvaGR3bnJGZW85WjhCSU41bGNmVzAzY2Z4QTJFU3pfMDgzTGlSNEZseEQyR1ViSlozdTByX1VZdUF4MkdscFFRQ3NvNWJpNEt4RGlaZ0M0UWRJTV9FU0FoUUg4enptdzZfaFVrTmg1S3Vmb2Q1cHhBcw?oc=5&hl=en-IN&gl=IN&ceid=IN:en,"Fri, 03 Jan 2025 08:00:00 GMT",TechTarget,news,artificial intelligence trends,0,0
news_8356499977155905919,Artificial Intelligence In Health Care - Health Affairs,Artificial Intelligence In Health Care  Health Affairs,Artificial Intelligence In Health Care  Health Affairs,https://news.google.com/rss/articles/CBMibEFVX3lxTFBOWThlNzZrdTU0cWM4cWFsRXVzQnRLZ2I5c292bmNJam9SNjk1QjRBekZFdzhuaXd3NGFsQUE3Tmh2MWo0ZF80TVUzdGVCc21HblVuaVIzVjdoa3ZFaFdHQ0hsQzktcTVqbzdzZw?oc=5&hl=en-IN&gl=IN&ceid=IN:en,"Tue, 20 May 2025 07:00:00 GMT",Health Affairs,news,artificial intelligence trends,0,0
news_8131998003806314737,Artificial intelligence trends to watch in 2025: Regulation of AI - Dentons,Artificial intelligence trends to watch in 2025: Regulation of AI  Dentons,Artificial intelligence trends to watch in 2025: Regulation of AI  Dentons,https://news.google.com/rss/articles/CBMiowJBVV95cUxQSXY4S3BJSU9TSlh1TU43bHIwRGUwTjVNOUxGdEpCUFlLdEJ5Ty1WOFE0ZUNCSEFjY1hJc1BuTlE5WnJUV0haRWxjM2dlWnBjWDllQ01TSTB6TG5VQ2c2eDJXbFIxTVh6a1d0bzQ2OGFsb2t0dUF2WnZCVkNWYWFzMnVrUWs3QzZYVm15OXlBeW1rSnJyZ0FMTDJJZzRfWEZqWkhoXzNnWkwzVmVFcXh5cU1JUXdxTVgyQ1o4dUI5TnhPbGdoR013clJwY2gzNTFRTHVLLXBKMUJYeWJaYzVNbmlkemtiZV80ZHZPa3Fld2U3aG82ZlNUM2NfRzRIUDdheDhSLTRQUUs0WklZZFVtY1g2NHk3OHNmcUJoZkd0UFBxMG8?oc=5&hl=en-IN&gl=IN&ceid=IN:en,"Tue, 04 Feb 2025 08:00:00 GMT",Dentons,news,artificial intelligence trends,0,0
news_6902925828823638394,"AI Trends in Dermatology: Talking With David Cotter, MD, PhD at DERM 2025 - Dermatology Times","AI Trends in Dermatology: Talking With David Cotter, MD, PhD at DERM 2025  Dermatology Times","AI Trends in Dermatology: Talking With David Cotter, MD, PhD at DERM 2025  Dermatology Times",https://news.google.com/rss/articles/CBMirAFBVV95cUxPeEl2c3NBNWp4WXR4cmd3S3otU0pzbmRTV1VKeDRaUGhXdGw5M0FETVd5cFpVVWRCV1dmSEZ1Y1VJeWptVXViT01US1ByRzVaOVBfZlpJV2RiRDBTUTN3TVl5WENWRHZwcG1nX2paWkFzdUMtZnA5cHloeUpTVFZCcGRLdzh5M181ZFdtVHNjZEY2LTJOVkctNm1sZmloMGoyYkJKVE1hR0M1SllK?oc=5&hl=en-IN&gl=IN&ceid=IN:en,"Sun, 27 Jul 2025 07:00:00 GMT",Dermatology Times,news,artificial intelligence trends,0,0
news_3631754109823236253,Artificial Intelligence: 5 Trends for 2025 - Porsche Newsroom,Artificial Intelligence: 5 Trends for 2025  Porsche Newsroom,Artificial Intelligence: 5 Trends for 2025  Porsche Newsroom,https://news.google.com/rss/articles/CBMirwFBVV95cUxPcnUwcWxKZG9wM3kyNGF1QlR5RTNncTdpZUI5ZkY0bWVLQ3dPWjZBang0S2RPbkdSN18wbHFhY2VmRU5ybHhiZVNoVGlPOW5WSGNDVVRFS2JiNnRiejBYWXc5bjBhMGxPX1RmSER1eVcxOUpBRTlBZU0yeU43cjRxQlc3bmVHWDBkOVBIdk9NZi1zeXBibHZFb240TFlzWGpfVFhDTTNiVFR5WnlSTG5B?oc=5&hl=en-IN&gl=IN&ceid=IN:en,"Mon, 16 Dec 2024 08:00:00 GMT",Porsche Newsroom,news,artificial intelligence trends,0,0
news_968493304643842918,$5.26 Tn Artificial Intelligence (AI) Market Trends and - GlobeNewswire,$5.26 Tn Artificial Intelligence (AI) Market Trends and  GlobeNewswire,$5.26 Tn Artificial Intelligence (AI) Market Trends and  GlobeNewswire,https://news.google.com/rss/articles/CBMizwJBVV95cUxOTFNSMUw4SlNPNFh2cXZFUlBEdXpWUGpWLVNHN3R0S3ZIRnltc2dybU56d1ZDUnVPdi13NWZYbTV6UUdhbmhWcG1xV2o1bFZ5T1JEcnpNNXdLdkQ0LTFCRHJkV3N2OHppNng5anVlYUc1b3FoLVpGMVQwamVObkFvNUhSa1c4T25DYTdoRnNxbUZuY05Ob2pZRTZSekZUc3dNNTEyNUxfU01CcnhEck5NMlBleVJHSnFBS0RsQjdBUDlMWFZtZTZ3UUZlVlNMQ2EzcmY0bXQwYjVEWERYRENNdzlYQzhfWVA2SlR5N2g2WUpLbW8wcDF2bWNXUGktU3diTDVLNXE1T3gyeFVMMU5vbjVCUk5PSWNIV3JHcnQ5OHhUbHVsamRabTFNM3l3NkJIVFBibVk5SkU2SFFOdWFad2U0dHluc3hnWTVOQjhjUQ?oc=5&hl=en-IN&gl=IN&ceid=IN:en,"Mon, 16 Jun 2025 07:00:00 GMT",GlobeNewswire,news,artificial intelligence trends,0,0
news_408509097490103525,Is AI closing the door on entry-level job opportunities? - The World Economic Forum,Is AI closing the door on entry-level job opportunities?  The World Economic Forum,Is AI closing the door on entry-level job opportunities?  The World Economic Forum,https://news.google.com/rss/articles/CBMif0FVX3lxTE1QUDVpMVBKSUpLazhUbTk3RW5XVHNVTURpYmxDQnB3by1IRDdtNDlyZ001Skdid1R5TDZTMl8wM3k4UVRCX3ZjbEJ2VXBXN0lZLWJOR0VST1ZYZDdUeFYwOERSX3QwaDVPQWN0LUd4R0kyeU5zQmlxRWptM2k1Q1k?oc=5&hl=en-IN&gl=IN&ceid=IN:en,"Wed, 30 Apr 2025 07:00:00 GMT",The World Economic Forum,news,artificial intelligence trends,0,0
news_2285270194587904469,Application of artificial intelligence in palliative care: a bibliometric analysis of research hotspots and trends - Frontiers,Application of artificial intelligence in palliative care: a bibliometric analysis of research hotspots and trends  Frontiers,Application of artificial intelligence in palliative care: a bibliometric analysis of research hotspots and trends  Frontiers,https://news.google.com/rss/articles/CBMijgFBVV95cUxQUFhrN3BTdmlxWHpPaXlVellUY0huNzdjVktMbnVhTXc1bGFWZGNzM05IX1VZMXdyN3Z3YW4xdFh6ZzhyWVFYTGNHNGJzM0pDcXliNC01MWxmTzdpU0RFUmkxcFpud1o5NTZvZm5SQ2NzOG1KaHRvNHlEWVp2WjlobDRrTGFjMW5tTTJOQlV3?oc=5&hl=en-IN&gl=IN&ceid=IN:en,"Tue, 20 May 2025 07:00:00 GMT",Frontiers,news,artificial intelligence trends,0,0
news_335092060504446555,Advantages and Disadvantages of AI: Key Pros and Cons - Simplilearn.com,Advantages and Disadvantages of AI: Key Pros and Cons  Simplilearn.com,Advantages and Disadvantages of AI: Key Pros and Cons  Simplilearn.com,https://news.google.com/rss/articles/CBMilgFBVV95cUxPYXBHSmRpekl4bzhJWTU3ZmNydDEwU2hteGVSeDhETFVLMklkVFZTZEFid2ZQRXozaXhCS0tyQWZhdWNvTXNRVld6aVZzMmZRSnU3dXN1NEh6M3diVkNpLVhVQTZzb0NReDZMakp3amI5dnVOOF8wa3NNNzNUZnR0bnBGUXdEcmFDbUlaeDFqTDNVa04yRHc?oc=5&hl=en-IN&gl=IN&ceid=IN:en,"Mon, 22 Sep 2025 07:00:00 GMT",Simplilearn.com,news,artificial intelligence trends,0,0
news_5693977045213608095,How AI is influencing data center trends in 2025 - cio.com,How AI is influencing data center trends in 2025  cio.com,How AI is influencing data center trends in 2025  cio.com,https://news.google.com/rss/articles/CBMikwFBVV95cUxPMmZmSmJGUGRsZzQ3MDE5eHFzMEgzSjlObFZqUHcySk1jVGFaNHN2OEd1cUhQb3VuWGlLck52Z2JJTlh2anlfeUtqTWRvN1pWNFBzcHNMY1VYX1Y0enJNRVJJQ2w3VUJXMFk2S2ZqaDdZMkZrRGtSZlN1dmxtbGpSNEc1RUROYjg3aUZIencwYzI4R2s?oc=5&hl=en-IN&gl=IN&ceid=IN:en,"Tue, 01 Jul 2025 18:08:13 GMT",cio.com,news,artificial intelligence trends,0,0
news_5659438794318687169,(PDF) Analysis of Worldwide Research Trends on the Impact of Artificial Intelligence in Education - researchgate.net,(PDF) Analysis of Worldwide Research Trends on the Impact of Artificial Intelligence in Education  researchgate.net,(PDF) Analysis of Worldwide Research Trends on the Impact of Artificial Intelligence in Education  researchgate.net,https://news.google.com/rss/articles/CBMi2gFBVV95cUxQd3pSQ3RqbUYzNmlYOVNLZldYd0lIOXFwYTN0amo4dUh2Z1pEeUowcGQwRFpEQjZTRHJsM0R1M2pSVjJKUzR1ZzlGUWpxZkVsQ0t0dzNwaWpWNWdWYkV2T3VzZGktSTU5SlVaWjFqUnJjdmtOT1Z3MTFxWDR2aU82a1RIc05kczBmaEpzdTk5MlB3ajZWNjFSLTVhUkZaLU5WVUI0d2E3TUR5NUV2WWo1cXAxWlFxRlZ2R2lPdkF0cUpBT1ZjNzNEc1VFWUFsMEFSS3BRZVA3UElRZw?oc=5&hl=en-IN&gl=IN&ceid=IN:en,"Wed, 23 Apr 2025 07:00:00 GMT",researchgate.net,news,artificial intelligence trends,0,0
news_1333509239116235725,"AI and Gen Z trends to shape PayPal’s future payment strategy, says CEO Alex Chriss - CNBC TV18","AI and Gen Z trends to shape PayPal’s future payment strategy, says CEO Alex Chriss  CNBC TV18","AI and Gen Z trends to shape PayPal’s future payment strategy, says CEO Alex Chriss  CNBC TV18",https://news.google.com/rss/articles/CBMirgFBVV95cUxPWDZSQTlpZkdjWmdqYlRaUXZlYVdXRUhTTjZsU2gzSTdyb1VlQUZZckVKSzZHUWpYU3RXTkdkYjhsN19JZm5sYUxUZkNXRU1fTFowTDR6d3V0R3dWNF91MHc0a1hOaXhLNjRILVdscHNYOF9sSjJpWDgwRHlnVlQ0Y1lla3Jhd1pLNlpQcHp6M2NhVE9FY3pkZ1BVUVFGTjVLUjRDOEZJcnd0SEVLVEHSAbMBQVVfeXFMTmFsdWtVRTdSejU5T2tYMXh0Qk94bWdvdlJtZ01PQURtX1ZlR21DYnJTME4zT2NCSzEzcHVNWEJUQTNnUHQ1enF3TnNKcU5EalJFR0dKbjVKeGIxQ29ITTB5bnh1OU1vTDMxYWgwc3RFY3BfNkRPZWRKZHVoY3B4amJUN0NBb3UxRzgyOUZHNnFPQ0dUMjdpV3FWenBRM0NzZXVvQllxdE1tUm44NGdHMWYyY0E?oc=5&hl=en-IN&gl=IN&ceid=IN:en,"Tue, 07 Oct 2025 18:23:16 GMT",CNBC TV18,news,artificial intelligence trends,0,0
news_6834166850643470122,5 Macro Trends Shaping the Next Era of AI Innovation - Built In,5 Macro Trends Shaping the Next Era of AI Innovation  Built In,5 Macro Trends Shaping the Next Era of AI Innovation  Built In,https://news.google.com/rss/articles/CBMiekFVX3lxTFBGMjFmZm51VEVpSXZaVG5GczZTMlpIcm1wSDlRZTQzSXVQTVFad2pVM25KMWg5SW00Z3M2UGVBZlJ5T3lETjVjdFM2dzNtU2NLYkxiRGE3LUdVVHN6djYwS2pRaDczcVIyNUJHbktTREpSWUdvaXZSSl9n?oc=5&hl=en-IN&gl=IN&ceid=IN:en,"Fri, 20 Jun 2025 07:00:00 GMT",Built In,news,artificial intelligence trends,0,0
news_6083401675325940520,State of Generative AI in the Enterprise 2024 - Deloitte,State of Generative AI in the Enterprise 2024  Deloitte,State of Generative AI in the Enterprise 2024  Deloitte,https://news.google.com/rss/articles/CBMi0gFBVV95cUxObG9RRFJQVmJoRjFaUXlfeHhvVEtIckpHSUlOQU15UEVlX191SnNrWWNmWGw2SFU3R1N4SFoxdUlteGlhNW5PVUNqWnphN2xFTzAxM09jbVp4c2tGN3BHOE04R2pzVUt4VU5vWFVNYV8xRlBFZUM1V2pocnhHVy1QM2RRaDVQbnJIako3ZmM2YVlmUjJBZG9jZVliNDJtWHRrTDZtNUZPSXg0bnIxS2xVVlNoQlg2NEtmWjhNTzVlVHl1bGVQMkRxVU1KTVdRblN2ekE?oc=5&hl=en-IN&gl=IN&ceid=IN:en,"Wed, 18 Jun 2025 13:16:45 GMT",Deloitte,news,artificial intelligence trends,0,0
news_3544222349973753649,An Overview of 2025 AI Trends in Healthcare - HealthTech Magazine,An Overview of 2025 AI Trends in Healthcare  HealthTech Magazine,An Overview of 2025 AI Trends in Healthcare  HealthTech Magazine,https://news.google.com/rss/articles/CBMiiAFBVV95cUxNUGRMWXUtUDJlV25PQVg5WjhZN1plOHNVbk12WmNhRm1NNVYxV3hJeEoxNFlSOC1JQ2R3bnFDeXNfQWpFbjh0NnlpR01RSmJKV0FnekVGRXF4VW1fSEl4TUtHY05lQ3R5OW9hYTZweThoUTZkSE4tMnFjRWdla3ZqR1BGXzFwRGk1?oc=5&hl=en-IN&gl=IN&ceid=IN:en,"Mon, 06 Jan 2025 08:00:00 GMT",HealthTech Magazine,news,artificial intelligence trends,0,0
news_7417680527844258272,AI Pulse: Top AI Trends from 2024 - A Look Back - www.trendmicro.com,AI Pulse: Top AI Trends from 2024 - A Look Back  www.trendmicro.com,AI Pulse: Top AI Trends from 2024 - A Look Back  www.trendmicro.com,https://news.google.com/rss/articles/CBMiigFBVV95cUxOUEJkRzB2Zkh6dGR2dWdKMW56VFI3ZGdjc196U0lZWHpYZWpiaGh2WkoxaS1sMklmUnJzaUtwakJMaFNjcVpVbGlVUUdUOURLXzJ2czNVRzV2UlY4azI1ekdsS0FyMDJPeExDeWUxYnZLa0hockV3LUtrWDRKZTMxNDVDQ3Y2ZW1VLUE?oc=5&hl=en-IN&gl=IN&ceid=IN:en,"Fri, 03 Jan 2025 08:00:00 GMT",www.trendmicro.com,news,artificial intelligence trends,0,0
news_2326292656467343614,AI Trends in the Food and Beverage Industry - Innova Market Insights,AI Trends in the Food and Beverage Industry  Innova Market Insights,AI Trends in the Food and Beverage Industry  Innova Market Insights,https://news.google.com/rss/articles/CBMikgFBVV95cUxQTkpVeXhzWkhSc1VDcDJKRmpsdDdpVG5MMmdZSVVoN2xzWmFqbk9SenU2X194Y1ZoUnBEZkQ1QnM4NXBGMUNmRU9GQnVZRUdUc2RDbDA5blFpcVVLVzV1S2ZpUkpHMEtWd2N3MkVhNUZDblNtNDdQc2pSYXdRY2dldnd4QjZxeUtfQzZzTTFpSHRGUQ?oc=5&hl=en-IN&gl=IN&ceid=IN:en,"Wed, 14 May 2025 07:04:55 GMT",Innova Market Insights,news,artificial intelligence trends,0,0
news_895622573142008785,Artificial intelligence is impacting the field - American Psychological Association (APA),Artificial intelligence is impacting the field  American Psychological Association (APA),Artificial intelligence is impacting the field  American Psychological Association (APA),https://news.google.com/rss/articles/CBMijwFBVV95cUxOV3pWa0xaWmFNMHdDVmsyX2hoWUNSQ3FHZFotb0RGUFRlMHNoM18xUzg1clBQZW9tdnVQS0FZMGRYb1N1Z2RkUHFMczAtMERuUWlGalh3Qk1lUEZkSGdzN19OdmdEbjNHM0RjaWh3dHJ0TGFCZDZ4RC1id1JfbmVmMXdoR0pZSlpqOC1LRDlUQQ?oc=5&hl=en-IN&gl=IN&ceid=IN:en,"Wed, 01 Jan 2025 08:00:00 GMT",American Psychological Association (APA),news,artificial intelligence trends,0,0
news_8085535633710053588,"AI, digital sovereignty, cybersecurity, health: four key trends at VIVA Technology 2025 - group.bnpparibas","AI, digital sovereignty, cybersecurity, health: four key trends at VIVA Technology 2025  group.bnpparibas","AI, digital sovereignty, cybersecurity, health: four key trends at VIVA Technology 2025  group.bnpparibas",https://news.google.com/rss/articles/CBMitwFBVV95cUxPRUp1d1o3RE1WZVlua3J3RjZwVXBBM2dSUFpHc2FneDVCcFZhQ1BCSVJreDBiRjhLWGR2cmR5bFZkazBSdXN2UllRQ1gyMXR2bHRLWmc4aDNCMUZjS3R5OHh1YWRiUG5OTWMxWGJ6aUVqWlhReW1LUWR6NEk2UjdsQlhtNWlvRFNWVWMwSThNS0MzNFhsZVZKbkI4ZzIzS0F0MFhMelkzMjZ3UTZQM3lxRkp6Z3dNeG8?oc=5&hl=en-IN&gl=IN&ceid=IN:en,"Tue, 24 Jun 2025 07:00:00 GMT",group.bnpparibas,news,artificial intelligence trends,0,0
news_1519177973052231152,RSM Middle Market AI Survey 2025 - RSM,RSM Middle Market AI Survey 2025  RSM,RSM Middle Market AI Survey 2025  RSM,https://news.google.com/rss/articles/CBMinAFBVV95cUxPRlFhQUgteXM1d0FObEs2NFU4TE1kTHZxRWFoNklob0hWbWdsTXQzbllhWlg5NWpESlZXTFU0ckJxcmdPZ3UxcFg2QXE5aHRMdGVPRWcza3Z1dzNaYWx5TGttNWx1TlZnSWdObUlUNkNDNFBwMWV6aG04bEdHOFcyN3YxS1N3Rlg2QlhrTjFBZmJOTVVqeEVEQ0dxS3E?oc=5&hl=en-IN&gl=IN&ceid=IN:en,"Wed, 11 Jun 2025 07:00:00 GMT",RSM,news,artificial intelligence trends,0,0
news_4155448087283123141,How Will AI Affect the Global Workforce? - Goldman Sachs,How Will AI Affect the Global Workforce?  Goldman Sachs,How Will AI Affect the Global Workforce?  Goldman Sachs,https://news.google.com/rss/articles/CBMijwFBVV95cUxOb2Rfb2xnLTVxOWswZlNmaXlkQ3h2YWxSTHNYb3NVRnBOVjVQS3FtbHlLZTB6X18wZklUUkxvVWlEMVYybFp5RkN3SXZkdktadUlKMzRoYVE3UE1uczNPdTN6TlpOWDVEVWVWTkZheXoxR1Vtdm9wZFQ5c3ZURGJiR0JfS1RRWHl1cW1STlJVZw?oc=5&hl=en-IN&gl=IN&ceid=IN:en,"Wed, 13 Aug 2025 07:00:00 GMT",Goldman Sachs,news,artificial intelligence trends,0,0
news_8437578924399311965,Securely Analyzing Qualitative Data With Artificial Intelligence - Child Trends,Securely Analyzing Qualitative Data With Artificial Intelligence  Child Trends,Securely Analyzing Qualitative Data With Artificial Intelligence  Child Trends,https://news.google.com/rss/articles/CBMiogFBVV95cUxPSFlWYlY0Sld3cVI3ZTY2YVdSY2Rjc2ExS3pfYzZmdGdXRENucTlCMmxrWl9ORmh3OXYwWWFucmo3em9saERHOUtuSGo0NUxKaEJaX0JJbU5nSWQ5dUdtWG5QaEpjUjlobm5QaHN1TDZqZ3dwVjhQMDVhYTMtbmx1SGV5UFlwdUJJQXAwSjViNjItbmtSYy1pY1otLXFRWGFWTFE?oc=5&hl=en-IN&gl=IN&ceid=IN:en,"Thu, 23 Jan 2025 08:00:00 GMT",Child Trends,news,artificial intelligence trends,0,0
news_7473867728120950758,How Small Businesses Can Benefit From Artificial Intelligence - Workday Blog,How Small Businesses Can Benefit From Artificial Intelligence  Workday Blog,How Small Businesses Can Benefit From Artificial Intelligence  Workday Blog,https://news.google.com/rss/articles/CBMingFBVV95cUxNOEp5Sm9RSFFqYzVxalBMdUREdld5bkRkZF80RHZ4eDFjZTJ1UGVBSTJKd1VBSTVOdVd2TFUtWmhrc1h5TkxPRkxtLS1sQmNIVU8wMU43TlBKYThxLU9jd0V3ZFY5V1VqS3NwWFY5S1ViUjZpbkVOR21QMDJuTGh5VDBDWGZSVlNPSTNmWXNRUnZSczE1WTZsMmMyb3hFdw?oc=5&hl=en-IN&gl=IN&ceid=IN:en,"Mon, 28 Apr 2025 07:00:00 GMT",Workday Blog,news,artificial intelligence trends,0,0
news_5726113318560508657,7 ways AI is transforming healthcare - The World Economic Forum,7 ways AI is transforming healthcare  The World Economic Forum,7 ways AI is transforming healthcare  The World Economic Forum,https://news.google.com/rss/articles/CBMiekFVX3lxTFBlZ0NJWmozWnBaTTNmUHFmVFM5OVFCY2Q1bWdqSWpsWVk2OVBKRDdZdHhzc0lMbE5WNHJWcXRXTlhvbFYzSHV6Y3ZScXRZcDQ0WktOYlV2S0tHNEVVRVN1OHI4SWtQUGRMWGRjb0VEVjdBZ19HZUExUzZB?oc=5&hl=en-IN&gl=IN&ceid=IN:en,"Wed, 13 Aug 2025 07:00:00 GMT",The World Economic Forum,news,artificial intelligence trends,0,0
news_9084297601387795330,"AI in Hospitality: Opportunities, Fears, and Trends (2025) - Exploding Topics","AI in Hospitality: Opportunities, Fears, and Trends (2025)  Exploding Topics","AI in Hospitality: Opportunities, Fears, and Trends (2025)  Exploding Topics",https://news.google.com/rss/articles/CBMiZEFVX3lxTFBvM09oSVp5YUdRSFk0SUJjVDNvWTlBNWprWnhNQW5kcmU2WlFpTFFySmg3WS1uWFZrWkYtLXZrMGZyZkRGU3JKRkVmUkZTZXI2OVIyVHhsNEZsLWFpalJkcGRBU1c?oc=5&hl=en-IN&gl=IN&ceid=IN:en,"Tue, 26 Aug 2025 07:00:00 GMT",Exploding Topics,news,artificial intelligence trends,0,0
news_3441274934096747878,Artificial Intelligence: Real Estate Revolution or Evolution? - JLL,Artificial Intelligence: Real Estate Revolution or Evolution?  JLL,Artificial Intelligence: Real Estate Revolution or Evolution?  JLL,https://news.google.com/rss/articles/CBMimwFBVV95cUxOZExnYkY3LXBBa1I4ejNCcGVGQlJDZE5aNjA2Y1BqQ05wa2cwUXJKSXBJOTRiaDA4XzVyT1lMdmg1NnE4UHpkNW5DbC1NbEV3REJuTmlpeWN2YVVKcFhOd2lVSDdpRUVuNElqbTNsYUFrQ2w2SGlkRHRLZ3hOVGtCYUR4WWNNTE4xVkU3UEVXZ2FNWjZwdGtIQjJoYw?oc=5&hl=en-IN&gl=IN&ceid=IN:en,"Sat, 29 Mar 2025 07:04:59 GMT",JLL,news,artificial intelligence trends,0,0
news_6199771526897888314,Artificial intelligence and machine learning in mechanical engineering: Current trends and future prospects - ScienceDirect.com,Artificial intelligence and machine learning in mechanical engineering: Current trends and future prospects  ScienceDirect.com,Artificial intelligence and machine learning in mechanical engineering: Current trends and future prospects  ScienceDirect.com,https://news.google.com/rss/articles/CBMidkFVX3lxTE82NEhtT1FXMnFyaF83TFNIa2dfVnMwSmZZci04dmZyakRNYXhUMERvaXRZVUpnNnl5cGRndDEzVHhTekNBUFVpQzlLbEg5eUVzZ3RXN1ZoRVdXQk9YZXZGbzZIazdpYjkxNlJVUWNJeGZvdUlFMnc?oc=5&hl=en-IN&gl=IN&ceid=IN:en,"Sat, 11 Jan 2025 08:12:55 GMT",ScienceDirect.com,news,artificial intelligence trends,0,0
news_7326256221192809584,Top 8 AI Trends In 2024 - Exploding Topics,Top 8 AI Trends In 2024  Exploding Topics,Top 8 AI Trends In 2024  Exploding Topics,https://news.google.com/rss/articles/CBMiVEFVX3lxTFA5OXZ1aEFjUkU3WEVhaUowQmV4eExmMFdkZV9jdEpMNUVQUllyMTh6Y3R5eS11MncwdTFFVVVXTzA2R043LUNfNC1PWjYxZWdtanhrUA?oc=5&hl=en-IN&gl=IN&ceid=IN:en,"Mon, 23 Jun 2025 07:00:00 GMT",Exploding Topics,news,artificial intelligence trends,0,0
news_8333464153500395759,The Rise of AI in Construction - Autodesk,The Rise of AI in Construction  Autodesk,The Rise of AI in Construction  Autodesk,https://news.google.com/rss/articles/CBMibEFVX3lxTFBkQTZESlZuaVdpNHpib0RlaFZ2UTN0ZWV5QmpLLVl3anhPTlFObVM2X2g0dHFSWGV4ZUNnc1JvUEJkRmJrWEdiMFlZN214aVdTMVhrbTJka1hPS3Z5NE5CS0djdXZSMmdhN3pDdw?oc=5&hl=en-IN&gl=IN&ceid=IN:en,"Fri, 05 Sep 2025 07:00:00 GMT",Autodesk,news,artificial intelligence trends,0,0
news_3528636564788655121,Generative AI in healthcare: Current trends and future outlook - McKinsey & Company,Generative AI in healthcare: Current trends and future outlook  McKinsey & Company,Generative AI in healthcare: Current trends and future outlook  McKinsey & Company,https://news.google.com/rss/articles/CBMivgFBVV95cUxPNUE3VTE0S0ZIU3VTUVVnbEtvMnhCQ1VjUldvWUZTQTNRU0ZjYUMyQ2ltOG9RbXpOME1QNDliRWhkTWItb1RwV1U2LXVVdHZwRFFmWDJhdFVrYmJxUFRSU2tMS0ZVRzB3U1RZLU4wV0NYM2JlS3hjVWNLdFBRX0I0aWJIdWRWc19SSjBCSFZUY1c1ZTAyckZqc2ozSjUzUWxHUlFkdlRCZzBqUzNFek1ZS3pNOXdBdVhQc2ZkQm9R?oc=5&hl=en-IN&gl=IN&ceid=IN:en,"Wed, 26 Mar 2025 07:00:00 GMT",McKinsey & Company,news,artificial intelligence trends,0,0
news_4326923846273596453,The 9 AI Trends I'm Most Excited About Right Now - PCMag,The 9 AI Trends I'm Most Excited About Right Now  PCMag,The 9 AI Trends I'm Most Excited About Right Now  PCMag,https://news.google.com/rss/articles/CBMiYkFVX3lxTFB5cWQ4TFpuNFh6bU5WTDJHQW16RzAyQjhydHhrNURiekg5QmpZMmlUSEh2SFU3azdpMDN1N3FZVG53RWdjRWl2dy1FOElPTkd1SHpQb3FQOHFNN0pQNWVOYVNB?oc=5&hl=en-IN&gl=IN&ceid=IN:en,"Thu, 01 May 2025 07:00:00 GMT",PCMag,news,artificial intelligence trends,0,0
news_8266852439415954219,"AI everywhere: Like magic, but with algorithms - Deloitte","AI everywhere: Like magic, but with algorithms  Deloitte","AI everywhere: Like magic, but with algorithms  Deloitte",https://news.google.com/rss/articles/CBMirgFBVV95cUxPdVE5QmJWT1F3OVZKRzNTcVVJLWhpcFRmVWEycXFhUWRPZlN4OWkwQVdVZVozNVhmZEtYd2N2NnJCVlVFTWhBSWliNzhHb0FMOHRWVTMwbFljUDhwR3QyUFNrTF9Ybk9sc1JiUXNrdmlwa1NtR3VFeTZHeE1lV3NOQXhiNld3TllqTXdkMl9fVEEyZHZiaWMxSGdyMXE4VEdCallfMUhOY2t0WkNkcnc?oc=5&hl=en-IN&gl=IN&ceid=IN:en,"Wed, 11 Dec 2024 08:00:00 GMT",Deloitte,news,artificial intelligence trends,0,0
news_5817661002570464134,(PDF) Artificial intelligence in music: recent trends and challenges - researchgate.net,(PDF) Artificial intelligence in music: recent trends and challenges  researchgate.net,(PDF) Artificial intelligence in music: recent trends and challenges  researchgate.net,https://news.google.com/rss/articles/CBMisgFBVV95cUxPTTdpS2xOSWZwQmlUZmRFcDNER1ZwajBMME1ncTNwSVpXdnFYUkRhckliYTVMWUYzYzlWbFpaa0EyZVRTUmotUll0R2JqR0plNi13clpwQVNNRS1fRG5hQnZ4OWFoMGJvclJNYjdBX2ktSDZ2dUZGeEdxaDRtZUx6MUZ2bjBUMVRJMGdiMEFlZ3pXOHJWMGxCTVg3a0RTWGYtT19tUkVFVUYzdWtaakVNRENR?oc=5&hl=en-IN&gl=IN&ceid=IN:en,"Mon, 04 Aug 2025 07:00:00 GMT",researchgate.net,news,artificial intelligence trends,0,0
news_5105383716239353509,Global research trends on artificial intelligence in psychological interventions for stroke survivors: a bibliometric and visualized analysis (2000–2024) - Frontiers,Global research trends on artificial intelligence in psychological interventions for stroke survivors: a bibliometric and visualized analysis (2000–2024)  Frontiers,Global research trends on artificial intelligence in psychological interventions for stroke survivors: a bibliometric and visualized analysis (2000–2024)  Frontiers,https://news.google.com/rss/articles/CBMikgFBVV95cUxOV193Q2NWSWpHMFg1M1J1ZFFONmplU18wazNodWdTREM5Mi1FZ3QyVm45WnpaRU1oZXd6emxjUUVyQmxZeGxjc1YtUzRnSHZoNjdETnhzYTVMS1doSG8ySnFFSWFBS1Awel9ILVEwOU5tbkh1Undlb2JJREo3amduX0ZNNVRKNEVBX2IzOXIyRGxhQQ?oc=5&hl=en-IN&gl=IN&ceid=IN:en,"Wed, 25 Jun 2025 07:00:00 GMT",Frontiers,news,artificial intelligence trends,0,0
news_7963881891491633452,Artificial Intelligence and Machine Learning Job Trends in 2025 - Simplilearn.com,Artificial Intelligence and Machine Learning Job Trends in 2025  Simplilearn.com,Artificial Intelligence and Machine Learning Job Trends in 2025  Simplilearn.com,https://news.google.com/rss/articles/CBMihAFBVV95cUxNZDhXUW4yS21pQTN3YzhuZVFzMnVLMDhFeDlvZHBSVzJPVGtaaWxCMGVhWjltMU95V1VCdWt0aC1rZnhJdmJXRGVRZ0Z6OE9od0t2bjJSSG0zcVJiX2txZ0pGbDFYeU5NNEtxbDVNemFHS0J6RHp2aDh2Z2ExUGs2cE1maDk?oc=5&hl=en-IN&gl=IN&ceid=IN:en,"Sat, 06 Sep 2025 07:00:00 GMT",Simplilearn.com,news,artificial intelligence trends,0,0
news_10456520814227090,Walmart keeps up with trends using generative AI - Chain Store Age,Walmart keeps up with trends using generative AI  Chain Store Age,Walmart keeps up with trends using generative AI  Chain Store Age,https://news.google.com/rss/articles/CBMidEFVX3lxTE9ma0NLOWhyU1hwd0c2emIzNWoxZFpwMmd6djBqQ2JVODZiWXdjYUI1dHF0UzhmZ3FRQWFBZTZrc05LV1pSSUZ3RU1fYjJlQ3p0QmF0dkc3ZGF0SV9fekZlelhPQ1NkMEpBR0pqdzVUazBDMWJo?oc=5&hl=en-IN&gl=IN&ceid=IN:en,"Thu, 10 Apr 2025 07:00:00 GMT",Chain Store Age,news,artificial intelligence trends,0,0
news_243240624790474018,Artificial intelligence in agriculture: Unveiling trends in supply chain advancements - ScienceDirect.com,Artificial intelligence in agriculture: Unveiling trends in supply chain advancements  ScienceDirect.com,Artificial intelligence in agriculture: Unveiling trends in supply chain advancements  ScienceDirect.com,https://news.google.com/rss/articles/CBMidkFVX3lxTFB6WGtIbS1rLTJVNE9VcGdIYTJaRXl6VnhZNFY4SWcwaWpkVGlSVnlncG5HVUItWi04b1dPM2I5WEhQM1BBcUwzWlpkOHdHc2ZJdWhSWWMwTThHSjhDOUMtZ0ZVSUJGSTlYYTBhTXFEZXFINTllM2c?oc=5&hl=en-IN&gl=IN&ceid=IN:en,"Wed, 21 May 2025 18:38:02 GMT",ScienceDirect.com,news,artificial intelligence trends,0,0
news_6289398948534925928,The Future of AI in Construction - Trends and Innovations - Netguru,The Future of AI in Construction - Trends and Innovations  Netguru,The Future of AI in Construction - Trends and Innovations  Netguru,https://news.google.com/rss/articles/CBMiaEFVX3lxTE5ta19rb19PRDBhWEg5SjlVMnVtcm1IOG5IeHhzbGl4cm53VHphTXFGOWdPLV9EZVNmV0kzREhvSzVlb2JjR2dBczlUX0J2MGkzSWtIcUpmeUZYUS1wZ3JzZFdIcDBxa196?oc=5&hl=en-IN&gl=IN&ceid=IN:en,"Tue, 29 Apr 2025 07:00:00 GMT",Netguru,news,artificial intelligence trends,0,0
news_4662173030624268678,Testimony Before the House Judiciary Committee Regarding Artificial Intelligence Trends in Innovation and Competition - Information Technology and Innovation Foundation (ITIF),Testimony Before the House Judiciary Committee Regarding Artificial Intelligence Trends in Innovation and Competition  Information Technology and Innovation Foundation (ITIF),Testimony Before the House Judiciary Committee Regarding Artificial Intelligence Trends in Innovation and Competition  Information Technology and Innovation Foundation (ITIF),https://news.google.com/rss/articles/CBMiywFBVV95cUxNTjhLS1k5SEl4bGw3aXlPQ0JLMzNDdGpNNzlpMWx1eGV2UnFVTllkM0QyTEd0eXY3UV9VWTBIdlotR043UlF1Y1lEZmJuNVFQQVdiMmwzVnl2SXQtWUo5cE11M0RlTlpDelZHcEk1MXZwdU9lR28wQTQ0akUxQ0psS2dtMTFjRVBEUllGaWs5QU1jX0ppeWphSFpHbDF6MUItUUdrVmxkajN3OHNjN0lOcUxVdllGaUVkN1JQeEQybkxHTEZXT3ZnY1Jrbw?oc=5&hl=en-IN&gl=IN&ceid=IN:en,"Thu, 03 Apr 2025 07:00:00 GMT",Information Technology and Innovation Foundation (ITIF),news,artificial intelligence trends,0,0
news_1407455590024360274,$24b AirTrunk data centre deal shows AI trend turning to private markets - Investment Magazine,$24b AirTrunk data centre deal shows AI trend turning to private markets  Investment Magazine,$24b AirTrunk data centre deal shows AI trend turning to private markets  Investment Magazine,https://news.google.com/rss/articles/CBMiuAFBVV95cUxOVWNLczFidlRaMjRHd1RpQzZVMkNYUHRhdzNsWkgwb1JjbkwtQ1BrRUNiYUJYakR2RzludkluYkJ0UHJTOVFmTTNQT2pXZ1JOdTZrcW04V0Z6aWZ1dm9mYUFOempJbms2aEtPS2JrQm9PenZmRG81YTh4Y0d3aFdkY0N6enU0T3NWLUZPeFdCZzlUbW4wT0pnZVh3UG5WRTQ5UHRoVEJVN3piU3c3WFZfT0JrMmd4NllU?oc=5&hl=en-IN&gl=IN&ceid=IN:en,"Tue, 07 Oct 2025 04:30:33 GMT",Investment Magazine,news,artificial intelligence trends,0,0
news_4866927203237316514,Navigating AI Trends For Operational Success In 2026 - FutureIOT,Navigating AI Trends For Operational Success In 2026  FutureIOT,Navigating AI Trends For Operational Success In 2026  FutureIOT,https://news.google.com/rss/articles/CBMiggFBVV95cUxPaHdWLXVWdU5EUUQ5SktJaDhvMTZRdW8zcVc2ekVQWURNODZVMmJFYklQVWlYM3ZJeXFUX3FNTUF3YmJ4RXVXWk9FLUpCWmFEQjIzLXZBbUs4aEt1NGR3bzBZcjgyRExPVUpJNGlHZm5PQy1zaFRMZWtOUHZiRFVhQWhR?oc=5&hl=en-IN&gl=IN&ceid=IN:en,"Tue, 12 Aug 2025 07:00:00 GMT",FutureIOT,news,artificial intelligence trends,0,0
news_4258038621293188690,"Humanity May Reach Singularity Within Just 5 Years, Trend Shows - Popular Mechanics","Humanity May Reach Singularity Within Just 5 Years, Trend Shows  Popular Mechanics","Humanity May Reach Singularity Within Just 5 Years, Trend Shows  Popular Mechanics",https://news.google.com/rss/articles/CBMiogFBVV95cUxPY21QSmM2Q240akpDckVGZmhFR0tDWmJrQUlqTThGMUlkVTN2aVlvT3Z6d3BBejVsaF9qbVJWMVRrakRNRDU1M0hRQU5tTVUyOHYyY3pweVNVRWpFemFYZXI4VENoUWZ0QnhOSFpVQVRha0xjX2hIZG1hT3ZTX1oyZWxTZkhCUmtSS0JDUlA5N05jajhuaHVjeW5wRUgtUlE3dUE?oc=5&hl=en-IN&gl=IN&ceid=IN:en,"Thu, 31 Jul 2025 07:00:00 GMT",Popular Mechanics,news,artificial intelligence trends,0,0
news_3070175611702588384,AI Predictions: Top 12 Artificial Intelligence Trends for 2025 - DataDrivenInvestor,AI Predictions: Top 12 Artificial Intelligence Trends for 2025  DataDrivenInvestor,AI Predictions: Top 12 Artificial Intelligence Trends for 2025  DataDrivenInvestor,https://news.google.com/rss/articles/CBMisgFBVV95cUxQMkFtZ0dRQmsxQy1LWTREdlZ0SUFBZy04dUl5NzRua3lBbTBzcHZrb3l6clh3bGhPSGRVVThMM3ZDaEsxVzdWanplZ1JNc3YzMnA5dnpaNzFhUndRQjFQeHJOV0xrYzVWU1dvVDJvMnFqaFhOXzhtREFWanZ3eTNGclZmRElQUTU0dC1hUktqNHlmcThzejViZ29LenNXMEswc0xFUWhUN1BjdHJMRnZGQjZ3?oc=5&hl=en-IN&gl=IN&ceid=IN:en,"Wed, 08 Jan 2025 08:00:00 GMT",DataDrivenInvestor,news,artificial intelligence trends,0,0
news_1979040662440319670,States are Taking Action on Artificial Intelligence. It is a Trend That is Likely to Continue - Crowell & Moring LLP,States are Taking Action on Artificial Intelligence. It is a Trend That is Likely to Continue  Crowell & Moring LLP,States are Taking Action on Artificial Intelligence. It is a Trend That is Likely to Continue  Crowell & Moring LLP,https://news.google.com/rss/articles/CBMi2gFBVV95cUxNdU1YMFZEYlFicUdidGd4MVduNVc4MGV0b29nci02M0xRMlZndVVTV1RHaHhVR2ZKWG82SHZoaFV5aGJwLUVsMnZVbkMxM1E0dlE2M1FuNHN3Ty1MMzdwQnFBckFnWmFDaHlwcUgxU2tOWHM2UXQ3R1ZMWFVYWXhYMC1veXlwcEQ3aXZfLVFtTk1vRmFVeUZSMW9KRkhSc2gzUy1hZnlLUkQwcEpRY2VNQ1VDalQwbWM1b21aVHI4SVM4WkVrc2VtTThpeFJ4RVNsa2pXUmM4X01wdw?oc=5&hl=en-IN&gl=IN&ceid=IN:en,"Wed, 22 Jan 2025 08:00:00 GMT",Crowell & Moring LLP,news,artificial intelligence trends,0,0
news_7275946430725829850,Five AI trends to watch in 2025 - IT Pro,Five AI trends to watch in 2025  IT Pro,Five AI trends to watch in 2025  IT Pro,https://news.google.com/rss/articles/CBMikgFBVV95cUxPOGJNbGFjRGRKdEU4Q0p5QzJHTDhrbGVvVXhCZEhHbVR5RmJFdHYzaWU4OFBULWVISHhpU3h5c0lHMS1ocnFRX3JVTHhXUzFya19lY0k4cTJaOUVoWWI0YW05RWJVQmRPek9Ra2tWMl8tdzM4elJlc0lKdlFzUlp5bWtBdVJKMGNvdi1MVGMyYTNYZw?oc=5&hl=en-IN&gl=IN&ceid=IN:en,"Thu, 26 Dec 2024 08:00:00 GMT",IT Pro,news,artificial intelligence trends,0,0
news_204672693406222824,Big Data and Artificial Intelligence Market Report 2025: - GlobeNewswire,Big Data and Artificial Intelligence Market Report 2025:  GlobeNewswire,Big Data and Artificial Intelligence Market Report 2025:  GlobeNewswire,https://news.google.com/rss/articles/CBMinwJBVV95cUxPWUVyTm56MExtVTZwLWNyWWUwbHhPNWJhRUtxU2hGNGxJWlhmNTJZTXpPeEhLYmQ3clRLTnJoS0lZUHNTN3lzWkRUeGNKMWx5ZXJxb0ppUDFjNjdpWThUeUZtWU55eV9uU01RYllzOW1nOG1DbkZlMGRYWkdpbVo0UEc1cktESnVDM29taTFZNTdmcEE3M2dsODc0RldyQ1haa1hJYVFyaFY3RDRpdGN2MjJwZ1lnMHJEVUlySkRxUWxhbVd0em9aQ2hycXIwdndHS2daeVdVS0ZXQ2NFeHVXYnkzcDc1V00tZk1CNjdYamFoV1FEVWQ2YWtJV3VmeVpJWHdMWVhtbm0yRjRJTmJod2pjYnFyZmt0SldWa1J0RQ?oc=5&hl=en-IN&gl=IN&ceid=IN:en,"Tue, 02 Sep 2025 07:00:00 GMT",GlobeNewswire,news,artificial intelligence trends,0,0
news_8964682277570230276,Classrooms are adapting to the use of artificial intelligence - American Psychological Association (APA),Classrooms are adapting to the use of artificial intelligence  American Psychological Association (APA),Classrooms are adapting to the use of artificial intelligence  American Psychological Association (APA),https://news.google.com/rss/articles/CBMigwFBVV95cUxQUzBhaFdpY21HSWhQbkpGX25NaUhYdHRWVzZrZ2lVcU5ERFJKSVo0TC0wUzUwQzViYkVsOUk3bENGWDl3dlZ2ZTViUXlaZWlQUU5PUmRvb2QtTWdKcXduTndxYmRWeFRkc2ZJSWVRS2UzbE5LMXpXYXBJa1ZQeEgxVGgwQQ?oc=5&hl=en-IN&gl=IN&ceid=IN:en,"Wed, 01 Jan 2025 08:00:00 GMT",American Psychological Association (APA),news,artificial intelligence trends,0,0
news_4747916925137891781,"Growth Trends and Developments in the Artificial Intelligence (AI) Industry, 2025-2033 - Featuring Microsoft, IBM, Amazon, Baidu, Nvidia, Oracle, HPE, Intel, Salesforce, and Alphabet - GlobeNewswire","Growth Trends and Developments in the Artificial Intelligence (AI) Industry, 2025-2033 - Featuring Microsoft, IBM, Amazon, Baidu, Nvidia, Oracle, HPE, Intel, Salesforce, and Alphabet  GlobeNewswire","Growth Trends and Developments in the Artificial Intelligence (AI) Industry, 2025-2033 - Featuring Microsoft, IBM, Amazon, Baidu, Nvidia, Oracle, HPE, Intel, Salesforce, and Alphabet  GlobeNewswire",https://news.google.com/rss/articles/CBMi4gJBVV95cUxQYTZoVTlsblBBcHlINGxQY1VJYzZqSjV0QmhJWGNabGk1am1oRXRUdjNuVzk3S19QdnpvM2JrWWhYMmpMY1pfVUs4UmJ1WWJCdUJ0U19pQU45WWRKSjJka1NfbzZFd1labHkyaDV5R2p3Y2x3eEJVSDdGQ04tNlMyWlNmSF9uM1JhU2JMUzk5RVZrM0stSXVxSGVwVHkzcXhmSGhhZlc5QS1WWTRnN1lNVlNMTnVLODhfTFhzcjg3SnF6dzlkc0NTRUZCSXEzSW9EemhOeVRPNXZDRUpreV9oRlNnN0RXOGtobDlWU0huZmkyWUlQUlI5amVnTnU2b1d5TDE4OFhfOFR2end1elNQUm9mSFBYNGxDSWpaOURtMlN4UnJackllMWlUZ3pMOU5fWmEwWng5VERJQm5TSWZuaXlUQWN6TDBMS1IwUFRESnVfZ1A2NnN3UmgtZ1hJekV0Rmc?oc=5&hl=en-IN&gl=IN&ceid=IN:en,"Mon, 27 Jan 2025 08:00:00 GMT",GlobeNewswire,news,artificial intelligence trends,0,0
news_1989501020666989891,"Artificial Intelligence (AI) Market Growth, Trends, and Competitive Insights Report - SkyQuest Technology Consulting","Artificial Intelligence (AI) Market Growth, Trends, and Competitive Insights Report  SkyQuest Technology Consulting","Artificial Intelligence (AI) Market Growth, Trends, and Competitive Insights Report  SkyQuest Technology Consulting",https://news.google.com/rss/articles/CBMidEFVX3lxTE8tVmd5cUZoT210TlBVWnQtS0xiTWRrQlo4N2tQMkc3SklibFJuM2xtbFNDNHl4eU1YcFZJRnVHR0tTYWZncERsTzVaSU0xNVB5Tk9nckZKU3VHc2wxS1gxT0l4OEt4UVJ6NE9heTJZUFc3Tm5R?oc=5&hl=en-IN&gl=IN&ceid=IN:en,"Thu, 29 May 2025 06:25:26 GMT",SkyQuest Technology Consulting,news,artificial intelligence trends,0,0
news_9092038611460555612,2025: The year the Frontier Firm is born - Microsoft,2025: The year the Frontier Firm is born  Microsoft,2025: The year the Frontier Firm is born  Microsoft,https://news.google.com/rss/articles/CBMinAFBVV95cUxONU9vbUZRWGpzQlJrUk1lOEZTejVmTndoQ3dZNk1qN19BQ3pTU2FJVm9DQ211NnVjOXJMbWpudXJnQlNGQTFmemVDQTg5LXVNTVJIcExPelN4eGVJa2xDUlpOYUo0V2lQN1NvUl9oZC1FWXllTGR1MVBQS0VVT3EwV2lvVXQ5RnJ4c1NlMEdfdmhfNC1Fd3ZUa0loRC0?oc=5&hl=en-IN&gl=IN&ceid=IN:en,"Wed, 23 Apr 2025 07:00:00 GMT",Microsoft,news,artificial intelligence trends,0,0
news_5746627799503152338,"AI in 2025: How Artificial Intelligence Will Shape Business, Industry, and Everyday Life - EE Times","AI in 2025: How Artificial Intelligence Will Shape Business, Industry, and Everyday Life  EE Times","AI in 2025: How Artificial Intelligence Will Shape Business, Industry, and Everyday Life  EE Times",https://news.google.com/rss/articles/CBMirwFBVV95cUxQYzNLTU1ZcDhFZC1PN2g0all3Zll2Ti1SNU0yOG1kRkt3Snh2YWkyNmktb1FjRjh1azdTTWNod1hFTUdtX0ppM0ZCbUFqbFB4UjNsdlBOdl9faHQ5cXZMTzVUZzl4ZlB3aERlaWVMb2JHSW1vdDJ4MVF2bTRBUlBLV1ZJRE5IUnREeHpWMC1xNnozMmN1WjZtc3F2bnpsdldobXhoMS0yaDFTNWRUbTdR?oc=5&hl=en-IN&gl=IN&ceid=IN:en,"Thu, 16 Jan 2025 08:00:00 GMT",EE Times,news,artificial intelligence trends,0,0
news_2757486962470452007,"AI in Transportation Market Sizing, Analysis and Industry Outlook 2025-2029 for Autonomous Vehicles, Traffic Management, Freight Management, Predictive Maintenance, and Other Applications - Yahoo Finance","AI in Transportation Market Sizing, Analysis and Industry Outlook 2025-2029 for Autonomous Vehicles, Traffic Management, Freight Management, Predictive Maintenance, and Other Applications  Yahoo Finance","AI in Transportation Market Sizing, Analysis and Industry Outlook 2025-2029 for Autonomous Vehicles, Traffic Management, Freight Management, Predictive Maintenance, and Other Applications  Yahoo Finance",https://news.google.com/rss/articles/CBMijwFBVV95cUxOYTIzdkQ2c1dhU0xOR3lLaXpoNVJNN2l5QzY3VFBacmZtVUJBWUF6MjZvWWhrVUl5cHJQd2NLbVk0YXZHZnhwTEJsVjdmbmVWQkJYWVQtQUg3aEE3anJrNUlFek1TMVJIV0VjN1FMNjBqYU52VVN5OE5xVWFBc3R4S1EyYWtycnN2R0FVS2dmcw?oc=5&hl=en-IN&gl=IN&ceid=IN:en,"Wed, 08 Oct 2025 11:10:00 GMT",Yahoo Finance,news,market analysis,0,0
news_8411913201467273125,"North America AI Watermarking Market Analysis Report 2025-2032: Compliance Readiness, Multimodal Watermarking and Policy-Driven Procurement Drive Demand - ResearchAndMarkets.com - Business Wire","North America AI Watermarking Market Analysis Report 2025-2032: Compliance Readiness, Multimodal Watermarking and Policy-Driven Procurement Drive Demand - ResearchAndMarkets.com  Business Wire","North America AI Watermarking Market Analysis Report 2025-2032: Compliance Readiness, Multimodal Watermarking and Policy-Driven Procurement Drive Demand - ResearchAndMarkets.com  Business Wire",https://news.google.com/rss/articles/CBMi0gJBVV95cUxONlN1YzFPSzFHQ2d3Xzg3UlVqY3lYRjI4YkNTbWVERDJ5d2RwU2NEWWVjeXRVeWlQc1NBZWZodklMVV9oMFFydkZDUUFYSi1WSXRzalNUaVFDWmpKT3ZwRE9ERmpNblJTamJpaGJDRFgyM0I4MlBJeUQ4UGRNcGJaTHhuclVTa1BzVVRDX3RmVXltWi03eHVHbDAxaUVpdllyQTg5clVteUlYUS1SWlgxNEVYaUMwQy0wcnkwbjBWeHJocmZMb0ZGeDNmME52dXNZU1RHbWZvZXk4TDA4ZHliTG9HNEpqcnJtZWFpb0hmYU1zby14TWhuT1VGMU9GSzJWQ0VpMUZvZDF6MTZKVGpyTGxzcEN5OC1iN3Z4Ni1kcy1GS0Zac09IQ2tHcFZtbUd0RUNBRzRDd0VCUzFwdzczRmh6d0lNYnRHcGdBSk1SN1J0QQ?oc=5&hl=en-IN&gl=IN&ceid=IN:en,"Wed, 08 Oct 2025 12:58:00 GMT",Business Wire,news,market analysis,0,0
news_6678840846140006481,Gold market analysis for October 8 - key intra-day price entry levels for active traders - KITCO,Gold market analysis for October 8 - key intra-day price entry levels for active traders  KITCO,Gold market analysis for October 8 - key intra-day price entry levels for active traders  KITCO,https://news.google.com/rss/articles/CBMitwFBVV95cUxOTkpPcnMzb2xRRXRtZkhpZnZ2QXlFM3k2TXBkWnVITXN2LTN4TjFOZXBiT09BMDdWeWVvbVJ3ZG5hM08xSWdaUXNmUGZjVllyY2d3N0JtSFFWSUdFUlhaZWZiV1BOdTJEY3I4R2lYbUVqejRUNi02dXY3a19jRjNudnd5YkZsNXBESk05NXptQVJIelVfano3TTdnN3ZEU1RfTWlyQUwxa2JnUU5IQVM0LUJJYTBFUEU?oc=5&hl=en-IN&gl=IN&ceid=IN:en,"Wed, 08 Oct 2025 12:25:14 GMT",KITCO,news,market analysis,0,0
news_6613962091755381106,Latin America Inflight Shopping Market Report & Segments 2033 - UnivDatos,Latin America Inflight Shopping Market Report & Segments 2033  UnivDatos,Latin America Inflight Shopping Market Report & Segments 2033  UnivDatos,https://news.google.com/rss/articles/CBMid0FVX3lxTE5qekhfT1FSY0dXYllIUTViSzZ0OWNlUXlWY05lSjdwMm8xRmRRRS1xRFVHTU44NWs1SDFya3JDNmtvUGdQWVJUY2puTF9BTkZzbTRyTENyZXk5YnJyamZkQW8yQmdUTVVacWw2Qld5bFFBRHkyTjNR?oc=5&hl=en-IN&gl=IN&ceid=IN:en,"Wed, 08 Oct 2025 07:05:54 GMT",UnivDatos,news,market analysis,0,0
news_6478574640355249765,Automated Data Logging Tools and Systems Market Scope Analysis Report - InsightAce Analytic,Automated Data Logging Tools and Systems Market Scope Analysis Report  InsightAce Analytic,Automated Data Logging Tools and Systems Market Scope Analysis Report  InsightAce Analytic,https://news.google.com/rss/articles/CBMimgFBVV95cUxNTjRudnF5X1JHZ3V1M0xaR21kR2hNbVNYTWpKZnlVWlVlQTE5cnZNOUtkYVhnM1VxMDBjY2k4Z2EzNk1nMGdNbFpUbV9PaVNSQ0stNWQyLXRhLVk5ZXFKb05pRkJXaXRfbXJEVVRGMm9ycDJnT3hmMXZnWWRqNktVS3U2ZDUxNnhLdkZzSTZRUldQLWFkZWJicjlB?oc=5&hl=en-IN&gl=IN&ceid=IN:en,"Wed, 08 Oct 2025 06:44:47 GMT",InsightAce Analytic,news,market analysis,0,0
news_1718870348246989136,"Surgical Mask Market Size, Share, Growth Analysis | CAGR 10.2% - Market.us","Surgical Mask Market Size, Share, Growth Analysis | CAGR 10.2%  Market.us","Surgical Mask Market Size, Share, Growth Analysis | CAGR 10.2%  Market.us",https://news.google.com/rss/articles/CBMiWkFVX3lxTE5QOHNIQUJ1TVpyTHYwNkNvX05LcDNZR0NfTUhWSko1LS1UOXlPTDY4cXVFUGpOMG1kczI3X2hhQWIwTmJoTldCRWlKTEE2VzVtVVJ4aEtMR2Iwdw?oc=5&hl=en-IN&gl=IN&ceid=IN:en,"Wed, 08 Oct 2025 12:41:38 GMT",Market.us,news,market analysis,0,0
news_552658504408726537,"Saudi Arabia Fashion Apparel Market Share & Trends Analysis, 2032 - P&S Intelligence","Saudi Arabia Fashion Apparel Market Share & Trends Analysis, 2032  P&S Intelligence","Saudi Arabia Fashion Apparel Market Share & Trends Analysis, 2032  P&S Intelligence",https://news.google.com/rss/articles/CBMilgFBVV95cUxOZlMtOTRNMmRZLTQ1ay00TkduUGFCV0gxWjFPNUFzTFhidVhwbl8xdzdWaGMtTnQzSFNfOVBIRW40N3VVaTdxdVZseVZvaW9FcUctRGtlMUxLdkpfcnhXQ0VTemE2YnBFUW84RTNsTlJ2QUZ1dHhQUGxRZENXUnJkSTEyajF6RnlrVF9iYXZpcm1rQnQ2ZWc?oc=5&hl=en-IN&gl=IN&ceid=IN:en,"Wed, 08 Oct 2025 13:10:21 GMT",P&S Intelligence,news,market analysis,0,0
news_116034228441961418,"Grand View Research Launches 'Grand View Horizon Databooks' - A Cutting-Edge Market Intelligence Platform for Smarter, Faster Decision Making - PR Newswire","Grand View Research Launches 'Grand View Horizon Databooks' - A Cutting-Edge Market Intelligence Platform for Smarter, Faster Decision Making  PR Newswire","Grand View Research Launches 'Grand View Horizon Databooks' - A Cutting-Edge Market Intelligence Platform for Smarter, Faster Decision Making  PR Newswire",https://news.google.com/rss/articles/CBMinwJBVV95cUxOSERQRFpQY1hYX1hEdVJGX3FHUkk3NldRaHFad0c4cjNlbWR4cVUzdkpSSDF0M3N0NDdabktfdkRrLVNRLTByTzNFSlI2eVNpei11WVhNM1pFXzJnb2JnN1FVMWZpVFdwSnFNVVRQR04wWHM5dFFuYmtlV0RYWXIyWkgyWWZTVGVxakV0MGR4WklfM0MxSF9lUUQzRXNjNHg1bWtOV3lEcTJVQnltMTRXMG5JRmItMVlnTTFJaFE5NUFEVkctbnhmd0NnQXM3dDVfMzNFaXNpeVhyb2ZJV21wWUdPY2lUOTdLcllkdzZxb3RRRHZwTGNHYVBfenRBdzl5Z1dWdFlCTzF5N0swOVZnV0NqdUVsSUtoRUlJZ1laOA?oc=5&hl=en-IN&gl=IN&ceid=IN:en,"Wed, 08 Oct 2025 09:07:00 GMT",PR Newswire,news,market analysis,0,0
news_233638793034860207,Business Storage Units Market | Global Market Analysis Report - 2035 - Future Market Insights,Business Storage Units Market | Global Market Analysis Report - 2035  Future Market Insights,Business Storage Units Market | Global Market Analysis Report - 2035  Future Market Insights,https://news.google.com/rss/articles/CBMif0FVX3lxTE5FOTBqVE5ERHdGX1hGYUNXRld3cUd0TzBkcTZSbVNySGlSR3pWOUtxa0pZT3NFUmlIeUZKSUdNTDBkVDctclI1ZER5YzYxYXlrXzB4bHk4SHExdDFhS2haalNMTXRwcFVmVnRzRDJLb29Ja3liSk16S3BsZlRKTmM?oc=5&hl=en-IN&gl=IN&ceid=IN:en,"Wed, 08 Oct 2025 12:25:38 GMT",Future Market Insights,news,market analysis,0,0
news_38256097438125546,(CRDL) Strategic Market Analysis (CRDL:CA) - news.stocktradersdaily.com,(CRDL) Strategic Market Analysis (CRDL:CA)  news.stocktradersdaily.com,(CRDL) Strategic Market Analysis (CRDL:CA)  news.stocktradersdaily.com,https://news.google.com/rss/articles/CBMikgFBVV95cUxNQ1VrNUZtdkpESkNSbE5sZ0JfZFA3bVVMc3UtTHFmYVNfT1dla0lCa18tcDJ0Q0ZSWVBNRi1zUzlUOV92ZDdNLVNjN3pta2dzRWJOWFBqUENSMlRpbnNPX0hSMXdzM0p0U2NpdU1mNDlucGVwZWxPT1VJR3hDMlRhbEQ5ekJMMjBfUWZjcEtnenVzUQ?oc=5&hl=en-IN&gl=IN&ceid=IN:en,"Wed, 08 Oct 2025 09:53:21 GMT",news.stocktradersdaily.com,news,market analysis,0,0
news_3190847538675281369,Oil Gains With US Inventories and Global Supply Outlook in Focus - Bloomberg.com,Oil Gains With US Inventories and Global Supply Outlook in Focus  Bloomberg.com,Oil Gains With US Inventories and Global Supply Outlook in Focus  Bloomberg.com,https://news.google.com/rss/articles/CBMinAFBVV95cUxQNXZkcmVaRTR1aWdzcU1vVW85ZDZSVGo2MWlXZ1Bsc3hwUmdueTM1bUEwU3FXb1JlblBMa05Bd3NNU2JHV0MxM1pqQS16QUcxRVd0VVdybnE2QnhROFpBS0NaMTUybXlTRmJKRGZKTnVOMEVtdmR3Q3JQZGRPeW01SGdpdHFNZHZrLXZiRUtoaVpSSWdFcHp2R0JwQzE?oc=5&hl=en-IN&gl=IN&ceid=IN:en,"Wed, 08 Oct 2025 12:45:55 GMT",Bloomberg.com,news,market analysis,0,0
news_1120297705091154964,"North America Generative AI In Animation Market Analysis Report 2025-2032: Governance, Provenance and Secure Model Usage Drive Growth as OEMs, Cloud Providers and Startups Compete - ResearchAndMarkets.com - Business Wire","North America Generative AI In Animation Market Analysis Report 2025-2032: Governance, Provenance and Secure Model Usage Drive Growth as OEMs, Cloud Providers and Startups Compete - ResearchAndMarkets.com  Business Wire","North America Generative AI In Animation Market Analysis Report 2025-2032: Governance, Provenance and Secure Model Usage Drive Growth as OEMs, Cloud Providers and Startups Compete - ResearchAndMarkets.com  Business Wire",https://news.google.com/rss/articles/CBMi9AJBVV95cUxPMmNBVlJFSkpOaHRPa0dzQ21ZUHFwWGEzZ2NrcXJpTlZGNHRkU0hRV2dreDJ2R3JVWnZzVVU2REgzcm1SSExUZ3VRRVBGMXRvVGJWaUtISDJIUjN5MVIzd08tRURVVzdVVllTSFhRMzZjZjJBN2ZSZUFjRk9QRjh5RzVQOUZtVnNYWW9GcFpydmoxM093MmNUeGl4aXFBZU4xVWVtaVVYVk5lOVVjT2IwWE16LXcwTW1IZHUzUEIycnEzQ3JaZ2JjVUEtZW83QzFEUV8tcFJmTVRidVlqbmxlMVpDV2JBUHF3VXIxaExiYXhrZlNQcWNmOHJmdEZvd2JSeUdUYjl6cERISXdyaVNjaWxTUGl6alRPdFFKaHN2aVRFRXgydEJPMlJRMllYaEc2V2JocDZITG9HMEVyRHhYTFRmY2c2MFJwWGVISUxrVnFpak9NYnVramhzb3FTMVJFeGwwWnU4RGJSeWZzVmphX29HT2c?oc=5&hl=en-IN&gl=IN&ceid=IN:en,"Wed, 08 Oct 2025 13:01:00 GMT",Business Wire,news,market analysis,0,0
news_8267552669325598457,(IVQ.U) Strategic Market Analysis (IVQ.U:CA) - news.stocktradersdaily.com,(IVQ.U) Strategic Market Analysis (IVQ.U:CA)  news.stocktradersdaily.com,(IVQ.U) Strategic Market Analysis (IVQ.U:CA)  news.stocktradersdaily.com,https://news.google.com/rss/articles/CBMikgFBVV95cUxNdmtxOTRIWFJ1Q2NMM3dQN3AyckY4TEZINFp6MHgzUkFFVER0YmNXc1l1YV9FTkRGT2Fqd1BETmFuRVkycG1seDRiWE8yalhVaE83ZmVUb1lVY20xakZIVGlwYWhwam5SaHZLMzIyNWRCSXBMeU1yNmJ6TTBVcVlZRzdnblFXbDRUMUUwQXdtZnE5Zw?oc=5&hl=en-IN&gl=IN&ceid=IN:en,"Wed, 08 Oct 2025 12:48:55 GMT",news.stocktradersdaily.com,news,market analysis,0,0
news_7735998140931967532,High-purity Fluoropolymer Valves Market | Global Market Analysis Report - 2035 - Future Market Insights,High-purity Fluoropolymer Valves Market | Global Market Analysis Report - 2035  Future Market Insights,High-purity Fluoropolymer Valves Market | Global Market Analysis Report - 2035  Future Market Insights,https://news.google.com/rss/articles/CBMijAFBVV95cUxPNUVrYVhhY193d3NZUjdzYnRsU2lqZHBDRU5DUVZKTUk2MkpvcF9WSEY1VXNpOWZQUjROXzg1SUVId0JKa0FhNlJjMTZtOXZ2MWlsNThuME5IS055WkhocEZubC1PT1hhQ2ozQ051Zm9ka0NrRHM3MDFrSzBNZHVxbnZQMTUwOW95UGp3VA?oc=5&hl=en-IN&gl=IN&ceid=IN:en,"Wed, 08 Oct 2025 12:15:38 GMT",Future Market Insights,news,market analysis,0,0
news_8171606236664532190,Marine Stabilizers Market | Global Market Analysis Report - 2035 - Future Market Insights,Marine Stabilizers Market | Global Market Analysis Report - 2035  Future Market Insights,Marine Stabilizers Market | Global Market Analysis Report - 2035  Future Market Insights,https://news.google.com/rss/articles/CBMiekFVX3lxTE5fTVVOdDI5TEtYMEpKMHRCdFlNVFM1ZVp0M1I4UTU5Vm4zcEt6ak9uZ0h6U3BPMkVJNm9QUUtzOGZPY043QVIzRlp3M0xZUDhKZ2NFaF93WTc3bW5hT3NuQnpWVUttQWlwSUZMVHByZ1FkdUpCajZfVG1B?oc=5&hl=en-IN&gl=IN&ceid=IN:en,"Wed, 08 Oct 2025 12:50:38 GMT",Future Market Insights,news,market analysis,0,0
news_5423978664298310140,High Current Ion Implanter Market | Global Market Analysis Report - 2035 - Future Market Insights,High Current Ion Implanter Market | Global Market Analysis Report - 2035  Future Market Insights,High Current Ion Implanter Market | Global Market Analysis Report - 2035  Future Market Insights,https://news.google.com/rss/articles/CBMihAFBVV95cUxNY0xNaS1ONzJkTy1kOWh3VnJhaF95OWpLVkI2aEV5UU5FOVlOcUpmQ2lqWUtWdG9nRVI3U2YtR1poUjFjajFqX0FXYnJpYlBSbGJRcWYxcGNEX1B2bi1XMTBMbV9EbGpfS1p6Z1ljQTl2S24xc004cFNMeVNXbGdiVXdDS1M?oc=5&hl=en-IN&gl=IN&ceid=IN:en,"Wed, 08 Oct 2025 11:05:36 GMT",Future Market Insights,news,market analysis,0,0
news_7503129868815389815,Sequencing and Spatial Omics Platform Market | Global Market Analysis Report - 2035 - Future Market Insights,Sequencing and Spatial Omics Platform Market | Global Market Analysis Report - 2035  Future Market Insights,Sequencing and Spatial Omics Platform Market | Global Market Analysis Report - 2035  Future Market Insights,https://news.google.com/rss/articles/CBMikwFBVV95cUxNNVZpQUxWT3VOa1gweGljcDZWZFJZcWJPdUFBRU1IT25DLUhkWTFMR2dIcDZlZ213LUNjbzdCU0tLanhhbHRGeDZHWnBtNFlSV1ljRW5famZXaXk2Q0pBUmkyTm9kZllFRnJYNV9TU3d6eWJJdzJxREdIenRWZUdLU0FKbkNrNDRCRzFaX0hmZURTN0U?oc=5&hl=en-IN&gl=IN&ceid=IN:en,"Wed, 08 Oct 2025 11:30:36 GMT",Future Market Insights,news,market analysis,0,0
news_6750972847485612711,Prinsepia Utilis Oils Market | Global Market Analysis Report - 2035 - Future Market Insights,Prinsepia Utilis Oils Market | Global Market Analysis Report - 2035  Future Market Insights,Prinsepia Utilis Oils Market | Global Market Analysis Report - 2035  Future Market Insights,https://news.google.com/rss/articles/CBMifkFVX3lxTE1sWHcteUNPMHpONmJTTHFCcUp5MTNPTmpCT3Baa0lyQ3RfeS03Umd0SDYtN3B0a2ZKR3JhcDFUbkdTN2YtajNxMU54QW1qMS1UaHVNM1lTVUtPR2dKT0twZXBtZk1VNzZQTjJvR2oxR2pZenV2N3VFdUNYM1I4UQ?oc=5&hl=en-IN&gl=IN&ceid=IN:en,"Wed, 08 Oct 2025 11:25:36 GMT",Future Market Insights,news,market analysis,0,0
news_4274670276619538912,Modular Rotary Table Market | Global Market Analysis Report - 2035 - Future Market Insights,Modular Rotary Table Market | Global Market Analysis Report - 2035  Future Market Insights,Modular Rotary Table Market | Global Market Analysis Report - 2035  Future Market Insights,https://news.google.com/rss/articles/CBMifEFVX3lxTE53UjBEVVFKR3ZVY0g1QVY0NThfMHYtNEpPbU1MbjlLZUhuODRLS1hiektnYlFWc3VYTlplMHlLb3JuT1ZKZWlSQUJsSlR2OGZyQzhfUFVLTnZjQUtEa2NINDhZSjF0cHJzdlVYaTZjaHRkZkhnaW9VcHh6TDE?oc=5&hl=en-IN&gl=IN&ceid=IN:en,"Wed, 08 Oct 2025 12:00:38 GMT",Future Market Insights,news,market analysis,0,0
news_3521018922860771202,Boundary Layer Wind Lidar Market | Global Market Analysis Report - 2035 - Future Market Insights,Boundary Layer Wind Lidar Market | Global Market Analysis Report - 2035  Future Market Insights,Boundary Layer Wind Lidar Market | Global Market Analysis Report - 2035  Future Market Insights,https://news.google.com/rss/articles/CBMigwFBVV95cUxOQU1ZWGlUeml0MHlYRWtHZzlwaEFNYnJMQ1ZaTm1Gbm12V0ViMUdSS3pPaXotOUd2OWx4WS1jWkprYk1XVTh2S3l4eklxYlZlUkQ2X2c1SEIwQ09kQmpkOHZmWVZvbklDNFFQMEdPT2o1WEg1QlBYVktGSzE1eEZxeC1DRQ?oc=5&hl=en-IN&gl=IN&ceid=IN:en,"Wed, 08 Oct 2025 12:15:38 GMT",Future Market Insights,news,market analysis,0,0
news_8900031082530012784,"Storage As A Service Market Size | Industry Report, 2033 - Grand View Research","Storage As A Service Market Size | Industry Report, 2033  Grand View Research","Storage As A Service Market Size | Industry Report, 2033  Grand View Research",https://news.google.com/rss/articles/CBMijwFBVV95cUxOZ0dNNnllQkZtN01WR25DdDVmaTZaR0JIZ21JVWJMUG9MYjFIZ3BYM0NmNEtTRUtBUk90bnFHUVR0X0p1ck1DM2RybUxwVVR0bk92TF92bDI0QVpxSGJ1VEVQVVFkeDlXbS0zcmZjRlVVQ3dmSTNtWVFrbF9PZ1N0cTFwQlJkLXN2WkZUSjZFMA?oc=5&hl=en-IN&gl=IN&ceid=IN:en,"Wed, 08 Oct 2025 05:52:13 GMT",Grand View Research,news,market analysis,0,0
news_3297245559436616741,CF PEEK Composites Market | Global Market Analysis Report - 2035 - Future Market Insights,CF PEEK Composites Market | Global Market Analysis Report - 2035  Future Market Insights,CF PEEK Composites Market | Global Market Analysis Report - 2035  Future Market Insights,https://news.google.com/rss/articles/CBMiekFVX3lxTE1sX2EzYTJhclZDanpEcVoxU29jZ2ZCa1VaVnVNSDFpc1VsTUtlYzdwdkV1bWVXNGRyZVIwclQyVDdGZEVUMy1uTi0zeFBCeFprbW1yc0M1T21Qd05pZDkybU5LX29nbnJ3M1BoclZ3RDZxVFVBeEFhUFN3?oc=5&hl=en-IN&gl=IN&ceid=IN:en,"Wed, 08 Oct 2025 12:30:38 GMT",Future Market Insights,news,market analysis,0,0
news_2890342176047261034,Industrial Water Analysis Market | Global Market Analysis Report - 2035 - Future Market Insights,Industrial Water Analysis Market | Global Market Analysis Report - 2035  Future Market Insights,Industrial Water Analysis Market | Global Market Analysis Report - 2035  Future Market Insights,https://news.google.com/rss/articles/CBMigwFBVV95cUxOeC1yVFhVTk9QUDZqWkxPUXh0ckR6RHpQVXFYWWY0MDlmYldFSkJRRmJqU3VpUFFRa3ppWW9raml4QzIyT1BFdWxYR09NWjFfMzlpQ3lrclhhSzNlMFFic0hFQm9IdGNIVVo3eVYzb19DSEVoLXhCeTdyYU9idnRtd1VQMA?oc=5&hl=en-IN&gl=IN&ceid=IN:en,"Wed, 08 Oct 2025 09:25:36 GMT",Future Market Insights,news,market analysis,0,0
news_992220778739918760,"Carbon Capture and Sequestration Market to Reach $6.6 billion, Globally, by 2034 at 5.8% CAGR: Allied Market Research - PR Newswire","Carbon Capture and Sequestration Market to Reach $6.6 billion, Globally, by 2034 at 5.8% CAGR: Allied Market Research  PR Newswire","Carbon Capture and Sequestration Market to Reach $6.6 billion, Globally, by 2034 at 5.8% CAGR: Allied Market Research  PR Newswire",https://news.google.com/rss/articles/CBMi_AFBVV95cUxOZGo4bzlMOUdocGNCM1NNTGNXTkNpVGlMbGJtSVF3STFmZ0YxbmFVS1VMMFA3YU5XbGl2OHJvRURIemF3MEZYYWhxZjViemRPbjJjbFRZbk51S3F4cUJqZVZZM2cyQmpFRFh3eWlZa0xYNnlaYUdMdnBTR1lIZERIbk5sU3VnZU5SZE1iQk8xa1FUTDNLNTRkWEVyT3pVdVdhQ0ZGYWliYTJZZGIwb2lBbEwyVlhQZE9HallsOHNTbC0xZTRTVXdzUy0tdUFGRmsxamczc2pvbUhmUjNPVGxOZC1lRU0ya0Z6THdaNl9MR0Q4UXI2MlVsaGlNZkc?oc=5&hl=en-IN&gl=IN&ceid=IN:en,"Wed, 08 Oct 2025 10:47:00 GMT",PR Newswire,news,market analysis,0,0
news_6578598408666648669,Demand for Plant-Based Cheese in EU | Global Market Analysis Report - 2035 - Future Market Insights,Demand for Plant-Based Cheese in EU | Global Market Analysis Report - 2035  Future Market Insights,Demand for Plant-Based Cheese in EU | Global Market Analysis Report - 2035  Future Market Insights,https://news.google.com/rss/articles/CBMihwFBVV95cUxQaG5Wc21Cc0lhOTJ5UUMwNGhtbjR3dUVjdU9sYkprNjZKT2R6XzhsZmJRUWJtS1dONnlFaWxTaHVmd0hyOHE1V01taWJoaG1YOFVFSWFfZzJCRUpsekdNZExXT0FGZHZ2bEpNZzJfLWxDTlVXaWg2WU1uWXJTUXhZbzJXc3E4aWc?oc=5&hl=en-IN&gl=IN&ceid=IN:en,"Wed, 08 Oct 2025 12:50:38 GMT",Future Market Insights,news,market analysis,0,0
news_755019188472718085,"Middle East Renewable Energy Market Size, and Growth Report, 2032 - P&S Intelligence","Middle East Renewable Energy Market Size, and Growth Report, 2032  P&S Intelligence","Middle East Renewable Energy Market Size, and Growth Report, 2032  P&S Intelligence",https://news.google.com/rss/articles/CBMilgFBVV95cUxQYlM3bWVsTkVYbUhLaEZhOFoxbEVDeDk4OE1RR2tjYWFQVDU4MW9weUd6dFFEODRHd2tpaGdza0NoLWVlelM3ZFoxTWhlQWxrUWdRcHcwSjJWaGtjdUJoUnB0MldPbjZNcWRUNFVGWTdQeWZwRkRtRHlaOTlOX3dqQ3NKTFk4NDFybTA4M2tIMTNwVl83bHc?oc=5&hl=en-IN&gl=IN&ceid=IN:en,"Wed, 08 Oct 2025 13:10:22 GMT",P&S Intelligence,news,market analysis,0,0
news_2573783653509872973,Single-axis Drives Market | Global Market Analysis Report - 2035 - Future Market Insights,Single-axis Drives Market | Global Market Analysis Report - 2035  Future Market Insights,Single-axis Drives Market | Global Market Analysis Report - 2035  Future Market Insights,https://news.google.com/rss/articles/CBMiekFVX3lxTE9kc29iMTdEaDhmRmFqenIzS2ZpYXMtbmJRa0NmTUNvUTg0cTVoSTN5dDJ5Z1ZSd3NibjFqeVA3X3Z5ejR6bjZNRXR5dDdTcDVxNDk4R1U1LVJWcWxuZ1c3YzZpdElFOU5IZDlSeUNRb1g5VVM5cUtac0l3?oc=5&hl=en-IN&gl=IN&ceid=IN:en,"Wed, 08 Oct 2025 11:00:36 GMT",Future Market Insights,news,market analysis,0,0
news_5885779696486937218,Ultrasonic Jewelry Cleaning Machine Market | Global Market Analysis Report - 2035 - Future Market Insights,Ultrasonic Jewelry Cleaning Machine Market | Global Market Analysis Report - 2035  Future Market Insights,Ultrasonic Jewelry Cleaning Machine Market | Global Market Analysis Report - 2035  Future Market Insights,https://news.google.com/rss/articles/CBMikAFBVV95cUxQa2ZueEhWSXpQWEpjMzBoYnRvekpaQ2pTSzN2c01iLUMybTZ2cmxXVjROWmhXeEFvNkpYNTVqRkxHSGpQRjhlelZKVXA2emVzbGJLNVpKTVdJQ05rV21VZjJwTkR6cXdoaTF5WEs4Qi0tYndfZ2E1R3l3LUFBa1R3dEROel9reDNKS3NmalV5VVM?oc=5&hl=en-IN&gl=IN&ceid=IN:en,"Wed, 08 Oct 2025 09:30:36 GMT",Future Market Insights,news,market analysis,0,0
news_7433441399648865973,U.S. Combi Oven Market Size & Share | Industry Report 2033 - Grand View Research,U.S. Combi Oven Market Size & Share | Industry Report 2033  Grand View Research,U.S. Combi Oven Market Size & Share | Industry Report 2033  Grand View Research,https://news.google.com/rss/articles/CBMihgFBVV95cUxQSko5S2NXTUM0SjdQU1c3bEJUbWIyTlBtOUt3V0tvR1pCeDNDVnIxajlITVJTZkJ6SVRNcHBLaU9JWFV6N1ZTUHBNSVpMbzM0YjE5UTR0ZHhUQkpDOVo0RTVrem53ZzNVeDlhMzBJV29lamF6aHQ2d0lMUERzNTJiTXpUTlBwZw?oc=5&hl=en-IN&gl=IN&ceid=IN:en,"Wed, 08 Oct 2025 06:37:25 GMT",Grand View Research,news,market analysis,0,0
news_9020631381313478178,Commercial Drones Market and Companies Analysis 2025-2033: - GlobeNewswire,Commercial Drones Market and Companies Analysis 2025-2033:  GlobeNewswire,Commercial Drones Market and Companies Analysis 2025-2033:  GlobeNewswire,https://news.google.com/rss/articles/CBMirwJBVV95cUxPeDJuX25iTnRmM3RlT1REMEZ0b3Mtamw4T2Q5QXRjbUZkZFc2X0lELXVCaHlhc2lSZ0kxR2NnWUgwMHhpZ0NhdC1zMFJiOWhjMnZCRFp5aUd0MVFXZUluZVJXMmc0MmI0OGtJRnB4N2E2Z2VQWWRjejh2SzFRLW1WNUNHNzNDY21ZMXB4Z20tOVFsNFBnOVFwc0o4TS1PN3BOTWFqMndScWg2WWdVbThWU25pdjNWRHNDdVpJNHVpSEwyZzdYRE9xby0xU3Z6Mmw1aGdhekFveG5ONDRqUTJ3UVp6ZEhIZ3dhSS1qdGczM3NMTW93SzVsaXRwRVFTZmNKbFFkM1MtSHhsczRmNWJyZFRiMkFiVzJUcHl2NF9Rb1J6dTV1UHVyak82MFN0bkk?oc=5&hl=en-IN&gl=IN&ceid=IN:en,"Wed, 08 Oct 2025 11:47:04 GMT",GlobeNewswire,news,market analysis,0,0
news_8739869864682179830,Smart Cold Therapy Machine Market | Global Market Analysis Report - 2035 - Future Market Insights,Smart Cold Therapy Machine Market | Global Market Analysis Report - 2035  Future Market Insights,Smart Cold Therapy Machine Market | Global Market Analysis Report - 2035  Future Market Insights,https://news.google.com/rss/articles/CBMihAFBVV95cUxPc3NXeWhtcHNxUm1OQmZlSkFxNEJBeUxvbDFtSUpzSk9SbVJLd2g0LUpkUlZPVHg0UjkzenMxOGxvMVZ1RzJjcEFiX3hIcFktZWpwa3NFTE14Qktmc0R1SnJnTkQwalNzZUxBaW15QS1pTW5aeW1aU2phM1BIZGluN2ZiMWU?oc=5&hl=en-IN&gl=IN&ceid=IN:en,"Wed, 08 Oct 2025 10:45:36 GMT",Future Market Insights,news,market analysis,0,0
news_3294176076103688808,MicroLED Photoluminescence Inspection System Market | Global Market Analysis Report - 2035 - Future Market Insights,MicroLED Photoluminescence Inspection System Market | Global Market Analysis Report - 2035  Future Market Insights,MicroLED Photoluminescence Inspection System Market | Global Market Analysis Report - 2035  Future Market Insights,https://news.google.com/rss/articles/CBMinAFBVV95cUxNRU1QRnJWUHprMGJjMzZWYzE0TnBVRWg0RVI1NDRkV0RfVVZlRzlwR1UwZnRvR0lmZEdEUGN6eVNFYkxHWVBMZVRzMllSbFBxQW1XdUhoT1JqekIxMFRpTXJUNHFiRUZHb3VlYjhRM0M1Z3RiUTlueExiRWJrRS1nbHZDclcxSHFmS1laRnVHQnpBSVhvT1JjZEVrOE0?oc=5&hl=en-IN&gl=IN&ceid=IN:en,"Wed, 08 Oct 2025 12:00:38 GMT",Future Market Insights,news,market analysis,0,0
news_7665630680928208451,"Multi-Access Edge Computing Market Analysis - Size, Share, and Forecast Outlook 2025 to 2035 - Fact.MR","Multi-Access Edge Computing Market Analysis - Size, Share, and Forecast Outlook 2025 to 2035  Fact.MR","Multi-Access Edge Computing Market Analysis - Size, Share, and Forecast Outlook 2025 to 2035  Fact.MR",https://news.google.com/rss/articles/CBMickFVX3lxTE9tejUzQkV5XzBCZ0hsSnVVNFlVeFlaR2ctbXhmdmxaQ2F0WjljUU1QZ2VCd3dhbGMwVklhY0xkNUwyNE5iTk5PZzJQVGNmdURYaGlCWlAtZl93cjNfQWdvckZtT2NrZ0dXWjhlajBLTFRBdw?oc=5&hl=en-IN&gl=IN&ceid=IN:en,"Wed, 08 Oct 2025 11:27:07 GMT",Fact.MR,news,market analysis,0,0
news_6110280953383975390,SiGe:C HBT Market | Global Market Analysis Report - 2035 - Future Market Insights,SiGe:C HBT Market | Global Market Analysis Report - 2035  Future Market Insights,SiGe:C HBT Market | Global Market Analysis Report - 2035  Future Market Insights,https://news.google.com/rss/articles/CBMibkFVX3lxTE1ZdlR2eVUtci1QQmU4aUoyQ2VPbkxDQlprOEViOUtncVp0V3ZFeWNvT20ybUNMRFVUdWd4NzhOb25yaGNrTjJBMjluVXBDRmJtUkk1WWI2NnVCeFRYTVlIV2hMNHl1MkNTaVoxS2RR?oc=5&hl=en-IN&gl=IN&ceid=IN:en,"Wed, 08 Oct 2025 11:25:36 GMT",Future Market Insights,news,market analysis,0,0
news_8491627052486306052,Standard High Precision Power Analyzers Market | Global Market Analysis Report - 2035 - Future Market Insights,Standard High Precision Power Analyzers Market | Global Market Analysis Report - 2035  Future Market Insights,Standard High Precision Power Analyzers Market | Global Market Analysis Report - 2035  Future Market Insights,https://news.google.com/rss/articles/CBMilgFBVV95cUxNcEVQenFuRTVuOEdkZkpIb0o3d3AwRHVHQXBZZmh2SXl5RU1yT0E5Z1JrUVZ2RWJQaVR1QmlGM2d1UDVjQUdEOFI4SHhpTEJqbXA5YTFIcDVJQWlzbjYta1hZMkRJU1h1SmNKT0dPaWNEelJVVWRqZmpHMXZsY0luUl9ZeFB2YlljblpuM0F4cGxLcGsySEE?oc=5&hl=en-IN&gl=IN&ceid=IN:en,"Wed, 08 Oct 2025 10:25:36 GMT",Future Market Insights,news,market analysis,0,0
news_5526639364658427066,Breast Density Assessment Software Market | Global Market Analysis Report - 2035 - Future Market Insights,Breast Density Assessment Software Market | Global Market Analysis Report - 2035  Future Market Insights,Breast Density Assessment Software Market | Global Market Analysis Report - 2035  Future Market Insights,https://news.google.com/rss/articles/CBMijwFBVV95cUxQMG9qZktOd29rRmRmUUgtal82Q0tLLUh5Q3RMX1pVYVdBOENHMExOdElxckRnZTE3NmNKQ3NNYUJXMzludmYxRFF0dXRtN2cydTIxc3VoN2NNdnNodGcwSzkyQS14QmtwNk1JWTdCbkNVeE9jRjhZRk8yMEZxQ1dwampfamNOZkVsbk1EMVJFdw?oc=5&hl=en-IN&gl=IN&ceid=IN:en,"Wed, 08 Oct 2025 12:20:38 GMT",Future Market Insights,news,market analysis,0,0
news_6671635256737723430,Ultra High Purity (UHP) Valve Market | Global Market Analysis Report - 2035 - Future Market Insights,Ultra High Purity (UHP) Valve Market | Global Market Analysis Report - 2035  Future Market Insights,Ultra High Purity (UHP) Valve Market | Global Market Analysis Report - 2035  Future Market Insights,https://news.google.com/rss/articles/CBMihgFBVV95cUxOQjduWEFac2NyT2tTaXp4MnRrbGZZZ3ZZTnkzNXBmREdfOERLdHhyMTlHLWJmaXBpSUswQkozcGhIVTBWZW93U3VtN1Mwem1EUEhnY0ZWbDZBLVhIMDNzYWxNMHFIb0tRcHZtclpaMTdtRjlPeld2a2pzVmZoMEVodkVyZEo2Zw?oc=5&hl=en-IN&gl=IN&ceid=IN:en,"Wed, 08 Oct 2025 09:25:36 GMT",Future Market Insights,news,market analysis,0,0
news_7420995841305990451,Housing Market Predictions For 2025: When Will Home Prices Drop? - Forbes,Housing Market Predictions For 2025: When Will Home Prices Drop?  Forbes,Housing Market Predictions For 2025: When Will Home Prices Drop?  Forbes,https://news.google.com/rss/articles/CBMihwFBVV95cUxQSU9xYzQ3cnBpZ2NDSTBMeXJXUmoyWkNGX1NNLUpHQUhzdTVONG5CcGVxWW5KUDhBN1ZnME9XNDczZjZtZzc5aF9uQ0xDS3NfMUI3b2hPSDV5Sk5ZUWpyc2JGcjJDVnhqOE16cnppVlpmMHBQT21sXzdYMEU5TlhSOFRERGRydmc?oc=5&hl=en-IN&gl=IN&ceid=IN:en,"Tue, 07 Oct 2025 16:27:00 GMT",Forbes,news,market analysis,0,0
news_5277043333770555376,Dynamic Plantar Tactile Instrument Market | Global Market Analysis Report - 2035 - Future Market Insights,Dynamic Plantar Tactile Instrument Market | Global Market Analysis Report - 2035  Future Market Insights,Dynamic Plantar Tactile Instrument Market | Global Market Analysis Report - 2035  Future Market Insights,https://news.google.com/rss/articles/CBMijwFBVV95cUxQbmQ1d1VnTG9hNXVSNkNaRURuNnpEREZuRkJhMmRtc2NRbzlNTEJyLTJNSmUtWlI5aE5uZTRYekNsLW1DQmh6bXFlZV9HUkpNVGdMNE1YLWoyQ082dU92cm1YeEJPUV9kS0Z1VmN5RGlQb2ZqMXN6cjBTS2k4YmtKNlFtTENOV2l2RE1McDBlTQ?oc=5&hl=en-IN&gl=IN&ceid=IN:en,"Wed, 08 Oct 2025 08:20:36 GMT",Future Market Insights,news,market analysis,0,0
news_2182422119205295910,Smart Built-In Kitchen Appliance Market | Global Market Analysis Report - 2035 - Future Market Insights,Smart Built-In Kitchen Appliance Market | Global Market Analysis Report - 2035  Future Market Insights,Smart Built-In Kitchen Appliance Market | Global Market Analysis Report - 2035  Future Market Insights,https://news.google.com/rss/articles/CBMijAFBVV95cUxOMTFQNWppeWs1M2NyMV9rY3lkeGozU19jcWtjY2pTZjB6SElqWXk3RVQ1UzZSZURNV3hNMEJMNVRaT2QyMldIMG9JNGtxczFFYWFvTERaaFZKT3hXdmMwQmNxcEhDUkZ3empaNk9uT2YzT1lEUmFfTXBTa0VyWjd5Nl9nekJxcGNCMVY3Vw?oc=5&hl=en-IN&gl=IN&ceid=IN:en,"Wed, 08 Oct 2025 10:45:36 GMT",Future Market Insights,news,market analysis,0,0
news_1717750457293881265,Reactive Tire Bladder Release Agent Market | Global Market Analysis Report - 2035 - Future Market Insights,Reactive Tire Bladder Release Agent Market | Global Market Analysis Report - 2035  Future Market Insights,Reactive Tire Bladder Release Agent Market | Global Market Analysis Report - 2035  Future Market Insights,https://news.google.com/rss/articles/CBMikAFBVV95cUxPZDNDcHFLT0IzNzFzQ2VfV0ZFdXR0MmpqT2E2R2h5emFIcU9FVzFlRFZ3NkxIQmFpZmEtYV9ROHVFX2k3T2tSRjJBYmNuekYyZWJITWZmWkE2OEZ4b3BfZGs0QnBTWVRvX0xFM1pqcWVJM3I5Z3oyMmoza2F2eU5udEVyd1pLRTE5aXF6anJqVmo?oc=5&hl=en-IN&gl=IN&ceid=IN:en,"Wed, 08 Oct 2025 11:50:38 GMT",Future Market Insights,news,market analysis,0,0
news_5176703660092972447,High Rate Discharge Test Machine Market | Global Market Analysis Report - 2035 - Future Market Insights,High Rate Discharge Test Machine Market | Global Market Analysis Report - 2035  Future Market Insights,High Rate Discharge Test Machine Market | Global Market Analysis Report - 2035  Future Market Insights,https://news.google.com/rss/articles/CBMijAFBVV95cUxQWFk0bHhEekg2Qlhkc2JQQnhKX2pjZXpFNWROM0pwMWxmallJNkctQzBFSHZwN09NeUtOVVN0c2R0UlBJdHcyTjhXR3hXYmlxZ3pxUy1DbS1OUnZKVThCLVh0YnZsc2hQWHZvQVV2TDlXeWNwb2FMdjhVaVRIZ2RxaDNXS1BLRVROelU3TA?oc=5&hl=en-IN&gl=IN&ceid=IN:en,"Wed, 08 Oct 2025 11:05:36 GMT",Future Market Insights,news,market analysis,0,0
news_7647673350910055048,Eucommia Leaf Extract Market | Global Market Analysis Report - 2035 - Future Market Insights,Eucommia Leaf Extract Market | Global Market Analysis Report - 2035  Future Market Insights,Eucommia Leaf Extract Market | Global Market Analysis Report - 2035  Future Market Insights,https://news.google.com/rss/articles/CBMifkFVX3lxTE5RWmt5X1AtaTVKcW1qSW9feHUwVHgzMDYybG5aRmlTOG1pbktubHNabDRNNzdidzhNb1V6Skt5YTEyVmNLMktpdzBselgyQl9veW1BTk5sWnBhcWYtVHRUcF9fQVRqUFpJVTdlc0p2S0J2dENzOC0xaDdWVnU5dw?oc=5&hl=en-IN&gl=IN&ceid=IN:en,"Wed, 08 Oct 2025 09:55:36 GMT",Future Market Insights,news,market analysis,0,0
news_584754821311676803,Industrial Roller Iron Market | Global Market Analysis Report - 2035 - Future Market Insights,Industrial Roller Iron Market | Global Market Analysis Report - 2035  Future Market Insights,Industrial Roller Iron Market | Global Market Analysis Report - 2035  Future Market Insights,https://news.google.com/rss/articles/CBMif0FVX3lxTFBvYWVqY05USkd4V3BtNUlUMmZ3VTRWSE9SUEltLUtLWVlqSUdqeURGTTlTcmJ5ajh5MUxQamFmTGpaOXA3dXR1MG9Ea0xzUG5vWWo4b1poWmlzeXZ5MmRzMTMxU3loM1Z1c1BaWkowOF9VYVpRcV93Y1dQVU9WNkk?oc=5&hl=en-IN&gl=IN&ceid=IN:en,"Wed, 08 Oct 2025 11:20:36 GMT",Future Market Insights,news,market analysis,0,0
news_2390437206582029929,Filling and Sealing Machine Market | Global Market Analysis Report - 2035 - Future Market Insights,Filling and Sealing Machine Market | Global Market Analysis Report - 2035  Future Market Insights,Filling and Sealing Machine Market | Global Market Analysis Report - 2035  Future Market Insights,https://news.google.com/rss/articles/CBMihgFBVV95cUxQcWljdmhoV0pNcExMZUc2N3A2WHdmZUFFZjJacWJCeDlkQ0VpLU1SZFF2SUw2Q3Jtckd4RVdncjNjd0JIbm15NlJNX3JCWXIzNGJsNDNZVzhtX05kQXJ2YzJlWkRra3ViOVNLRU1oV2NYMWs5dEFHUmR5SEJSaHVUMVV3eUFkQQ?oc=5&hl=en-IN&gl=IN&ceid=IN:en,"Wed, 08 Oct 2025 09:40:36 GMT",Future Market Insights,news,market analysis,0,0
news_3518241317336559201,Heavy-duty Truck AMT Transmission Market | Global Market Analysis Report - 2035 - Future Market Insights,Heavy-duty Truck AMT Transmission Market | Global Market Analysis Report - 2035  Future Market Insights,Heavy-duty Truck AMT Transmission Market | Global Market Analysis Report - 2035  Future Market Insights,https://news.google.com/rss/articles/CBMijgFBVV95cUxNeHlmd0FBb3o1RGtGTHJrM1hkUWtKTGplYm50a0ZCODNpOXl4ZWEwcFN1LWc3Wk4ta3BvR1dpdFNFWThyZVQyQnc4bjN0S1RhaklvU1pjZGZqUU5MSUp3NjZJZVVsZ29xSlBDSFBoS0tpSTY3bHNGMGtUSWJBNFVOWGowb3dBbGRrV0QzLWlB?oc=5&hl=en-IN&gl=IN&ceid=IN:en,"Wed, 08 Oct 2025 11:15:36 GMT",Future Market Insights,news,market analysis,0,0
news_5874597611762710057,eVTOL Charging Facilities Market | Global Market Analysis Report - 2035 - Future Market Insights,eVTOL Charging Facilities Market | Global Market Analysis Report - 2035  Future Market Insights,eVTOL Charging Facilities Market | Global Market Analysis Report - 2035  Future Market Insights,https://news.google.com/rss/articles/CBMigwFBVV95cUxNSVJRR0tOZkk4OU91WFpqbGJseHdxdzFzNExKd0hYY3o3Mm5SU3VnbTNZTDFCc1AxV0luaVFHc19PNmpJWE1iWkhGTDdsaVd0Z2J2WjJ2M0FhWnNZd2xDNXNBcnR6b2szT3NsbjQxQ1NlRHA4dVYxZFZRc1A1YnRhc1BNMA?oc=5&hl=en-IN&gl=IN&ceid=IN:en,"Wed, 08 Oct 2025 09:46:43 GMT",Future Market Insights,news,market analysis,0,0
news_8100100037578395333,Medical Smart Drug Cabinet Market | Global Market Analysis Report - 2035 - Future Market Insights,Medical Smart Drug Cabinet Market | Global Market Analysis Report - 2035  Future Market Insights,Medical Smart Drug Cabinet Market | Global Market Analysis Report - 2035  Future Market Insights,https://news.google.com/rss/articles/CBMihAFBVV95cUxPX1IyU3ZnaUhkcURUVWZfTVRlWnNiMFRDbEhkMERMY2pyV2p6WVpVNUFOX2xrY3UyVXY4RnY3VzJvaDRmdHkwUEdlclpIWVNDWFpYZkQtT3ZlU2dPV3NQTXJfZ3Nyd21Rc05HMkFORDU1WWxGeV93LVRoTHRxX2tVa3hNREQ?oc=5&hl=en-IN&gl=IN&ceid=IN:en,"Wed, 08 Oct 2025 12:35:38 GMT",Future Market Insights,news,market analysis,0,0
news_7147427996998184114,General Dynamics’ SWOT analysis: aerospace giant navigates market shifts - Investing.com,General Dynamics’ SWOT analysis: aerospace giant navigates market shifts  Investing.com,General Dynamics’ SWOT analysis: aerospace giant navigates market shifts  Investing.com,https://news.google.com/rss/articles/CBMixwFBVV95cUxQUXIzZ0pQNVZiMlNiUVRBY0wwN21PdnVhVFFQcG04a2pXZi01YWtsdlI2WG9KTk1fMkpqQzBQSm1SQVJFbXBaaWsyaG5UbmtoaXk1ZmRIc1hpQmRRaUtlSHdOV1VkQjdCQmdHSUp1aEd0RXotY2VjdEx2V1F1Q1Z3Wk5pWmJxaTM4WDRvZ0p6cFVGUVRjd190Q0wwbjAtMTZHbklGdmpGMFRBYmgzUmFjZXdDQWJibllJNUFHWUF4ejYwYU9ldzQw?oc=5&hl=en-IN&gl=IN&ceid=IN:en,"Wed, 08 Oct 2025 12:20:11 GMT",Investing.com,news,market analysis,0,0
news_3976776269680121788,Rail Transit Vehicle Glass Market | Global Market Analysis Report - 2035 - Future Market Insights,Rail Transit Vehicle Glass Market | Global Market Analysis Report - 2035  Future Market Insights,Rail Transit Vehicle Glass Market | Global Market Analysis Report - 2035  Future Market Insights,https://news.google.com/rss/articles/CBMihAFBVV95cUxNaXYwMzd2VWFqTGlyTEJSUm8tS09uMG1sQ2RzUS1RS2xVeGc2M1ZaWnBoX0FCbkwzZE9nb24xc0VWM2tCcV9JZEJMZjZlWXIyNmlQU2d6SEZDeEw1U1k4NVBjU2FvY3Vtbm1ETS1pdU1aa3RjM241SHVNQVMzX0VDT0M0NS0?oc=5&hl=en-IN&gl=IN&ceid=IN:en,"Wed, 08 Oct 2025 11:50:38 GMT",Future Market Insights,news,market analysis,0,0
news_6063041002680874090,Laser Measurement Integrating Sphere Market | Global Market Analysis Report - 2035 - Future Market Insights,Laser Measurement Integrating Sphere Market | Global Market Analysis Report - 2035  Future Market Insights,Laser Measurement Integrating Sphere Market | Global Market Analysis Report - 2035  Future Market Insights,https://news.google.com/rss/articles/CBMikgFBVV95cUxQbE56WlBIQThKU2RJXzB6TVBLTWF0b0ozUmJoLWdyemR4Qk9naEw3cEU5SXREdzN2MlNVV2NGM1hWMVUyQ21fd3ZRQ3VyUjloWnNHR3RWakc0ZkN4SjYxWENQYTRQR21hcDNKb0d3S05FSEhHQXhfWjRFOVJ2TGNhMC1CSlNRMERvVjM4Ri12QzJRUQ?oc=5&hl=en-IN&gl=IN&ceid=IN:en,"Wed, 08 Oct 2025 08:30:36 GMT",Future Market Insights,news,market analysis,0,0
news_3214453986629007986,Welltower’s SWOT analysis: healthcare REIT stock poised for growth amid market shifts - Investing.com,Welltower’s SWOT analysis: healthcare REIT stock poised for growth amid market shifts  Investing.com,Welltower’s SWOT analysis: healthcare REIT stock poised for growth amid market shifts  Investing.com,https://news.google.com/rss/articles/CBMi2AFBVV95cUxPTU90NEJMUTlzRERqNS0wX2lEUXBVVVFHSVBfVVBFR2dnZW1teHVJTmswZnFjNFpPYnhCUnBPRmx1dXAxUUw1NFd4S2dpVVRkNko4anJFR01WbUd1eDZZcHNmWWM4UC1BbDJ4dm9vQjBoOEF1Z0FIYW9aSTE5eExkeVF3WlVPYWd0d2NiczhKZW5FMUFndUZYQ3RiV1VQdGRiZElkandZTTlCaS1ZX2V3NkVXTVFpclZoQUs2cTVCQ0JtbDQ4QWJ1dFM3YmVkZVU2bHhadjBkQzU?oc=5&hl=en-IN&gl=IN&ceid=IN:en,"Wed, 08 Oct 2025 12:20:11 GMT",Investing.com,news,market analysis,0,0
news_1981886318190312741,Eye Health Supplements Market Growth Analysis | CAGR of 7.2% - Market.us Media,Eye Health Supplements Market Growth Analysis | CAGR of 7.2%  Market.us Media,Eye Health Supplements Market Growth Analysis | CAGR of 7.2%  Market.us Media,https://news.google.com/rss/articles/CBMickFVX3lxTE1PN2M3S25SVURyNmFueExsYjdNNWVJWmdNUGlnN2ZOenN4TFNiZ3JuNjAtNXVmeWlJaFlrN0d3N25lTHh1RW1YOGRkWjNhWGlnOWNDVVNzOFVpQ1QwSDM0VlV0WmFyRW9US0ExalZDVUlmdw?oc=5&hl=en-IN&gl=IN&ceid=IN:en,"Wed, 08 Oct 2025 09:32:52 GMT",Market.us Media,news,market analysis,0,0
news_72052633259067176,Enveloping & Stacking Machine Market | Global Market Analysis Report - 2035 - Future Market Insights,Enveloping & Stacking Machine Market | Global Market Analysis Report - 2035  Future Market Insights,Enveloping & Stacking Machine Market | Global Market Analysis Report - 2035  Future Market Insights,https://news.google.com/rss/articles/CBMihgFBVV95cUxOWWV0ZlJ5bS1NendfaUtNT0o2bUJWRE82cEdKbG92QkU2VG5xN0NscE5EUjVJMlA2UHlTSVZtSXlEdEpHOWlLZk5IUko1eGtzcnQ3Vm10aUpOanJkVmtOTXk3anljRktwVUkyVjJRNEVLdlJTemlSUy0zUFNpelZBb3Y3M3EzUQ?oc=5&hl=en-IN&gl=IN&ceid=IN:en,"Wed, 08 Oct 2025 10:15:36 GMT",Future Market Insights,news,market analysis,0,0
news_5913476193501240027,Friction Roller Conveyor Market | Global Market Analysis Report - 2035 - Future Market Insights,Friction Roller Conveyor Market | Global Market Analysis Report - 2035  Future Market Insights,Friction Roller Conveyor Market | Global Market Analysis Report - 2035  Future Market Insights,https://news.google.com/rss/articles/CBMiggFBVV95cUxPXzh5TXN2VjdScWE5OE52aVhMdEVBX09EdlpIeGZWcWcwcG1IRDlyRmhHTnpwTTVFNU1yNGFTeWxweVdWZWJBQXBaLU1rREV4SjJKSUNiSWJ5N3hCclBXM2QwR2NTaDFaVGZoWGVYTDhBejExWVNJaGh2YmlsamRJX1hR?oc=5&hl=en-IN&gl=IN&ceid=IN:en,"Wed, 08 Oct 2025 09:40:36 GMT",Future Market Insights,news,market analysis,0,0
news_5400625655469646441,(DIAM) Strategic Market Analysis (DIAM:CA) - news.stocktradersdaily.com,(DIAM) Strategic Market Analysis (DIAM:CA)  news.stocktradersdaily.com,(DIAM) Strategic Market Analysis (DIAM:CA)  news.stocktradersdaily.com,https://news.google.com/rss/articles/CBMikgFBVV95cUxQUWUta1V3OGs3MHhhdDNNbF8wN3hZS29BSXMyNWlGeU14Y09HWUdyQUkyR0lERDdiTkhSU0NUeXhreFJ2TzJRc21QMjg0UllycDlaQ1NadHJJRmw4MnZRR25qZVNvWm4yNTc4LWY5azhvcDFtT1pRUUd1MWx0d2xsUk9yckRlY1pSYVA5QmlSOUVqQQ?oc=5&hl=en-IN&gl=IN&ceid=IN:en,"Wed, 08 Oct 2025 10:19:56 GMT",news.stocktradersdaily.com,news,market analysis,0,0
news_8324822067791305328,Lane Control Signals Market | Global Market Analysis Report - 2035 - Future Market Insights,Lane Control Signals Market | Global Market Analysis Report - 2035  Future Market Insights,Lane Control Signals Market | Global Market Analysis Report - 2035  Future Market Insights,https://news.google.com/rss/articles/CBMifEFVX3lxTE1LNkJjb21JdkZFZF80UnJ6Nlo3X1RPNkNDTHZVZkw4bkdCMmtPekZGSVE1bWk5NXZVYjdvbFFVNlpLel9yMWV4NFpWRXdrRnlKcVkyNGVVRzE4VWV4VHBLZFdXbGY1RzQ1STdXblhNc05mb29YVUdRVkUyRF8?oc=5&hl=en-IN&gl=IN&ceid=IN:en,"Wed, 08 Oct 2025 08:35:36 GMT",Future Market Insights,news,market analysis,0,0
news_2490381008761148139,Dimerix says observational analysis could back speedier path to market for rare kidney disease drug - Endpoints News,Dimerix says observational analysis could back speedier path to market for rare kidney disease drug  Endpoints News,Dimerix says observational analysis could back speedier path to market for rare kidney disease drug  Endpoints News,https://news.google.com/rss/articles/CBMiwAFBVV95cUxPbnJTVkhLUDV2Q0dOQTVrb18xNkNjU3ktM1RXQ0tLUUF1Mng5ZG9EMUNIVy12bS0xSDloTzlPTWpOLTVyNW1SeWNmbXp6eW42bGN2ckNTZGVqeW5wVmk4N3NwMmNpcTZTYlUxZXhiQmRaQzFsNWU0LWNFRS1QUndyUzBQeUp4Y1c1ZHk0WUVuTUdwY1NXaV9SMlN1NUlPOW8zYUpncWNLODlSZ3lxUzFkZmFRdmU4WjFhamxqMXA4amc?oc=5&hl=en-IN&gl=IN&ceid=IN:en,"Wed, 08 Oct 2025 11:09:00 GMT",Endpoints News,news,market analysis,0,0
news_3925936280248857526,Mexico Rotary Positive Displacement Pumps Market Report 2033 - Grand View Research,Mexico Rotary Positive Displacement Pumps Market Report 2033  Grand View Research,Mexico Rotary Positive Displacement Pumps Market Report 2033  Grand View Research,https://news.google.com/rss/articles/CBMiqwFBVV95cUxQenhrYVJ2Y1dOZ2llQ0ZKZjlyUTExOThsbnBmbGYycDVaU3R3cUs4eVRZZWN0N3ZJSmpCTndJN0NBMUpWQy0xcUJyTlRtampiWGJXLWpLVXRCb1VLNUdkS0dHS2x6LWYxQkdyeHFRWjBYMU5FVzhCMk82SkNmWU5zcW9YaFFBR3FNaVpVRldXVmkzMnczSldvYk9IaTJKSExiYWpBMXQ5ckZMeHc?oc=5&hl=en-IN&gl=IN&ceid=IN:en,"Wed, 08 Oct 2025 05:47:20 GMT",Grand View Research,news,market analysis,0,0
news_8611126158290254480,Lithium & Lithium-ion Battery Electrolyte Market | Global Market Analysis Report - 2035 - Future Market Insights,Lithium & Lithium-ion Battery Electrolyte Market | Global Market Analysis Report - 2035  Future Market Insights,Lithium & Lithium-ion Battery Electrolyte Market | Global Market Analysis Report - 2035  Future Market Insights,https://news.google.com/rss/articles/CBMilgFBVV95cUxPWHBjYnZLRjRqNURickVDT3J5T2pZVjRKQ21yQWtRR1lUeXJKcmZCV1I2ZjhUOWtjVEt4NS1OUFF0QUtxdFNfT2JPaFJtVmNwcUl4dElLV0w2RzlyVDFial9KZlNDMzBQcXFOY2JNRzdOODd5SFAzNnphcUUyMkM2N2I4TnZndEtjN3NUbUxES1VMTGgxaHc?oc=5&hl=en-IN&gl=IN&ceid=IN:en,"Wed, 08 Oct 2025 12:40:38 GMT",Future Market Insights,news,market analysis,0,0
news_680838642861906828,Prefabricated Composite Sandwich Panels Market | Global Market Analysis Report - 2035 - Future Market Insights,Prefabricated Composite Sandwich Panels Market | Global Market Analysis Report - 2035  Future Market Insights,Prefabricated Composite Sandwich Panels Market | Global Market Analysis Report - 2035  Future Market Insights,https://news.google.com/rss/articles/CBMilgFBVV95cUxNdW15SnpNQTVqUEpOV2UwSEZOYlRSNmlTQWU1RlNRZXpqOHpZZUthMDhZaDhhb3RWNWs5SkVfZkIzaEZqbUdObHg3WVhnc0pXeVI1andVMWFKeElhb3J6TndQb2tmMVRMWkpONDI0eGF2a2ZWN2lPcXRDaUNOWkIyMlFGVDNrNm1rNzVveXY5S0YzMlROeWc?oc=5&hl=en-IN&gl=IN&ceid=IN:en,"Wed, 08 Oct 2025 11:20:36 GMT",Future Market Insights,news,market analysis,0,0
news_7896677267790347138,GLP-1 Diabetes Treatment Drugs Market | Global Market Analysis Report - 2035 - Future Market Insights,GLP-1 Diabetes Treatment Drugs Market | Global Market Analysis Report - 2035  Future Market Insights,GLP-1 Diabetes Treatment Drugs Market | Global Market Analysis Report - 2035  Future Market Insights,https://news.google.com/rss/articles/CBMiigFBVV95cUxPdFpsOWJzZ3I0T09DTnJJcXFCb21EM0FuQmR2OTkzUXpjT3ZRWS1QLTRCUjJrQXJ3MmdjaV9DQXdVeWNJQXNIWkctYi1kSnJZblFEMWx4TnJOdzV6ckJOVE5ZVGFHcVp0SHF6ZXN1akFjNW5RRV9zNHJJNEhFZHlaUUhMOHNMdzdidlE?oc=5&hl=en-IN&gl=IN&ceid=IN:en,"Wed, 08 Oct 2025 09:34:23 GMT",Future Market Insights,news,market analysis,0,0
news_2963916643385845508,Glass-to-Plastic Packaging Market Competitive Forces and Value Chain Analysis - GlobeNewswire,Glass-to-Plastic Packaging Market Competitive Forces and Value Chain Analysis  GlobeNewswire,Glass-to-Plastic Packaging Market Competitive Forces and Value Chain Analysis  GlobeNewswire,https://news.google.com/rss/articles/CBMi4wFBVV95cUxOX3A3Y0VmZlFtWTVFc3dfb2Yxc2lpWlZVMU5vcWRZWDlsODlmejJZV1lpZ0lha2kxR094aWZ6N0RmZHRUc2NVai1FYnhNWGtuc29qRk94UWRKX09uMTdpaDhYa183YmJ4ODlEVUJTZ1I4RjlyQkd1VFA2a3hJcVhYS2NqeXZLNklId0JGak1YczVfSm5pMUNjT2JiejBncXI1THlSeVVJNG84NlluSmpOQjluY3RwUHFGczFoWmNoMmpSaDdRX0FPVDRrMkV2NXBQUDVOTjBvcXdmU2o0ckh6bXQ4SQ?oc=5&hl=en-IN&gl=IN&ceid=IN:en,"Wed, 08 Oct 2025 13:01:12 GMT",GlobeNewswire,news,market analysis,0,0
news_4165648315643408094,"Energy Drinks Market Size, Trends Analysis 2032 by Key Vendors- - openPR.com","Energy Drinks Market Size, Trends Analysis 2032 by Key Vendors-  openPR.com","Energy Drinks Market Size, Trends Analysis 2032 by Key Vendors-  openPR.com",https://news.google.com/rss/articles/CBMingFBVV95cUxPRE1qRzl3bEVzeldIWWZsa3pUTWh5VEdxeDVTSC1pcDduM0ZFZFBrZGNJRjg3Q3Q2bUtzRXhfQVFhbjlvRVBzR1RGV3A5clNRb0c4V0ZoTklkTU9uVUpCYzVfVHpxUFZUZDB1bUdpMllBM3hXWEtrdDVjMFQzampUZHY0V2NHVGVDQ3hoQWtmVE9kaVdnOGNsdXB4c3hCQQ?oc=5&hl=en-IN&gl=IN&ceid=IN:en,"Wed, 08 Oct 2025 12:25:06 GMT",openPR.com,news,market analysis,0,0
news_8687725203999655987,Demand for Low Rolling Resistance Tire in EU | Global Market Analysis Report - 2035 - Future Market Insights,Demand for Low Rolling Resistance Tire in EU | Global Market Analysis Report - 2035  Future Market Insights,Demand for Low Rolling Resistance Tire in EU | Global Market Analysis Report - 2035  Future Market Insights,https://news.google.com/rss/articles/CBMikwFBVV95cUxQeFRYNG91c29HRVdNOW16RFI4RlJsQ3YxemtucVJ5Yy1oRmttdHN5b2FBQmIzNzZLd1U1N1pIcXV1REFmSVJDOHhXWm5oUHJfLTY5TlNyOGpYQWNsempIRWNrejU1aWk1UjN4X0tUVjFad2NvcUV2LWxIeURJSHAySkpoOGNOOTFQaW9HbjFfOHRrVnc?oc=5&hl=en-IN&gl=IN&ceid=IN:en,"Wed, 08 Oct 2025 12:45:38 GMT",Future Market Insights,news,market analysis,0,0
news_868023933113405877,Demand for Vegan Protein Bars in EU | Global Market Analysis Report - 2035 - Future Market Insights,Demand for Vegan Protein Bars in EU | Global Market Analysis Report - 2035  Future Market Insights,Demand for Vegan Protein Bars in EU | Global Market Analysis Report - 2035  Future Market Insights,https://news.google.com/rss/articles/CBMihwFBVV95cUxOZkU2czh4Vzk5MmY0Wnlpa0hJODBnSWZ1T0RaN2hjd3JRZW5wcGJrazhNNnBtLTFnSHl5dVJGajl1OUdaRldtYjRVY0VYdGN2VEZOaU8tOFl0eUlMOFFNNzJrREFFekp0SkN3dFRTVndQNV9OM2d2X3pGNzNxa3V5QTFDbHVQMEU?oc=5&hl=en-IN&gl=IN&ceid=IN:en,"Wed, 08 Oct 2025 12:55:38 GMT",Future Market Insights,news,market analysis,0,0
news_8021688101894845961,Solar Container Market Global Forecast Report 2025-2030 | - GlobeNewswire,Solar Container Market Global Forecast Report 2025-2030 |  GlobeNewswire,Solar Container Market Global Forecast Report 2025-2030 |  GlobeNewswire,https://news.google.com/rss/articles/CBMinAJBVV95cUxNSjc4NGptb3Vmb19PcEx3MnA2RS1yR2tiVkF5VVlHWDFyWndZbHlTVnVuT3ZYcjZheUxXVUhMVlZ5WnR6c3dmWlh3d3hsU0hCdlZNRml6bTA0WkJWdUxnUWIwMHJtODJwN2JzSzZDODZsaldueTdXVXBwUjNWNWRpQTZPanh5QVZzOTlGdlZwNkJEaTVIUVhLRVVybEVpOWRKMGJBZy1jaGdtQks1d1lxMWUxT0RHb2EtR0FHV3ZsNDF5QzFMakJhVm5McF9ELWxCVV91VjMzU3h2VXFWZ19kSXhDbWZvQ2oyU0MtdTBCRnNkUkN4YjI5a1FpMXdPb1pPU2FPZ29NSi1qLVNPbzNrdEthdVBkcDlycVF0Yw?oc=5&hl=en-IN&gl=IN&ceid=IN:en,"Wed, 08 Oct 2025 09:11:10 GMT",GlobeNewswire,news,market analysis,0,0
news_4067415205051647410,(ITH) Market Performance Analysis (ITH:CA) - news.stocktradersdaily.com,(ITH) Market Performance Analysis (ITH:CA)  news.stocktradersdaily.com,(ITH) Market Performance Analysis (ITH:CA)  news.stocktradersdaily.com,https://news.google.com/rss/articles/CBMikwFBVV95cUxQbE5iSFUtQ0xKWEtLY0JYNDhObFF1eFdKSzJKTGtvcVNmUlgxdmh3T3BsMUVfOEhvOU0tMWpNeHh6LWVJdE1yXzctbjNmZnRORE5QUGE0WmJTNTlSeEFqSWZQV09BcjVnU2NLMkxzSUQ3aFQzM2pHY0RINHJvV21UVUs5UU5QdW9UTzdFSHd0X0M4N3M?oc=5&hl=en-IN&gl=IN&ceid=IN:en,"Wed, 08 Oct 2025 12:46:53 GMT",news.stocktradersdaily.com,news,market analysis,0,0
news_8287892220225016609,Demand for Plant-Based Milk in EU | Global Market Analysis Report - 2035 - Future Market Insights,Demand for Plant-Based Milk in EU | Global Market Analysis Report - 2035  Future Market Insights,Demand for Plant-Based Milk in EU | Global Market Analysis Report - 2035  Future Market Insights,https://news.google.com/rss/articles/CBMihAFBVV95cUxObjNfWDltU2pMUktiUzMtLU1qejBSZkktQ0tmaThvM0JvMmJtVkxhWjJQaEQzYVRHeFZhZEVLbndPdkxxWncyVVB0dlRDbkZBV0QtWHlqc1ZNMUtyLUhCdFZoM3dpS1FUOUtkT1FEbU1DX251X3BSZVJ3RHB5ZnduRmxoUFk?oc=5&hl=en-IN&gl=IN&ceid=IN:en,"Wed, 08 Oct 2025 12:55:38 GMT",Future Market Insights,news,market analysis,0,0
news_2831869151944670843,"Reynolds: Awards Market Analysis, Week 6 - Establish The Run","Reynolds: Awards Market Analysis, Week 6  Establish The Run","Reynolds: Awards Market Analysis, Week 6  Establish The Run",https://news.google.com/rss/articles/CBMieEFVX3lxTE85em5QM3JtVnJhNHktUk15elVyWkZNWnIxWENtanRrQWZKSEo0Y3ozQjJRU0JzVXE2WVVRb3BKZzN4aS1lSGhsZzFkTFQzV3VudzB5cU5Dcm1KSUdoUnFNQ3AwaWlzN0F6RWJCd3hzRWs0NVBQdlBNXw?oc=5&hl=en-IN&gl=IN&ceid=IN:en,"Tue, 07 Oct 2025 18:53:36 GMT",Establish The Run,news,market analysis,0,0
news_5080000401190600859,Honda's grip on Vietnam motorbike market looks shaky on EV switch - Reuters,Honda's grip on Vietnam motorbike market looks shaky on EV switch  Reuters,Honda's grip on Vietnam motorbike market looks shaky on EV switch  Reuters,https://news.google.com/rss/articles/CBMiswFBVV95cUxNeXEzOGVFVTZiRU9CR2VYd2dxVHBpbS1CMFJOQmNvb3lMeFJFeHN4bi1aY0IyUWM1ekd2Tnk0X1F3dUJGUG1tZUFhS2h0YWJPaGVuSndzejh4cVJ0ZmtuYjdnc1JyV0lmS19iSFhpMkVjQnVFT0xOQU9WZ3AyRU5YODdWWWd3YU9aRloyakI4YnRPZnZGNTlCSXF3eHM3N244d0lRWENYaUo2Q3JXQVVOZVFBUQ?oc=5&hl=en-IN&gl=IN&ceid=IN:en,"Wed, 08 Oct 2025 04:09:00 GMT",Reuters,news,market analysis,0,0
news_7780781156044317659,Emulsifiable Metalworking Fluid Market | Global Market Analysis Report - 2035 - Future Market Insights,Emulsifiable Metalworking Fluid Market | Global Market Analysis Report - 2035  Future Market Insights,Emulsifiable Metalworking Fluid Market | Global Market Analysis Report - 2035  Future Market Insights,https://news.google.com/rss/articles/CBMiiwFBVV95cUxQVWFzOVBMdXVxejJrdmZNbEZtb04zNmFIZ2k2Uno0T0IyWGlJR2w3Tmpwc3hibFNhQ09NdndVVEpERHUyelRid2dhaWlvWkRWcjVGRkhVU0tFeEhJMmUxNmNiYkJzdGhlak9SWDBfNEdVZE56VTNNZTJPbldGaFJlM2V0UExCMHhZOE5j?oc=5&hl=en-IN&gl=IN&ceid=IN:en,"Wed, 08 Oct 2025 09:30:36 GMT",Future Market Insights,news,market analysis,0,0
news_5155760854399260700,High Barrier Pharmaceutical Packaging Films for Blister Market | Global Market Analysis Report - 2035 - Future Market Insights,High Barrier Pharmaceutical Packaging Films for Blister Market | Global Market Analysis Report - 2035  Future Market Insights,High Barrier Pharmaceutical Packaging Films for Blister Market | Global Market Analysis Report - 2035  Future Market Insights,https://news.google.com/rss/articles/CBMiqwFBVV95cUxNQWZEandGem9ZTUI2Q3JsMFpwQ1ZtNE9hQXFJcnpUNnY4bWFEMDVQb1NYNzhUd1czRDMwN3AydEE0b2JpSm5aNV9QOXUxbWhRU0l0S1VKOGJ5WUIyNlV1MTdLeGRhdDFjUDkzdGVrcHYxcWtSNVpFV0FlakVlR1ppZ01GQ1hpQWdMandFY0JrYUx4RVp6ZGZGenc5OXdCdlFuMEViT3h5eDd5V2c?oc=5&hl=en-IN&gl=IN&ceid=IN:en,"Wed, 08 Oct 2025 11:10:36 GMT",Future Market Insights,news,market analysis,0,0
news_5077627506721722839,Modularised Emulsion Plant Market | Global Market Analysis Report - 2035 - Future Market Insights,Modularised Emulsion Plant Market | Global Market Analysis Report - 2035  Future Market Insights,Modularised Emulsion Plant Market | Global Market Analysis Report - 2035  Future Market Insights,https://news.google.com/rss/articles/CBMihAFBVV95cUxOencydDMwTzJHTEMzbHpJQkZPUm1ZVW1tZGZDWWRFS0R3Y25hMjRWSURXTVJTTktZcUlpNWRtUnpXdzk5aS1WVkNhRHB3N1lkY1NfS1BjSFQ1Y2VmUzlUa3RZSnpGbWlCcGE3cEV6YUVNWi1GbnZZaEpOUjRyU0F5b1V6QUc?oc=5&hl=en-IN&gl=IN&ceid=IN:en,"Wed, 08 Oct 2025 11:55:38 GMT",Future Market Insights,news,market analysis,0,0
news_4689578590272048872,Global Medical Device Outsourcing Market Analysis 2025: Supply - openPR.com,Global Medical Device Outsourcing Market Analysis 2025: Supply  openPR.com,Global Medical Device Outsourcing Market Analysis 2025: Supply  openPR.com,https://news.google.com/rss/articles/CBMingFBVV95cUxOYTlrY3prXzJJbC1yb0p3bVh2NXZlekVTMmFUR2tjb1RpM1YxeW9CVVV5UUNMUW5qMEk2aUw4ZVB4Um5KMVdjQlZwV2xXWXJYLTJKVWtaTGw0NHk2LXlQSXEwUHN1NFNEOFRiczQxUUpfNDlpaFRaSUNINHR3M1JyQnVZUEprU3hFak5ERE13U0xDbWkzdkxhUEs2VVV0QQ?oc=5&hl=en-IN&gl=IN&ceid=IN:en,"Wed, 08 Oct 2025 05:11:49 GMT",openPR.com,news,market analysis,0,0
news_3016916506833634290,(CFX) Market Performance Analysis (CFX:CA) - news.stocktradersdaily.com,(CFX) Market Performance Analysis (CFX:CA)  news.stocktradersdaily.com,(CFX) Market Performance Analysis (CFX:CA)  news.stocktradersdaily.com,https://news.google.com/rss/articles/CBMikwFBVV95cUxQemM0eENwN0YyNnQ0RkxMYlVWZ2NPM05qQ1h2R1lZSmJCTENTNGk4NTl0Vmk5OVFIcVBOTEFOekx1aGRSbllWbktmNjg1aWVXRHRqckNfeEZKSGNYSXM2eXZSRHVWT3N2UkNvNUlCWDBWRmxVN0xvVHJhRERCZGlvQTZBWEZYZmZSWVpPT1g0WHR2WEU?oc=5&hl=en-IN&gl=IN&ceid=IN:en,"Wed, 08 Oct 2025 09:47:03 GMT",news.stocktradersdaily.com,news,market analysis,0,0
news_4940714466495047626,Cleanroom and Lab Surface Contamination Control Products Market | Global Market Analysis Report - 2035 - Future Market Insights,Cleanroom and Lab Surface Contamination Control Products Market | Global Market Analysis Report - 2035  Future Market Insights,Cleanroom and Lab Surface Contamination Control Products Market | Global Market Analysis Report - 2035  Future Market Insights,https://news.google.com/rss/articles/CBMirAFBVV95cUxQamJfMDdoLTNMUXBRcV9Db2pHcno4ZElRTXZuN01XQXR2cDFCSy1ZMXpLTWstQkRPQmlKTVZDX0F2TGR3d1VvNzhtWWJGSlBuZm11OUE4Z0VoUnFZZUNaZ3k4TWNCd0x2NTltblp1cE9iSV9HSHpfRklYb3FsMjVjMTRVUU5KeWVIaFc0VjUxVWlzdi1kVTdVajFpdUNxbU1TaU8wY3NHQkdUaU16?oc=5&hl=en-IN&gl=IN&ceid=IN:en,"Wed, 08 Oct 2025 07:35:35 GMT",Future Market Insights,news,market analysis,0,0
news_8596869758322242472,(CWL) Market Performance Analysis (CWL:CA) - news.stocktradersdaily.com,(CWL) Market Performance Analysis (CWL:CA)  news.stocktradersdaily.com,(CWL) Market Performance Analysis (CWL:CA)  news.stocktradersdaily.com,https://news.google.com/rss/articles/CBMikwFBVV95cUxNTzFOQW5JZlVteVVVMTB4enhhbjJ0S3lPUXBNbVExUmRULUd5VVpMU1h1ck1IS0poMkUxOVI4eGtkZUZLOWVPeDBwd1UwdHE0bVFOaG8yTWxMU1FPWTVlbV83RlpubGo3RUxIaVRMYnJLdTVwRElFZXI3SFZ6dy1rQTk1Z1JWUW9JSXBsaGdZX21nSk0?oc=5&hl=en-IN&gl=IN&ceid=IN:en,"Wed, 08 Oct 2025 10:09:45 GMT",news.stocktradersdaily.com,news,market analysis,0,0
news_3870176572417272454,(AUMN) Market Performance Analysis (AUMN:CA) - news.stocktradersdaily.com,(AUMN) Market Performance Analysis (AUMN:CA)  news.stocktradersdaily.com,(AUMN) Market Performance Analysis (AUMN:CA)  news.stocktradersdaily.com,https://news.google.com/rss/articles/CBMilAFBVV95cUxNcl9tQXpyNlJFakVTTjJFZnhTMzAtV0ZDdkNhZ0lMOTc2NmdpM3dQaDl1eVJvYm00NGpLdlBMQUpJSUplR0NSZV9HVTNxb3hnQlVmYl9mR1JkVE1aTXpVM2Jxd01YYmVfTDdjMk51QXFIUXZCQXp0akwzSDhNenQtc0pwdC1wU3VvLXcweG1FcFowS091?oc=5&hl=en-IN&gl=IN&ceid=IN:en,"Wed, 08 Oct 2025 09:02:08 GMT",news.stocktradersdaily.com,news,market analysis,0,0
news_4140415189809978577,"Talent Acquisition Software Market Size, Growth Analysis 2032 - openPR.com","Talent Acquisition Software Market Size, Growth Analysis 2032  openPR.com","Talent Acquisition Software Market Size, Growth Analysis 2032  openPR.com",https://news.google.com/rss/articles/CBMinAFBVV95cUxPWXluMGVjaGFUbTEyWDdhWXdXR1V1UHBtd0lVX2FITEZkbW8wdjJWQnV0OUxlME5tTUt5R0gzTzRWMkhHMDk3Z2lsUm8xLUlhalU5eVJNT25fTUN3WE0xdDBQYXFTRzJaSDFyY0NJVlF4cjlqRHduSUloOEx6TW5TZHRMQ1p2RVkzR1laSW5PQVNmZGpkanJmTEJtUFg?oc=5&hl=en-IN&gl=IN&ceid=IN:en,"Wed, 08 Oct 2025 11:40:47 GMT",openPR.com,news,market analysis,0,0
news_6906419310991153648,Analysis-Turkey’s gas shift threatens Russia and Iran’s last big European market By Reuters - Investing.com,Analysis-Turkey’s gas shift threatens Russia and Iran’s last big European market By Reuters  Investing.com,Analysis-Turkey’s gas shift threatens Russia and Iran’s last big European market By Reuters  Investing.com,https://news.google.com/rss/articles/CBMizgFBVV95cUxNM1kxNUxvSXVkOV9uOUhsVTh3VkQ2azBwYkpxbFBZSUlpdnJhdjZvUkRzdWhDdVRSeG5FZ2lSSHhWWFR4LURfbVp6VGdjTUNVdjRjZjJUTDY1aHkxOHpBYlNjWWpOSlJoRXVMQ2diUFFNRzZzSnJON3c1UTlpVGtwaW5yRmZIc29FMHRLZW83Q2JuY2RDMHVva0M1ZDJwY2hPakRsblluYnhhX3BDZlhFYm5iMVJxSWtWOE5fdGo0ODJsQUdBdTEyRGNBbWNnUQ?oc=5&hl=en-IN&gl=IN&ceid=IN:en,"Wed, 08 Oct 2025 06:15:13 GMT",Investing.com,news,market analysis,0,0
news_5458288105817176059,CNC Abovefloor Wheel Lathe Market | Global Market Analysis Report - 2035 - Future Market Insights,CNC Abovefloor Wheel Lathe Market | Global Market Analysis Report - 2035  Future Market Insights,CNC Abovefloor Wheel Lathe Market | Global Market Analysis Report - 2035  Future Market Insights,https://news.google.com/rss/articles/CBMihAFBVV95cUxNZHl0TUJzSUlYLUpLblNrTDhqdHJFX0EyLUFhMmdRZ3FUeVBQRWFyeGVtUnpjV09qN1o1eGFqZEF0MFl4TUg0QlRRYjRWU3FsYUFJYWpTVHpMM0d6VFI5VjdvLTRxYWFDOVM0UGNMb19uclFPeVNDeXE3QjdHM2VoV0FTb3E?oc=5&hl=en-IN&gl=IN&ceid=IN:en,"Wed, 08 Oct 2025 07:40:35 GMT",Future Market Insights,news,market analysis,0,0
news_111245609166700296,(QQD.U) Stock Market Analysis (QQD.U:CA) - news.stocktradersdaily.com,(QQD.U) Stock Market Analysis (QQD.U:CA)  news.stocktradersdaily.com,(QQD.U) Stock Market Analysis (QQD.U:CA)  news.stocktradersdaily.com,https://news.google.com/rss/articles/CBMijAFBVV95cUxNc3JkRzA3VXk1Qy1yclhPdDBZTDFzV0dXejhHMzNJa0xhWW55ZXU0cVhPNHQ5Y3ltSjdLb0dJeERmV2lhWHl1S1p3QlAtYjFVNXpUaEswM2xHYmhxbVRUdDdQUmZvLW5ybGEteWZrdGtJUjVUckNMNUd3OWJZVHl1OU16S3NSekFGX1M1Wg?oc=5&hl=en-IN&gl=IN&ceid=IN:en,"Wed, 08 Oct 2025 05:10:09 GMT",news.stocktradersdaily.com,news,market analysis,0,0
news_8642920921379997624,Cholesterol Esterase Market | Global Market Analysis Report - 2035 - Future Market Insights,Cholesterol Esterase Market | Global Market Analysis Report - 2035  Future Market Insights,Cholesterol Esterase Market | Global Market Analysis Report - 2035  Future Market Insights,https://news.google.com/rss/articles/CBMifEFVX3lxTFBSbFY5TUNnU1VmTkFwUTBNMXQ3cWMwOU1QZHhqWEM2Sk1QQTZDTGdNVmhxMWZLSDJiYzNvWFczMEhMektNaG96LXV1VzVQNkhUUTgwaVZJOVZQaFpVbjZCSEI2bmJZWGVvcE1hb1Z1QmVXM0FFdUVURXBTMVc?oc=5&hl=en-IN&gl=IN&ceid=IN:en,"Wed, 08 Oct 2025 07:30:35 GMT",Future Market Insights,news,market analysis,0,0
news_2707701142991673307,"Language Learning Market Size, Trends Analysis 2032 by Key - openPR.com","Language Learning Market Size, Trends Analysis 2032 by Key  openPR.com","Language Learning Market Size, Trends Analysis 2032 by Key  openPR.com",https://news.google.com/rss/articles/CBMimAFBVV95cUxORXpZQ1RiTE5VSVdVamRHenlsaFh4ZDBGb3J0aGZmZmluWHh3YjFsVHd5R2FKRHgyM3JZdmpKY2JiUVBGRkdTVDIydnQ3RExLdTk4WnlBSkhJaXFmbkVmc2paNmRVOThnSm8wbFpVNHFSWktQZzByRVVHN0ZaZm5ybjU3cTJOb3RQUXhVNE43Nm9PMVJld1lqVA?oc=5&hl=en-IN&gl=IN&ceid=IN:en,"Wed, 08 Oct 2025 11:55:07 GMT",openPR.com,news,market analysis,0,0
news_7613659980509912492,"Submucosal Lifting Agent Market Analysis Highlights Rising Demand, Notes Persistence Market Research - openPR.com","Submucosal Lifting Agent Market Analysis Highlights Rising Demand, Notes Persistence Market Research  openPR.com","Submucosal Lifting Agent Market Analysis Highlights Rising Demand, Notes Persistence Market Research  openPR.com",https://news.google.com/rss/articles/CBMimgFBVV95cUxOVFIwa1FDYnplWlREcEY2VFVaU1ViNDdza1hwTE03a1pkR004ZTVjSG1YMGxZbEc5Z1BkdHFrSDlCd09CU0k0N0p3RTlWN1dSZDRuUVJPNVhaVFROZmtqM2psX3JMNlRnMkt1Tk1RU2I5Tmx5NXh3NWJ0OUgtbWdqUkh4YmJPU3lGNGJpTUR5U2Fva3NMQ0NZaGJB?oc=5&hl=en-IN&gl=IN&ceid=IN:en,"Wed, 08 Oct 2025 06:36:46 GMT",openPR.com,news,market analysis,0,0
news_1948954257413187465,"Adirondack Blue Potatoes Seeds Market Research With Size, - openPR.com","Adirondack Blue Potatoes Seeds Market Research With Size,  openPR.com","Adirondack Blue Potatoes Seeds Market Research With Size,  openPR.com",https://news.google.com/rss/articles/CBMilwFBVV95cUxPakQ4OUk1eTh0RmEzUWxudVBRVEZnWGZoLTByUkI5NHQzV1lQbC1uX0xMLVZfN3lMZ0hlZEtWbnlMYlJqWG9jRDVOUl95VmV2R1V4a1BuamFIRzlhYTBUUmZvX2lkb253Zl9WcVlDaVNoSkFMQXIzek83TWtYYmtHMUgxY3N3b3dtT25WSng2RWdnbm5tcTRJ?oc=5&hl=en-IN&gl=IN&ceid=IN:en,"Wed, 08 Oct 2025 09:52:13 GMT",openPR.com,news,market analysis,0,0
news_5276414540676267317,Commercial Vehicle AMT Transmission Market | Global Market Analysis Report - 2035 - Future Market Insights,Commercial Vehicle AMT Transmission Market | Global Market Analysis Report - 2035  Future Market Insights,Commercial Vehicle AMT Transmission Market | Global Market Analysis Report - 2035  Future Market Insights,https://news.google.com/rss/articles/CBMikAFBVV95cUxPUDFMdloxS0NnTVh4SnN0RmozMVR2VE9yS09DQnR1VGlESFc5RjUxQ1RNaS1ZMVBUaHZRT0tQdzJVNTZPdThRbDBjM084V0hqb1hJREFHVGxJVkpJSnVwdk1ocTZCTFRwaFdxdUQtaFg4LW14dFJnUmxJM2FpV1Z0U3pLbU9BMW1zUUh3eFBpbWg?oc=5&hl=en-IN&gl=IN&ceid=IN:en,"Wed, 08 Oct 2025 07:45:35 GMT",Future Market Insights,news,market analysis,0,0
news_6847240292110155453,"IoT Sensor Market Size, Growth Analysis 2032 by Key Vendors- - openPR.com","IoT Sensor Market Size, Growth Analysis 2032 by Key Vendors-  openPR.com","IoT Sensor Market Size, Growth Analysis 2032 by Key Vendors-  openPR.com",https://news.google.com/rss/articles/CBMimgFBVV95cUxNYmFaaGlTTS1ER0IxdUI5bXI0aUYyT2c0N2xVQ0NkQXhocFhuTjNLajB0bHJOZGVQU2tBUVhMbW9zSlRCYTdFLW1Xcng4Y0hFbTNjdmNlVXVXVng4ZWZ1Y0RhUzRCVDNpaWhUbURNUVZPTTN2MzhzMHBOSEtoVXdkR3otTVRuVFhPM2VMX0hOWHFUckpZUWFIYTln?oc=5&hl=en-IN&gl=IN&ceid=IN:en,"Wed, 08 Oct 2025 12:12:18 GMT",openPR.com,news,market analysis,0,0
news_4920073813651680140,Demand for Food Waste Management in EU | Global Market Analysis Report - 2035 - Future Market Insights,Demand for Food Waste Management in EU | Global Market Analysis Report - 2035  Future Market Insights,Demand for Food Waste Management in EU | Global Market Analysis Report - 2035  Future Market Insights,https://news.google.com/rss/articles/CBMiiwFBVV95cUxNcC1XOHFCVERGUG1NWlV1dm40TnI2ejVtdjdEOWt0dUdKTWVLVjhlZmllSkNsdWtGNFgzRHZySEE3S2dDWHlueUNOZmR4Y19NQnBmS3NkZllWOE5JaVRlNEZORjNDUWlDVUt2YTdDbG90ZWVPdEhuUnJZcVBiREl4Sno5VjZ0WUhuMVg4?oc=5&hl=en-IN&gl=IN&ceid=IN:en,"Wed, 08 Oct 2025 12:40:38 GMT",Future Market Insights,news,market analysis,0,0
news_1714881031474165540,Gel-Type Strong Acid Cation Exchange Resin Market | Global Market Analysis Report - 2035 - Future Market Insights,Gel-Type Strong Acid Cation Exchange Resin Market | Global Market Analysis Report - 2035  Future Market Insights,Gel-Type Strong Acid Cation Exchange Resin Market | Global Market Analysis Report - 2035  Future Market Insights,https://news.google.com/rss/articles/CBMimgFBVV95cUxOMXFGUmROM3o3YnNYSzN3M0dXT1NzNk1KT1I5MFcxRHVrczE2M0dhS3NEcjU1enV6NGltN0N0SV9CV2djMmRBYkRwYV9ieFZIeE5hSW14QkhjUHlMUDViR0JvZkYtZkdILVllQXFSSTVQaFlqazFadEljbkVmM09pMUl3YjVxaHpIRXFVREVLVVFCbjNfQ0tqa2FB?oc=5&hl=en-IN&gl=IN&ceid=IN:en,"Wed, 08 Oct 2025 09:35:36 GMT",Future Market Insights,news,market analysis,0,0
news_7767920199310542998,"Meal Planning Software Market Trends, Investment - openPR.com","Meal Planning Software Market Trends, Investment  openPR.com","Meal Planning Software Market Trends, Investment  openPR.com",https://news.google.com/rss/articles/CBMiiwFBVV95cUxOa21RZ3lhVUZEakZFeFJfNjdSaU1jZ3hEV19rdDNtekFJREN3dFo5QTdIR0VZcFhxaUFvdXNUcUE0Q0V4aEd2MmxtSVNuc0s5ZElWZzkwYzJnNGI0Z0JFbnd3c0FmQzVOWmVabjR2T05Xb2haSE5JMGhfMmQ2ZVY1VXB4STVIUmlBZWxR?oc=5&hl=en-IN&gl=IN&ceid=IN:en,"Wed, 08 Oct 2025 12:24:26 GMT",openPR.com,news,market analysis,0,0
news_7084120328465039894,"United States Fiberglass Market Size, Growth Drivers & Analysis Report 2033 - openPR.com","United States Fiberglass Market Size, Growth Drivers & Analysis Report 2033  openPR.com","United States Fiberglass Market Size, Growth Drivers & Analysis Report 2033  openPR.com",https://news.google.com/rss/articles/CBMinAFBVV95cUxPeTFWRHlCTVVoZnlWMWVpQi1aemJLeWtqMmJZREJYRDJzQU9EWkNCazlLckd6aWNWZ0ZuS0pGNEVjZm5LNHhkWTNNTUtCdm8xSmJwZ2JrWGhXTURubC02M0lvVFNuMzRCT0s5X0h0MW9oUUJzM2lJZ01OR0h5VFVGY3YyLWFZdzBHY2VjTUtjV0c4Szc1YjFzRDhlT1c?oc=5&hl=en-IN&gl=IN&ceid=IN:en,"Wed, 08 Oct 2025 09:56:39 GMT",openPR.com,news,market analysis,0,0
news_8249327408624913473,PPL’s SWOT analysis: utility stock poised for growth amid market shifts - Investing.com,PPL’s SWOT analysis: utility stock poised for growth amid market shifts  Investing.com,PPL’s SWOT analysis: utility stock poised for growth amid market shifts  Investing.com,https://news.google.com/rss/articles/CBMixgFBVV95cUxOMl91WW43TjFDaUlDbkY2d2hMejY5dVA2T05KVl9WdE1WNDMzdjJ5djB3dmNmMUtWZnhGZTN5QVRHQ0RsUlplczRvbXlZN3FtNUxINzdKdzVqYXRPX1cwSWp2Rm5feGgyejUwSm94TmZIUnowa3lvMERiYTM5R0taMjBsMUpLWGxFZVM4bHlwQzZMSGJCLWpsUlpJSXBNaUozYkxBYzRZQ2lvSFZIT3o0VS1KejdvYXJnem4zei00YlV5d2JwMGc?oc=5&hl=en-IN&gl=IN&ceid=IN:en,"Wed, 08 Oct 2025 12:20:12 GMT",Investing.com,news,market analysis,0,0
news_865906068108513067,[Latest] Global AI SDR Market Size/Share Worth USD 47.12 - GlobeNewswire,[Latest] Global AI SDR Market Size/Share Worth USD 47.12  GlobeNewswire,[Latest] Global AI SDR Market Size/Share Worth USD 47.12  GlobeNewswire,https://news.google.com/rss/articles/CBMi7AJBVV95cUxNaWNZWFMyaXF1YXRkeU03RXJCM0Rsc1EzSEt3VWFXMmk0X0Vha3BnOHkwU1NmRjd1QlJnRHpYMkpONEtDNlMtSmN2ajhhejRLanZjdHhVMkhGVlVhUTk3dFJZb05qVmt3NmZROUYtUE04TkJHU0Y1M1NWUU1fRnpGYnJYRnBFcV9FSEZwc01fLUJ6RWp3d3ZTd21mOUhYTXVNQ0wyWXR4RnFLQnRqWUZweTIyMFlQQWczTXY0aV9idU84ekExZlYwdEdOd2p2MEU4U0thR0dqcFlHRW5lSF9TTnk2bWV6b0VPYkQ1RXFoZnZKOTYxS0ZGMHFkY1F2M2pKLTlZVmtWSjVmLW1QNDdiZ3JMZkZFOGZMSHM1MS1GTkR1ZkEtbWdnb2tEcUJzZEtSQ0pmSkhuQ3d2dzRvX3RVSEpCMXZlMHdqZHlvMFFOdl92anA1anNHN3E0a0cyc0pBQ0N6SmZtSUZEYWxa?oc=5&hl=en-IN&gl=IN&ceid=IN:en,"Tue, 07 Oct 2025 21:34:46 GMT",GlobeNewswire,news,market analysis,0,0
news_4673975988081543728,S&P Global’s SWOT analysis: stock outlook amid mobility spin-off and market shifts - Investing.com,S&P Global’s SWOT analysis: stock outlook amid mobility spin-off and market shifts  Investing.com,S&P Global’s SWOT analysis: stock outlook amid mobility spin-off and market shifts  Investing.com,https://news.google.com/rss/articles/CBMi0gFBVV95cUxQUDl2b0JLWkRPaTU1U1hod0VwR3ZiNmhxek92QUpxU0ZjcUNHT0F2YV9aN292VjVhSlQxX2NtQmd1YTlZYkJWcjk0MlVaMzc0TDVNZk1jU1FQMzZwSjctbUtmd0V5aTM5Wmh4ZVhWRDAyV1RzSnhSWTNvQUNzSWtqa3BadUNoMl80cDU2bHJPRzJ6Qml1eE1TV0NNUjRBX2JkR2tFYU5SNm9IbVBSYjFTY0U2Rm1ueTk0Tkw4Q0hyQXlJRl9WdFNkOFBpczhuZ1FEWmc?oc=5&hl=en-IN&gl=IN&ceid=IN:en,"Wed, 08 Oct 2025 12:20:12 GMT",Investing.com,news,market analysis,0,0
news_812178297463695702,Data Center Router Market Analysis and Forecast Report 2025-2034 | Key Players Lead Competitive Push in Advanced Router Technologies - Yahoo Finance,Data Center Router Market Analysis and Forecast Report 2025-2034 | Key Players Lead Competitive Push in Advanced Router Technologies  Yahoo Finance,Data Center Router Market Analysis and Forecast Report 2025-2034 | Key Players Lead Competitive Push in Advanced Router Technologies  Yahoo Finance,https://news.google.com/rss/articles/CBMihwFBVV95cUxQbkV3SnZ5UXhRNUVDZWZHS2V4amhSVUYyVldFcFA0X0JZaVF3TVczQkJaZ3lNVG9TRlBUYWpoMXpzN09Zal94QUNVZmZJZjZzcWtVOVd2MmFRSDg2ZFF0T19OSHVCNmx1bm1CUXV5SU92ZEk0LUdKTklwS21GbWpLeXF1V3ZQU1E?oc=5&hl=en-IN&gl=IN&ceid=IN:en,"Mon, 06 Oct 2025 14:01:00 GMT",Yahoo Finance,news,market analysis,0,0
news_6033630606195982326,(MUMC.B) Stock Market Analysis (MUMC.B:CA) - news.stocktradersdaily.com,(MUMC.B) Stock Market Analysis (MUMC.B:CA)  news.stocktradersdaily.com,(MUMC.B) Stock Market Analysis (MUMC.B:CA)  news.stocktradersdaily.com,https://news.google.com/rss/articles/CBMijgFBVV95cUxOOWdsdmQ0SXpjY3A3bG1fSlRLVDV6eHdYU09ZT2cyS20xSHViSDB6NFY0WFhUeWIwbEVRVUkwM01xaHQzWnRrbHR5RnItUnRiRXBZNEpZY0dnWU95eWpCZDBDMlplRFVscDg5N3lYSVNSNWRRQ1h5S0ZTdHN2OTlGSlQ0QTFjUEduVnZJeVN3?oc=5&hl=en-IN&gl=IN&ceid=IN:en,"Wed, 08 Oct 2025 03:16:19 GMT",news.stocktradersdaily.com,news,market analysis,0,0
news_5929703799607039754,"Supply Chain Analytics Market Size, Growth Analysis 2032 by Key - openPR.com","Supply Chain Analytics Market Size, Growth Analysis 2032 by Key  openPR.com","Supply Chain Analytics Market Size, Growth Analysis 2032 by Key  openPR.com",https://news.google.com/rss/articles/CBMinwFBVV95cUxQSzFyT3g0WWFSN1ZHM1ZteGdpQkZ6R3RVai0zOGJqbmxXQ3BXTUFHRUU1ajIzUWFidnAtbkE3T1dNQklYeWNLSUJ3VnozeG5pN19XcjV1cThwLTZQZTJZV1lJQVFlV2Z5UXpqZkdSY2lIMTdhcjFHc2VMbUFLQlRfSXJLVWdZY3ZPTVB3eWJ6YUgzdlVxWkttc0JLUlBSaE0?oc=5&hl=en-IN&gl=IN&ceid=IN:en,"Wed, 08 Oct 2025 10:30:45 GMT",openPR.com,news,market analysis,0,0
news_7136940386434106095,(KNGC) Stock Market Analysis (KNGC:CA) - news.stocktradersdaily.com,(KNGC) Stock Market Analysis (KNGC:CA)  news.stocktradersdaily.com,(KNGC) Stock Market Analysis (KNGC:CA)  news.stocktradersdaily.com,https://news.google.com/rss/articles/CBMijAFBVV95cUxOcUxJWDBZSzdWVFRzcXhMMmlzS19IREVjWXRsOHdObUNSZDdSeFZOaWRvQVFSdS1rWHlmSnZRRXlNeE9MbVZtakIzQ3lEYnRYZkdTM3dIUUpYVlBGZFA2MXRUc05Id0QwTzdXN0JxeTh0a2VXU2lpckRkQ0J0VEk4M2VxMTdMcGd2bXJEZw?oc=5&hl=en-IN&gl=IN&ceid=IN:en,"Wed, 08 Oct 2025 03:05:53 GMT",news.stocktradersdaily.com,news,market analysis,0,0
news_5443251811230867258,EMG Collaborates with S&P Global Mobility to Launch Competitor Intelligence Feature in Maven Helping Dealers Make More Informed Ad Decisions - Yahoo Finance,EMG Collaborates with S&P Global Mobility to Launch Competitor Intelligence Feature in Maven Helping Dealers Make More Informed Ad Decisions  Yahoo Finance,EMG Collaborates with S&P Global Mobility to Launch Competitor Intelligence Feature in Maven Helping Dealers Make More Informed Ad Decisions  Yahoo Finance,https://news.google.com/rss/articles/CBMihwFBVV95cUxNNnhOVzZHRTYzRF9aRVR1RmRURlYzb0I0cnl4RUpiYWM1X09LWFNkRktPNkdMb1dmMWozT183LTNFV0x6V2Q0U3haWl96OENRTWRzR3J4eXg1RkpWVmszRk0zMlFyTUlWRHZxVHZad2w5VTNvUE12R25IWnVTTzdvQWVqU05Xd1U?oc=5&hl=en-IN&gl=IN&ceid=IN:en,"Tue, 07 Oct 2025 12:36:00 GMT",Yahoo Finance,news,competitor intelligence,0,0
news_1887602213727892149,Ipsos Rx Insight Store: Your On-Demand Hub for Healthcare Market Intelligence - Ipsos,Ipsos Rx Insight Store: Your On-Demand Hub for Healthcare Market Intelligence  Ipsos,Ipsos Rx Insight Store: Your On-Demand Hub for Healthcare Market Intelligence  Ipsos,https://news.google.com/rss/articles/CBMingFBVV95cUxOVG1xUGVjdnZLVzU0MF9Ka0R2WEV5ajhUZDFvZWtjMXBweEhaaW8wMmlFNXBITzVlTU5qMVFRTzBZTGhnN25GV0dJazB1cXBrZExaMnNJY2JpZVZQMXhoSm9NLVMxNV83VlNya0pKVkF6NEwzMksxSnNBMXJBUzI3Q1gybFRVdlNvYXpnbWdqWThtVFg1TzhjTm4wdnE3QQ?oc=5&hl=en-IN&gl=IN&ceid=IN:en,"Thu, 02 Oct 2025 16:55:15 GMT",Ipsos,news,competitor intelligence,0,0
news_5223911718924430706,Strategic Intelligence - Kroll,Strategic Intelligence  Kroll,Strategic Intelligence  Kroll,https://news.google.com/rss/articles/CBMiwwFBVV95cUxNSWNIWjhGZXE4YzdLU2N0R3VDSEVzSWxMVFpJZUpob25jN09IOTFVbUFFR2xSZVAxWnZkdUUwREtfQWNXc1UxTDdDYkoxQ21NNEtCRmxxUTY4bDZUSE41bE4wZVlkRnpBNko3c3JWUU5BZ1NGWlhLWWduXzUtR25BRW80Znh0TjNBRWdfS0NFMVprUTNKSWxTaWdnWU5CODlpWmVDNkt5b0lMcWJzWktVQkUwanVHOHhNNFVSVTlfbTZQZ2s?oc=5&hl=en-IN&gl=IN&ceid=IN:en,"Mon, 11 Aug 2025 20:58:22 GMT",Kroll,news,competitor intelligence,0,0
news_5627541539361706330,Competitive Intelligence Tools Market : An Overview-2025-2033 - openPR.com,Competitive Intelligence Tools Market : An Overview-2025-2033  openPR.com,Competitive Intelligence Tools Market : An Overview-2025-2033  openPR.com,https://news.google.com/rss/articles/CBMimwFBVV95cUxPTnFrRU9zU3kyQ09oQkNyYnNTM1EteHFlWlI0VGpjV3J6REZ2TXJ4NmR0V2JiTjNVejdPWWhwM3VkZUJlcXpDalFfbmNnbWdZemRqS3FXOVplSFJzSlJBaVh0ampRM2RkQllFOG1YbFhEazhLb2gwT2ZKdmFFcFhxeXRCdEVKT1MyYnhlU1JLajF5TUQwYVlKdVVWUQ?oc=5&hl=en-IN&gl=IN&ceid=IN:en,"Mon, 06 Oct 2025 15:36:02 GMT",openPR.com,news,competitor intelligence,0,0
news_7939312873715350307,Enterprise-Level Peer Analysis: Solving a Gap in Competitive Intelligence - evaluate.com,Enterprise-Level Peer Analysis: Solving a Gap in Competitive Intelligence  evaluate.com,Enterprise-Level Peer Analysis: Solving a Gap in Competitive Intelligence  evaluate.com,https://news.google.com/rss/articles/CBMipgFBVV95cUxPNVVTYkpMY0tuclRobE5iZHRCVERuYWU5bWJZRVM5Y1V6NHZFR2M3ZTZhNFVOZTNubnVsMjQtbl9hVzlJb09xeWJhU1ctdnJkaFU4UVp3UGZQZC1YM3h6cXdBdEVTdEVUUHVxb2U4UEtzeG90YkR6eG82aEozdzJVWnhaZlowY2J5ZHlMWDVWSXlmRmNWcVFQOW03Y0kxUTZyN01kM093?oc=5&hl=en-IN&gl=IN&ceid=IN:en,"Mon, 29 Sep 2025 17:23:28 GMT",evaluate.com,news,competitor intelligence,0,0
news_8974562327208652311,Why Proxy Scrapers Are Becoming a Core Tool for Market Intelligence in 2025/2026 - StreetInsider,Why Proxy Scrapers Are Becoming a Core Tool for Market Intelligence in 2025/2026  StreetInsider,Why Proxy Scrapers Are Becoming a Core Tool for Market Intelligence in 2025/2026  StreetInsider,https://news.google.com/rss/articles/CBMi0wFBVV95cUxOa3Rud0Z4THdTUHJEaTBGaUVud1l6bGpTU2d3UmtjQ1U5ZkxvMDlDdzRDR29TdWpGR1dTWkJIbkR4eHlUdnJsWEZQa2l4WDdFMi1Yd2tUcTVtcTE0aDFnWTNydlR2bkRzLXdoSnVNREVJaUFCZHUyYldhSUtzcXRkSnZjMGxtWFFYYkVZZG9ha3ZmSkFsajgzS0U5QnpTTThwTVBleXVVaDRaY1R5dW1hYzhsQjkxc183dVFpbFZpaVc4Y3BhQWlHaFV4VlNDelNHUmF3?oc=5&hl=en-IN&gl=IN&ceid=IN:en,"Tue, 07 Oct 2025 08:02:18 GMT",StreetInsider,news,competitor intelligence,0,0
news_1737480474050932431,Competitive Intelligence in 2025: How Businesses Gain Strategic Advantage - Shopify,Competitive Intelligence in 2025: How Businesses Gain Strategic Advantage  Shopify,Competitive Intelligence in 2025: How Businesses Gain Strategic Advantage  Shopify,https://news.google.com/rss/articles/CBMibkFVX3lxTE4yYjU2U21pT1hMU3BwZ1hkb0JpMDRzaGRMYTNTSEotMTdRNk1NR0NyeXVCcktfNkx1V2xKbFpXeDBPQ2pWTVk4eDh4QnBEY0cxVmdfTk9kbVB2c3plSHpXX1p3NVFmVFh6N2JQUnhn?oc=5&hl=en-IN&gl=IN&ceid=IN:en,"Mon, 09 Jun 2025 07:00:00 GMT",Shopify,news,competitor intelligence,0,0
news_6526097594818963391,Omantel Redefines Market Intelligence Through Location-Driven Strategy - Esri,Omantel Redefines Market Intelligence Through Location-Driven Strategy  Esri,Omantel Redefines Market Intelligence Through Location-Driven Strategy  Esri,https://news.google.com/rss/articles/CBMivwFBVV95cUxNTV9hY2NuQUprTnJoY1U4MFdQeWZXMkJGUjRhWWNNTlh4eExoeHpBTFdQUlJuLU1WWmNUVUZXRWcxM2lmWUZHcnlFenJPd28wVWo0TlV5dmp5MEFSZWhrTFAyT2UwUmpnYjFxVlhrWF9wNDZuclZVZWZNbzFVMi1PMWZnZzFnM2FKVWRDS2g0cXpDTGNxTWZHTERUYndJbGRUUnFFYmJoeFdoRWJfZHFXZjMzMUZlelRQbnpKNkxFbw?oc=5&hl=en-IN&gl=IN&ceid=IN:en,"Mon, 22 Sep 2025 07:00:00 GMT",Esri,news,competitor intelligence,0,0
news_3836170343513975124,Enhance Contract Market Intelligence & Benchmarking with AI - C3 AI,Enhance Contract Market Intelligence & Benchmarking with AI  C3 AI,Enhance Contract Market Intelligence & Benchmarking with AI  C3 AI,https://news.google.com/rss/articles/CBMingFBVV95cUxPQXlLVktMNUxVRmtUQ0oxMTc0eW53Q2s5ejNrTGtQUDFtY3lHazJXa0hYbVpBTDE0QUtCYVZfQXVRalBLMlY0cTQ0dEN1Rm5XeXF3UG1vYnotU0VLSDl1MTRlc0JOTnFLVk9PbURHY3p4OHg0bFFJTF9oaWFEc2JzNXhDMzZNcXZGUVVScXVmSm96eEtUZ2plX2UxMkFvUQ?oc=5&hl=en-IN&gl=IN&ceid=IN:en,"Wed, 30 Jul 2025 07:00:00 GMT",C3 AI,news,competitor intelligence,0,0
news_213597507355579144,Competitive Intelligence in Marketing: AI Tools and Strategies for 2030 - WebProNews,Competitive Intelligence in Marketing: AI Tools and Strategies for 2030  WebProNews,Competitive Intelligence in Marketing: AI Tools and Strategies for 2030  WebProNews,https://news.google.com/rss/articles/CBMinwFBVV95cUxPZ2ZtMXQ1dDhGV1hoeFdJdmR6YmpteWFlTjVTNXg5NDViWVJ2Zks2ZEJrSThIMFVDQjJKeXZNVlluYWxJT081ZVJIUGVqa25hdWoyUWpXNEF6UnBtOGVvS19hU3RRZEJ6Z1NPcFVwdWF6bUtBLUhpcnQyWER1SGtIRDIxNGw5VUpOSzdNVWRuNkdUZzVPVThZV201bThuaDQ?oc=5&hl=en-IN&gl=IN&ceid=IN:en,"Tue, 16 Sep 2025 22:30:00 GMT",WebProNews,news,competitor intelligence,0,0
news_7474268078307933990,Market Intelligence: Fall 2025 Student Housing Update - RealPage,Market Intelligence: Fall 2025 Student Housing Update  RealPage,Market Intelligence: Fall 2025 Student Housing Update  RealPage,https://news.google.com/rss/articles/CBMikAFBVV95cUxNNEx2czZ3S0R0d1RsTk1VQXVMZlJFMmxzbVZPNkJ1STFMZGw4Z1pCTzdfdE1HT182ME5YT2xXVTVTQXZ2WnZ3akxrd2ZnMnZFeng2M19zS2xObGpXYVpHSWp1N25hNmpNdWxRbXZ6LXlXX1dMbTFqb3Y3VldoLVB2UW9TTFdDTHZCY2FzazVzYXM?oc=5&hl=en-IN&gl=IN&ceid=IN:en,"Tue, 23 Sep 2025 07:00:00 GMT",RealPage,news,competitor intelligence,0,0
news_3618634002526511636,United States Targeted Therapy DataM Market Intelligence Competitive Landscape & Forecast to 2025 | Industry Report - openPR.com,United States Targeted Therapy DataM Market Intelligence Competitive Landscape & Forecast to 2025 | Industry Report  openPR.com,United States Targeted Therapy DataM Market Intelligence Competitive Landscape & Forecast to 2025 | Industry Report  openPR.com,https://news.google.com/rss/articles/CBMilwFBVV95cUxNb3NlWFNKTm14Y0w3S0NjVmY2bHBDRmRkYnRZN1FJWXA2eVVjaUFsRndzTVZ0YmlhQ1RyamNTWUY4bDVIVnluYmxLeWRzanYyaW9oLWlRRDJHTjFJWVJrQzJpWFZCNWN6NFcwSFJJMWYwbzIzLUdWc0lOYVBqWlNSYjdMbW44Y0ZRb2ZvLXUyS3pocDhsSGlz?oc=5&hl=en-IN&gl=IN&ceid=IN:en,"Mon, 06 Oct 2025 10:03:45 GMT",openPR.com,news,competitor intelligence,0,0
news_7843357784864711631,Competitive Intelligence - evaluate.com,Competitive Intelligence  evaluate.com,Competitive Intelligence  evaluate.com,https://news.google.com/rss/articles/CBMib0FVX3lxTE9qSGpDWThQUTBJLVdrRF81T1NaYlllSmQzdVNacXNlZEJHNXNqNkpLcHZLaHkxX0stcjh0RjQ3WExzVzA0amFDbUpIWXpHaW1uSmJUdUd2WERwVnJuNFBFZS1WT0U3eXdLLW5BRTZlUQ?oc=5&hl=en-IN&gl=IN&ceid=IN:en,"Thu, 27 Mar 2025 14:04:04 GMT",evaluate.com,news,competitor intelligence,0,0
news_6565340636837125353,"AlphaSense Unveils AlphaSummit, Inaugural Customer Conference Highlighting Agentic Search and Market Intelligence for AI-First Businesses - PR Newswire","AlphaSense Unveils AlphaSummit, Inaugural Customer Conference Highlighting Agentic Search and Market Intelligence for AI-First Businesses  PR Newswire","AlphaSense Unveils AlphaSummit, Inaugural Customer Conference Highlighting Agentic Search and Market Intelligence for AI-First Businesses  PR Newswire",https://news.google.com/rss/articles/CBMinAJBVV95cUxQNU5XeWlUdHRhTGNWeGM2VzJ2VG9qcDV1Zjg5UlAtaGNDS2dSLWpzNnkyd1o0WUxaeXFNUEtwQy1kejRHRVVPazZUdEpoQWVudDEwS09oT1NOeDVDLTVNME9JbDYzanh2RjFUMkZhaHcyelVuNnoyMDdKZnZYSmZZUDRId3hFQ1ZKRkNOQ2MxWlM1aDRXVEY0VVdNM25fN0p1d3N1cFV3MmsxenM2YXF2Q0pRSW5yenNNajBsSzRieEctWHBXX24xRmQwV3NRQmdJQXBjWFlLdzNBd0R5ZTlCOHlHdExBb0JEZEFNWmRldEFDa0d0YkZCRUNLdzA2UGl5TlJBdXlMSHRDbVA0d1FMRm5mU0QzdWR5SU02Sw?oc=5&hl=en-IN&gl=IN&ceid=IN:en,"Wed, 10 Sep 2025 07:00:00 GMT",PR Newswire,news,competitor intelligence,0,0
news_7788247673608931017,Welcome to the Competitive Intelligence Content Hub. - evaluate.com,Welcome to the Competitive Intelligence Content Hub.  evaluate.com,Welcome to the Competitive Intelligence Content Hub.  evaluate.com,https://news.google.com/rss/articles/CBMicEFVX3lxTE9rTWM4YkNlb0J0SFk2a05zTzlyUXl1YjE0R3FJdEtkZXNvUUZROHhlWDlTWkZseGxqbDhJOG41dUJWalV6UHFZQ09nbTZITGZ2WUtvNUo0S3JwWmFhQ3VCZzdVS0k1WUhSbVpxMjhmWEI?oc=5&hl=en-IN&gl=IN&ceid=IN:en,"Fri, 11 Jul 2025 12:25:06 GMT",evaluate.com,news,competitor intelligence,0,0
news_7220489159292548234,Competitive Analysis Guide 2025: Free Template + AI Tools - Shopify,Competitive Analysis Guide 2025: Free Template + AI Tools  Shopify,Competitive Analysis Guide 2025: Free Template + AI Tools  Shopify,https://news.google.com/rss/articles/CBMiXkFVX3lxTE9JMHRXdmZ5XzRFQkF0MmlBT1ppcmZhOFRqMFJ2VGxQbXMxS2thbG9fNWgyeFI5OTYySkdTQ3Q1cXh2eGpublhzYnBOUWRyUnktWXN6ZF9BaUhYaTlMUHc?oc=5&hl=en-IN&gl=IN&ceid=IN:en,"Thu, 18 Sep 2025 07:00:00 GMT",Shopify,news,competitor intelligence,0,0
news_8695653186228440980,Social Media Tracker with Sentiment Analysis - BrandMentions Adds Advanced Competitive Intelligence For Brand Monitoring - Yahoo,Social Media Tracker with Sentiment Analysis - BrandMentions Adds Advanced Competitive Intelligence For Brand Monitoring  Yahoo,Social Media Tracker with Sentiment Analysis - BrandMentions Adds Advanced Competitive Intelligence For Brand Monitoring  Yahoo,https://news.google.com/rss/articles/CBMikgFBVV95cUxPNWVzOTM1dG10ai1UU3JEQmFfcExkcXMzQ25SamQ1YTJibTk1cmRKY09ZUnhydkg0SFRhZ1A4c3VpWlBuYjh1UmdqckJjQWM0aXJ4cF9aaHk1V1ZzeTZyMlZueVR0ZXMydmZ6MkU0Yk54anBSUW94aVFDdGszZWdpell5MWdnTFotYTNScmQ2eGNidw?oc=5&hl=en-IN&gl=IN&ceid=IN:en,"Mon, 29 Sep 2025 19:03:00 GMT",Yahoo,news,competitor intelligence,0,0
news_1426221205196243084,Competitor Intelligence Analysis for Military Drones - MarketsandMarkets,Competitor Intelligence Analysis for Military Drones  MarketsandMarkets,Competitor Intelligence Analysis for Military Drones  MarketsandMarkets,https://news.google.com/rss/articles/CBMimgFBVV95cUxPTXctdFhlbWdPZWEyR2xCN0d5NDVxUWxRdnRYYTZna2NaMDRUZVMyUTFTeXZ6cER5LWN2MWpDakVIRE0ydERyRFFrN2FqbVpwaXJRY0tNcFBzUnZSQ3N0V2MzRFQ0TXcwN0Q1QUtwdUtWb1U2UWRXNW05dlJtM1BYamgzTlBKT2FqT3JkUmtIVl9peVlzdno4LU9n?oc=5&hl=en-IN&gl=IN&ceid=IN:en,"Mon, 25 Aug 2025 07:00:00 GMT",MarketsandMarkets,news,competitor intelligence,0,0
news_2245893388652945075,S&P Global Market Intelligence Lists Top 10 Recently Shorted HK Stocks - AASTOCKS.com,S&P Global Market Intelligence Lists Top 10 Recently Shorted HK Stocks  AASTOCKS.com,S&P Global Market Intelligence Lists Top 10 Recently Shorted HK Stocks  AASTOCKS.com,https://news.google.com/rss/articles/CBMigwFBVV95cUxQNklMZWdMd3ZIdUJrUU9pOVNYcEgxMlkyQUZ6U1BUTkRyMVZYMGQtc3RBYW5oWDI0X1NCNFlsdnB4LW5wRHFvV3BpcktEaXp2VEZQN1lCeVZZRzZReDQ4R2VvblhXNzIyZlZ2WFdzZTc1ZmJIdmZpSzc5Z19sTUlGLS0wdw?oc=5&hl=en-IN&gl=IN&ceid=IN:en,"Wed, 08 Oct 2025 01:49:00 GMT",AASTOCKS.com,news,competitor intelligence,0,0
news_6843369248795348171,S&P Global Market Intelligence and MarketAxess Collaborate to Enhance Fixed Income Market Transparency and Efficiency - S&P Global,S&P Global Market Intelligence and MarketAxess Collaborate to Enhance Fixed Income Market Transparency and Efficiency  S&P Global,S&P Global Market Intelligence and MarketAxess Collaborate to Enhance Fixed Income Market Transparency and Efficiency  S&P Global,https://news.google.com/rss/articles/CBMipwJBVV95cUxPamF2Vzl0T0pIS1RtbjVSQ0E4OU9WUmcxcWxDR1N4TFJpeTZPV3F2UjFJUkdmQjN4V2FUbjk2QTRYMklpNWFWUU1jbm5SNUVGbmdmRnhEOGxRaHJMcHlFQ3dCclBUMUx0LWRqWkxaMHhGUzQ0UU1iUjRZa2NzTHVuQzVuVTktQTBYZWFIRXpWS2Rjc3oxTEVjUlNFVTZsdGVFeGdsTjdhaGVzenZQZmlnTnFlaXBkdkNLYXlRVlZOS3pFcVFZSExaT2lRV2F5RkJoN1lha19GWndPaTdMXzdQWU1ZUjRsS0lDZFZZQnNPQWowMEllUXJfVF9HOUNEdU9VWEw0VVI4UEpZdVJ5cnFvRVBLZDV4V2N1MWlUV0RaTjJnLTdaZ21r?oc=5&hl=en-IN&gl=IN&ceid=IN:en,"Wed, 10 Sep 2025 07:00:00 GMT",S&P Global,news,competitor intelligence,0,0
news_23021083213665257,"Nigeria Loyalty Programs Market Intelligence Report 2025-2029: Jumia, Shoprite, Flutterwave and Startups like ThankUCash Drive Growth with Digital and Payment-Integrated Incentives - Yahoo Finance","Nigeria Loyalty Programs Market Intelligence Report 2025-2029: Jumia, Shoprite, Flutterwave and Startups like ThankUCash Drive Growth with Digital and Payment-Integrated Incentives  Yahoo Finance","Nigeria Loyalty Programs Market Intelligence Report 2025-2029: Jumia, Shoprite, Flutterwave and Startups like ThankUCash Drive Growth with Digital and Payment-Integrated Incentives  Yahoo Finance",https://news.google.com/rss/articles/CBMilAFBVV95cUxNMHJVcHR6dkh1a1lERFltVWtxSjA1X2h0SHl1c0pSTWtleWZKWW5DLW9RenluLXJRWnp5b0FCXzI4OTZ6bEhaZ0h4RWpqV1pwbEhic0lHbXZianhpeFY4S1VwekdGcFE0VWJOYWVETnRlNGtSZ2dlQ3NNVXJlbHNpZHBwbE5VbjI0dEh1eTlCMnNSaXpt?oc=5&hl=en-IN&gl=IN&ceid=IN:en,"Fri, 26 Sep 2025 07:00:00 GMT",Yahoo Finance,news,competitor intelligence,0,0
news_6977058936361831011,"PitchBook Expands Access to Private Market Intelligence Through New LLM Partnerships with Finster, Model ML, and Farsight AI - Business Wire","PitchBook Expands Access to Private Market Intelligence Through New LLM Partnerships with Finster, Model ML, and Farsight AI  Business Wire","PitchBook Expands Access to Private Market Intelligence Through New LLM Partnerships with Finster, Model ML, and Farsight AI  Business Wire",https://news.google.com/rss/articles/CBMiiwJBVV95cUxNYlU2NjZWTHFpa2JUeWxyUVp6WEVhZ0dQaGxtczdsV3dBSVB6WVczNXVzVlFUTlFlTDlHTWRrU0l5eXl1eVVmc3Jick43UHNNa1pvSkJwSVkyNmprNUcxRWdCcTFseHRrYnpHRzNwZnJIV2xuRXUwbm1TVks1NnowQWVNRjZJWklZNkhWeDk2LTRTRVBwN2NGckxqNTB6dXkzMG96MzE4ZnJ6ZzN1MVF1Nnc3TUNCODN2a1BfaXFab2JzaW9xZHNXa2dneTY3ekdORm0xc2lWSTVMWFFhTEhqT0ZKMWt1M2xXX0JDRXpmQTd4MUI4dHJ3V3FtakluY0NGUmUxQUFoRDM4anc?oc=5&hl=en-IN&gl=IN&ceid=IN:en,"Tue, 30 Sep 2025 21:55:00 GMT",Business Wire,news,competitor intelligence,0,0
news_2675765313260105335,Market Intelligence: Q3 Deserts/Mountains Update - RealPage,Market Intelligence: Q3 Deserts/Mountains Update  RealPage,Market Intelligence: Q3 Deserts/Mountains Update  RealPage,https://news.google.com/rss/articles/CBMijwFBVV95cUxQZ3pjaGJYVXBicmtlYVBKNUVDQzFNVFRPNzRoWXNFZEhId1lSenlxNldLTmxZSEE2RjU4eDM0S1VqdEljalZkZ0UtaWZYVXRIMXc0aHJjV1BIOFo0cWF6NVhObVU3Q3k3Qi1qM2hPODltSm51S1JHMHZyVXA0RThQTU1TallNcVdTbGJyYUpnVQ?oc=5&hl=en-IN&gl=IN&ceid=IN:en,"Tue, 16 Sep 2025 07:00:00 GMT",RealPage,news,competitor intelligence,0,0
news_5657498366427531889,Ubersuggest launches comprehensive AI search tracking with competitive intelligence tools - PPC Land,Ubersuggest launches comprehensive AI search tracking with competitive intelligence tools  PPC Land,Ubersuggest launches comprehensive AI search tracking with competitive intelligence tools  PPC Land,https://news.google.com/rss/articles/CBMiqwFBVV95cUxOWHRXSU4yZjZfejBpWUtDX1h0UmNZMlp2THgzVXBDZlJCWjMzbldHOTktT2ROanhMaVhXbUhObzFJYXNpNTNUdUs0SktkTVp1ZzNLdThDQ1BJZUdkSTV5aC1FNlhpR0lRQTcxVHBHQlhtcllIUzBLb1dGYVZKZjZtbGpVSjktQXhoRjNXSW1rU1hXNW9jcVA1XzdOYzh5OTkzOG1GdDUzTFNwckE?oc=5&hl=en-IN&gl=IN&ceid=IN:en,"Sat, 20 Sep 2025 07:00:00 GMT",PPC Land,news,competitor intelligence,0,0
news_2898006451147506551,10 Best Competitor Analysis Tools for Social Media in 2025 - Brandwatch,10 Best Competitor Analysis Tools for Social Media in 2025  Brandwatch,10 Best Competitor Analysis Tools for Social Media in 2025  Brandwatch,https://news.google.com/rss/articles/CBMiakFVX3lxTE5HU0h4eHhRWF9GX01GRUVSZjVxVUw1STJQQ2VGNDhMMkItRWVVVlFKMzNmbzlrSTBoeFMzWlRCclp2clNNa0VqdmZGelhJRmdJMXhvMndPMW5PSlotazUyRHFWbUJ6M3U3TGc?oc=5&hl=en-IN&gl=IN&ceid=IN:en,"Tue, 08 Jul 2025 07:00:00 GMT",Brandwatch,news,competitor intelligence,0,0
news_3443862463670401006,"TechnoMile, Carahsoft Partner to Bring AI-Powered Market Intelligence Tools to Public Sector - ExecutiveBiz","TechnoMile, Carahsoft Partner to Bring AI-Powered Market Intelligence Tools to Public Sector  ExecutiveBiz","TechnoMile, Carahsoft Partner to Bring AI-Powered Market Intelligence Tools to Public Sector  ExecutiveBiz",https://news.google.com/rss/articles/CBMipgFBVV95cUxPR1BxUjlZUnFhRWtJWUx1LXkxeFN4OEh0b1FOc3JjNGRfNHdydlpTUXR4QktoNHozdXZQT3FJZ0RVUWhDUVVkSzlEQ1o3S0JOTS04VWo3Q3N6WnVEZk1DclBEZ2RuWHhvaWh4ZktBbGRmQUt0RVhqcnZLVGI5a2JBX0Q2Q2ZUTXhqMmpwS0VaQjBPSHlBWDR6VmdEM3c3akpxWG9SOEVR?oc=5&hl=en-IN&gl=IN&ceid=IN:en,"Fri, 06 Jun 2025 07:00:00 GMT",ExecutiveBiz,news,competitor intelligence,0,0
news_2240435782511736086,Valona And A-INSIGHTS Combined To Transform Market And Competitive Intelligence - Pulse 2.0,Valona And A-INSIGHTS Combined To Transform Market And Competitive Intelligence  Pulse 2.0,Valona And A-INSIGHTS Combined To Transform Market And Competitive Intelligence  Pulse 2.0,https://news.google.com/rss/articles/CBMioAFBVV95cUxQdWlyZ3VtVnc5NTY5VkRET3VraUhqeVNvT3RDVVpadXJha011YVJGdVJfWnJhSmpnWG1fajVkeUh0N0RkSmdkWVRpcC05cGtic3cyNHRiVDBmTFRiSGVzTkhFRWkyV2tPa0VwOUpNaFBSU3c3dUdfNnVXS3VFNFNPSV9TZG93Tll2TEJjV0xMY2U0Z1JUTUpGZERmVEVhYmN00gGmAUFVX3lxTE5BTk5zYXdGZlRsNWNPYzdWQmVFeTFNYXJsSHdvMXV5ZmRZTVFvR2txd3U4RXdOVUx1RFYtZ1YxZzFscHd0WXVZVEJyZnhsMXZDelZIYzQwbjdkSnhJek5YWVkzT1JBdjdKRXN3eFVUTHE3YjZhNko0YlhjbGJEa0o5LWgxOC1Wc2xOR2lidmlHeC1QQmRGVnd0NFJzbVhrVTQ1MkJlSmc?oc=5&hl=en-IN&gl=IN&ceid=IN:en,"Sat, 06 Sep 2025 07:00:00 GMT",Pulse 2.0,news,competitor intelligence,0,0
news_7853334480573306629,Build Smarter Tender Strategies with Market Intelligence - Xeneta,Build Smarter Tender Strategies with Market Intelligence  Xeneta,Build Smarter Tender Strategies with Market Intelligence  Xeneta,https://news.google.com/rss/articles/CBMijAFBVV95cUxPMWt0b0pDQWdCTG9LdkFFbGkxUnRQZUZOQ2FiUnpPOFowdEh3RVdNNmNha0otakRueEZlUE1sM0NzRG83V0VKYlUzWmhETmR2ZmgxTGdIcXNpbTZNRHNhSlpwR3k0ZnlHODRoSi1fbUhMT3JiQ1RzWGtjYS1rWXpady1DS1hINXk0NnNNbw?oc=5&hl=en-IN&gl=IN&ceid=IN:en,"Mon, 04 Aug 2025 07:00:00 GMT",Xeneta,news,competitor intelligence,0,0
news_5302198087675589476,"AI-Enhanced Competitive Intelligence Key to Secure Market Position in 2025, Says Info-Tech Research Group - PR Newswire","AI-Enhanced Competitive Intelligence Key to Secure Market Position in 2025, Says Info-Tech Research Group  PR Newswire","AI-Enhanced Competitive Intelligence Key to Secure Market Position in 2025, Says Info-Tech Research Group  PR Newswire",https://news.google.com/rss/articles/CBMi8gFBVV95cUxPNGVkVTRDWktya1AwNVF2ZUJhSnk2ZGVTU1hHZjVzanZUSUtuSFpfMlVJTnlSMHZ3TXdQZmczVXRERVlFSnpCWC1KX3BnR2VZYTYwWDFqU2J2ZVNqLUVDb2w1aHZwc1lvYzVrSFFYbFF2NWR1NE5OS3hRSE81Y284dEVIZUVHbm1ZYzFDc1FqQ2NES0N0LVNRNHU2bHlydnFFN3BEM2dzUEh1QjJ3dWJjOG9EMlRfWUZaXzVaOW1yXy1pclVRUVYtMjJhVzJYcXVJbVVfZ2Nvd0x3YzhGUVFyVDlRNkI5b2xORlpQQ3k3bHdkdw?oc=5&hl=en-IN&gl=IN&ceid=IN:en,"Tue, 12 Aug 2025 07:00:00 GMT",PR Newswire,news,competitor intelligence,0,0
news_6353881572585596662,"U.S.-bound August shipments see annual gains, reports S&P Global Market Intelligence - Logistics Management","U.S.-bound August shipments see annual gains, reports S&P Global Market Intelligence  Logistics Management","U.S.-bound August shipments see annual gains, reports S&P Global Market Intelligence  Logistics Management",https://news.google.com/rss/articles/CBMiuwFBVV95cUxPSnY5UmRINWhNYjBmV0w3UmdhMkxnWmlDaDluOVJ3Wm45a1Y0cTRjYmZBRjNna0tPc0VvSUpCdzdwZHJnVVduZWNRZjB6WDgwSjRUUjlIMWVsSkhsTUJyd001RVQ2dm4wUUJkeXh2NjZBanNMTHpNV3pZT0tpeWhVTjQ5am9OMHpJdmkxUVhwQ19md21EZ3FxM2JLb1RUVUREc1M1enhqOUhNX3dsV3BpazB1amJBa21DdmR3?oc=5&hl=en-IN&gl=IN&ceid=IN:en,"Mon, 15 Sep 2025 07:00:00 GMT",Logistics Management,news,competitor intelligence,0,0
news_3837949982033586340,Market Intelligence: Q3 Florida Update - RealPage,Market Intelligence: Q3 Florida Update  RealPage,Market Intelligence: Q3 Florida Update  RealPage,https://news.google.com/rss/articles/CBMigwFBVV95cUxQTVhJcnZsYmQxZVdYWWZXZWgzVVJyWVJFejFZTHN0RlUteWdHNGVwLW9VR2JkU25PZTRxcktNbkF4QnM1ZlZmZldvWmdsS2ZUZkFjQ1E4WVNwY0hLN0NYay1JQmZwMkE1blU3NjlvU1VZeU1KZEtNMnIzTGJRdG1FLTF3aw?oc=5&hl=en-IN&gl=IN&ceid=IN:en,"Tue, 05 Aug 2025 07:00:00 GMT",RealPage,news,competitor intelligence,0,0
news_5823065804220856285,8 Top Competitor Intelligence Software Tools (2024) - Exploding Topics,8 Top Competitor Intelligence Software Tools (2024)  Exploding Topics,8 Top Competitor Intelligence Software Tools (2024)  Exploding Topics,https://news.google.com/rss/articles/CBMib0FVX3lxTE9HNnY5dncwV3ZYU2Vvc0t6V0lwNUF6OG84dFFDdkhvUFFndjY3SDltekRjaTRzOWF1MHBRSHh4dGZyMEo4YVBSa1d5Q2xVQi1wNTJXcFhzTlJZem9hR1NScTJCYkNGUzktUjZtQXNWZw?oc=5&hl=en-IN&gl=IN&ceid=IN:en,"Fri, 03 Jan 2025 08:00:00 GMT",Exploding Topics,news,competitor intelligence,0,0
news_3358266687086733524,Thailand Loyalty Programs Market Intelligence Report - GlobeNewswire,Thailand Loyalty Programs Market Intelligence Report  GlobeNewswire,Thailand Loyalty Programs Market Intelligence Report  GlobeNewswire,https://news.google.com/rss/articles/CBMi6AJBVV95cUxQbWliaXV4VGQyWDJnQmg2WUUxLWdJcjZ0dVFaVnF4ZXUxeU53SUVnVkR2RWdtdFlZdDgtUGRmZEh5cndUOHFTNWdBNjF2V2luZVNlZ1Eyd1p4djNtcUZDM2FiNExNQnZMVWtZbVVfakJwbDljRUtUWUY0cVpQRjJ5UXFSaUVpNnM0V3BBRFZkaDcwVURsajdxNXZybW5Hc3Zoa1hkZUlFemNGTVNINUt2dEk0dWp5WF9JckxweWU0RkZJNzNZalNfanA3aGp4ZXVTVG03cEpjclNwSVJ3UGdzV1hScjZ4cldYX1pvWE1PU2dDVmVlX1BNb0FEM2NhUHNIeDc4SnNabGVPVkF3SjZTd2dhdHZkN296OFlIYS1ERzVKSFV3blBEVnBNWGJ3QWlnaDVIQ0ZyenYtUkc5S1QzbjRhankzMVVfdS16SGhjX1VEalBCSUZTLWMwNHEwZlAyNG14aFA3aVQ?oc=5&hl=en-IN&gl=IN&ceid=IN:en,"Fri, 26 Sep 2025 07:00:00 GMT",GlobeNewswire,news,competitor intelligence,0,0
news_8536927511231283859,Market Intelligence: Q3 Texas Update - RealPage,Market Intelligence: Q3 Texas Update  RealPage,Market Intelligence: Q3 Texas Update  RealPage,https://news.google.com/rss/articles/CBMigAFBVV95cUxQUGtEVVRHV0taNzlYLWlJak5JTXhuTW9aNkp2NF8wU0NxTUhMczJjUDBlbXhjZVAxT0pGZjdjakVhZ25ER19ZcmJkYnBrckxDYkFvbDJpT0xiblo5VXdUZmNmREtURzNmM1dlSjNfS1JWY0NTaU91S3haX3h1ZTFaOA?oc=5&hl=en-IN&gl=IN&ceid=IN:en,"Tue, 29 Jul 2025 07:00:00 GMT",RealPage,news,competitor intelligence,0,0
news_1300334646723314176,"Lightcast Acquires Rhetorik to Expand Global People, Company, and Labor Market Intelligence - PR Newswire","Lightcast Acquires Rhetorik to Expand Global People, Company, and Labor Market Intelligence  PR Newswire","Lightcast Acquires Rhetorik to Expand Global People, Company, and Labor Market Intelligence  PR Newswire",https://news.google.com/rss/articles/CBMi3gFBVV95cUxNc2RLSHU1TmFwVDhWaGJUZGJjWThvVzFPR3dKbDI2Rzkzbm5ITXJoZVdSRzBZbVFYQl94aGk5NkYyTm5RMHpoRlpBLUhBYWRwWVhKOHhReXBvaWlVdURERW12ektzYnJ4MlFZVEFTS2FyaDFmdDJDTWtqTWtaSlo4TEphQl9GVXVpUDVFY1Rxa043dS1XZEt1aDk5aEZMSGNFNmk3UDVvYjJZNkQ2cHF0bDhjdHdNMUdQbGdvc3Y3Z3BKeHZUdjduUzlOUzdJZHU4VG11Z0NsNERGXzBVWFE?oc=5&hl=en-IN&gl=IN&ceid=IN:en,"Tue, 08 Jul 2025 07:00:00 GMT",PR Newswire,news,competitor intelligence,0,0
news_237998150561290181,US market intelligence: in transition - Turner & Townsend,US market intelligence: in transition  Turner & Townsend,US market intelligence: in transition  Turner & Townsend,https://news.google.com/rss/articles/CBMihwFBVV95cUxPYkR4MERWY0kydW16ZVZOa3BMNGRWUHZjX2lhdzJ6WjhyNnFKNmhuU2M4V2VZMTc2S0ZDUi1KVWh3aVpreE5HanhxalZ4bm53V0VjR3lvZ2k3SGkydVM0enZwT0taTEdNT1VoZVVBdXdiYm85WktKUHNTbjMyeUZ3RkQ2VUNCbjQ?oc=5&hl=en-IN&gl=IN&ceid=IN:en,"Wed, 20 Aug 2025 07:00:00 GMT",Turner & Townsend,news,competitor intelligence,0,0
news_5067032139013797920,AI Competitive Intelligence Software - Trend Hunter,AI Competitive Intelligence Software  Trend Hunter,AI Competitive Intelligence Software  Trend Hunter,https://news.google.com/rss/articles/CBMiY0FVX3lxTFAwRG1UZllfdG9NOGRWdEZNWm9WWFo5TzBHRWVSNldtQkpNLXNkaUlzeUdGOHFINktJQzlndmVwOGRERlZnS0FfbGs3QldJTXhqN3F3OTdDcW5DOHBrcUJjb3hoSdIBaEFVX3lxTE41cC1fNU9nbTRKWmZRQW5iOVV5cWVIV1ZzQnRjamNfbGRaRGJOQ3Z1RnZOVlRkaTdFODBIRElpX0VYMUNsWnMtU3l6VVlFQnlmeGZMaDlMekFPeDlrQjRyQ0RjbzRuLWx5?oc=5&hl=en-IN&gl=IN&ceid=IN:en,"Wed, 11 Jun 2025 07:00:00 GMT",Trend Hunter,news,competitor intelligence,0,0
news_2303645431538759022,Market Intelligence: Q3 Northeast/Mid-Atlantic Region Update - RealPage,Market Intelligence: Q3 Northeast/Mid-Atlantic Region Update  RealPage,Market Intelligence: Q3 Northeast/Mid-Atlantic Region Update  RealPage,https://news.google.com/rss/articles/CBMilgFBVV95cUxPbGM0OFVScFdvX3gtc3lGLXJIenc3RDRBM0prWnZqdlJjNGFncDJoZG05c2NSVkhLVXRaUWYyU29WY3dsckRLTWpVdmxCN1RGOXEtTzNzRDdsRnY2ZDl1RGNNdXlwOHBNdDhZTnh2c3FZa1ExWC1VcUpPdjB1OHJsWVdJT05UOXlxQXNtWHJKWHgtelhwQ2c?oc=5&hl=en-IN&gl=IN&ceid=IN:en,"Tue, 26 Aug 2025 07:00:00 GMT",RealPage,news,competitor intelligence,0,0
news_5309541813538163089,Market Intelligence: Q3 California/Pacific Northwest Update - RealPage,Market Intelligence: Q3 California/Pacific Northwest Update  RealPage,Market Intelligence: Q3 California/Pacific Northwest Update  RealPage,https://news.google.com/rss/articles/CBMinwFBVV95cUxQNDBDMkgtU2QxR2RZREhWMXVUbi1Wbi1sNFdaQ3kyMmNJZ0xBQUlRcklwcEFzTjg5UUI0bHFCZE1jTjlCSmVCTHBfRFhMWlRlaWNnXzFPNThRYlFaeXIxcW13cFR2RzNWbHozZDNtemE0cGp0alN1dkpmSEI1UlFrdGVSeVdxdkFjWVBZc3VIZjBKUmliaHlqdmVNb3JnUm8?oc=5&hl=en-IN&gl=IN&ceid=IN:en,"Tue, 09 Sep 2025 07:00:00 GMT",RealPage,news,competitor intelligence,0,0
news_4135426322087681052,Market Intelligence: Q2 Desert/Mountains Region Update - RealPage,Market Intelligence: Q2 Desert/Mountains Region Update  RealPage,Market Intelligence: Q2 Desert/Mountains Region Update  RealPage,https://news.google.com/rss/articles/CBMijwFBVV95cUxOaDVaZUJHYWNncTJZeExOMjFCRTJRakxQYWxOR2tSRXVIeGx5dWlnbTE3dDZGdkxnTVVSa3RXRGJLNXlLOGhKZm1wWmpfNFZ4eDFyY0ZFaVZoNmcwY19ydEltTVlJeUZLaDdVNnBadU9KUWNPdzhxSWJpX2tpcVRUMjBYaVB6eFRJUGplTzYxZw?oc=5&hl=en-IN&gl=IN&ceid=IN:en,"Tue, 17 Jun 2025 07:00:00 GMT",RealPage,news,competitor intelligence,0,0
news_1350182615294649756,AlphaSense AI Search and Market Intelligence Platform Now Available in New AWS AI Marketplace Agents and Tools Category - PR Newswire,AlphaSense AI Search and Market Intelligence Platform Now Available in New AWS AI Marketplace Agents and Tools Category  PR Newswire,AlphaSense AI Search and Market Intelligence Platform Now Available in New AWS AI Marketplace Agents and Tools Category  PR Newswire,https://news.google.com/rss/articles/CBMihgJBVV95cUxQQzZTSktDRi1oUU1RbTUxSVlTczRYd0I1TjZMSVR3bXVhMDJlM2RLdGNtUVpHUThTZDBXdVJQOFZXR0c2Y3hZRlh3c3RXU2tmNGx5UXlad25uNko3dmZ2QVlleWZfazdQaDAtWkxyTThnRHpDNHhMRkJfSUd2T1ppSVh2a3lxLVc5Qms2ZUFid0hRa2lORUFmc0FXNnpkb2JhbU9BSWdFRC1Kdy1XbHNLRVc1c1JvLUtXWHdUMmhoNXdHOUg2X2stemMyVW9GVklzSVJMQnBDYWJ1XzNJcnFVZnZDTmdHa2xPel9qWERmTEhya0Z5d1ZCd2h5NVdmQ0NSRXpfMzhn?oc=5&hl=en-IN&gl=IN&ceid=IN:en,"Wed, 16 Jul 2025 07:00:00 GMT",PR Newswire,news,competitor intelligence,0,0
news_7911382152118856253,Market Intelligence Webcast: 2025 Q3 Midwest Region Update - RealPage,Market Intelligence Webcast: 2025 Q3 Midwest Region Update  RealPage,Market Intelligence Webcast: 2025 Q3 Midwest Region Update  RealPage,https://news.google.com/rss/articles/CBMigwFBVV95cUxQSDFwWjRVNy1mMHo2a3RwVjh5YjlBUFM3UXFzaE1Tbk9lTEZsUnh0OGk0SXZ2QUQxeGdrNjYtNHZIQWllNXdGS0tGOVlTNFpmLWlRUXBVNlYtNmdhdWtRdURyOTJQTkxYNy1iT3FPQVpkV01CNTl1X0pLbFhlVG01a3hTWQ?oc=5&hl=en-IN&gl=IN&ceid=IN:en,"Tue, 19 Aug 2025 07:00:00 GMT",RealPage,news,competitor intelligence,0,0
news_4443162800704646045,(PDF) Competitive intelligence and developing sustainable competitive advantage - researchgate.net,(PDF) Competitive intelligence and developing sustainable competitive advantage  researchgate.net,(PDF) Competitive intelligence and developing sustainable competitive advantage  researchgate.net,https://news.google.com/rss/articles/CBMiwgFBVV95cUxOd1FjUC1BZnFMUWg0VzczWXVMWGRyMDlWTG10LWk0VWZVU1Y3R0xZYlJqR3l5dWJLU2hrZGhId21YMFFZd1NnYVFTQWlBV2ZYMWZmd3RuY3RDaU94OVZaanRYOFkxU0hMN0t5SnVKLXFPMTViNUl3WVZjc1FNNkFjTy1kcGJteERZb3d5QnRQbkVrNWRUVzZxdFBRTnluR0hqV1hFWHo2RFF3TWUteU9USTRNcjF5bG5Uci0xbDREVzJPdw?oc=5&hl=en-IN&gl=IN&ceid=IN:en,"Wed, 06 Aug 2025 07:00:00 GMT",researchgate.net,news,competitor intelligence,0,0
news_4653412743966252854,11 Top Market Intelligence Software (2025) - Exploding Topics,11 Top Market Intelligence Software (2025)  Exploding Topics,11 Top Market Intelligence Software (2025)  Exploding Topics,https://news.google.com/rss/articles/CBMibkFVX3lxTE1BbUpxYVNOcXAwQ3pldi1fLS1oOHEzWlZ4azNNU19Db3RaOWRrZVQ0VlJoR3B6QUp6MmVrRnZVYXZOczluWktfUFJXN01WY1pNdjdqYWE5bXp4ZmtEb0haam9rWWxhNzFRejloY2JB?oc=5&hl=en-IN&gl=IN&ceid=IN:en,"Thu, 22 May 2025 07:00:00 GMT",Exploding Topics,news,competitor intelligence,0,0
news_8494239200052841277,Market Intelligence: Q3 Southeast Region Update - RealPage,Market Intelligence: Q3 Southeast Region Update  RealPage,Market Intelligence: Q3 Southeast Region Update  RealPage,https://news.google.com/rss/articles/CBMihgFBVV95cUxNSnZlU1BGWndPanRKendsNC0yVnRUNUNsOEJnYlR2TzNHZWxNNzRBMm9Bb3pLVmtUNnMwRzdNNWl0b2E4UWQ0RWdDNlVLWEZMamVDMjlpV29TeE83eUhvV2dBaTNKSkVJSkY4c0lFbWVFck5ZT19EYWtNcThtU09xcFFCOXB6UQ?oc=5&hl=en-IN&gl=IN&ceid=IN:en,"Tue, 22 Jul 2025 07:00:00 GMT",RealPage,news,competitor intelligence,0,0
news_3017634716621971935,8 Best Competitor Research Tools to Spy on Your Competition - 99signals,8 Best Competitor Research Tools to Spy on Your Competition  99signals,8 Best Competitor Research Tools to Spy on Your Competition  99signals,https://news.google.com/rss/articles/CBMiYkFVX3lxTE9BV0RDSklLbTNhRy1qZmxGOTlVaGlOOVQ5VDd6VmVTX0d6blczRTFBR1pUOWpKSU1NaUx2YUU2SG9sMGVIa0xuR3F1QzNqbm1RVG43VTF4SzRuT0tGbWJXS1J3?oc=5&hl=en-IN&gl=IN&ceid=IN:en,"Wed, 18 Jun 2025 07:00:00 GMT",99signals,news,competitor intelligence,0,0
news_7796199455774983917,Market Intelligence: Q3 U.S. Multifamily Update - RealPage,Market Intelligence: Q3 U.S. Multifamily Update  RealPage,Market Intelligence: Q3 U.S. Multifamily Update  RealPage,https://news.google.com/rss/articles/CBMijAFBVV95cUxQREtpcmxJVjl0SElIR05XZ20weFc5bllqMmg2bzJ3blRjLWpGNTFteXJHWlVrRkJrbXFUSWYxQWtFVk9fRURaQ1RyNXdFSHJTR0xzbEZUdGVXUmRNRkhqclVKcC1WblQ5RlJCZ2xQWjBVYmlDeWNlc0lhUHdzYVpsbXF5Sjlxcl85T1ZVSg?oc=5&hl=en-IN&gl=IN&ceid=IN:en,"Tue, 15 Jul 2025 07:00:00 GMT",RealPage,news,competitor intelligence,0,0
news_3687981604884318120,Oil Market Intelligence: Editor's Note - energyintel.com,Oil Market Intelligence: Editor's Note  energyintel.com,Oil Market Intelligence: Editor's Note  energyintel.com,https://news.google.com/rss/articles/CBMickFVX3lxTE12M0Qtd0xDS0p3VjVDNlhnX0pJbS1ZaDhrSTJ0aW1MMjU1RXJjbEFUek5TYWEyWlVSaWpaMXotU0JLOHZtMFVuVm9pbWdxQ3M5eks5Q0FNVHdIVlhlLTdBd2JlMkRwMExfRXlvRmIxS0cxQQ?oc=5&hl=en-IN&gl=IN&ceid=IN:en,"Mon, 15 Sep 2025 19:36:12 GMT",energyintel.com,news,competitor intelligence,0,0
news_6326147215911760070,InMoment Unveils Cutting-Edge AI-Powered Competitor Intelligence for Reputation Management - Yahoo Finance,InMoment Unveils Cutting-Edge AI-Powered Competitor Intelligence for Reputation Management  Yahoo Finance,InMoment Unveils Cutting-Edge AI-Powered Competitor Intelligence for Reputation Management  Yahoo Finance,https://news.google.com/rss/articles/CBMihAFBVV95cUxPRnZWWFFHeTRUWEh3NVhTbHdJS0JReHNJS0hKMkpfMW9xendva0ZKZnNpdTNmdUpzV0pTSzU2MEdCMV9oZmFEaDd6V3dZZEJkRjFvMzRVOVN4UmEzWGd2NVMyX3o2TzVmUWk3SHVDVWh6bHJFbVZva1Z5WWFQcER6aFFQV1k?oc=5&hl=en-IN&gl=IN&ceid=IN:en,"Thu, 06 Feb 2025 08:00:00 GMT",Yahoo Finance,news,competitor intelligence,0,0
news_8197664249510392943,Texas Stock Exchange parent company launches AI market intelligence platform - Dallas News,Texas Stock Exchange parent company launches AI market intelligence platform  Dallas News,Texas Stock Exchange parent company launches AI market intelligence platform  Dallas News,https://news.google.com/rss/articles/CBMizgFBVV95cUxPSmZXY3pENDZHM3lCX0RsMlNuU3lSdUpacmU4RmhOczEzbmFqM2Y2TEFnMmZNTjZSaUREUFVKVjJjMGFWeV9sUUJINjdwUEI3dFBvTkJad1lkcVFBWXgyMmVzZ1hfYkxRSS1PVzFJa21zbXhHSDZnSktpcS04Nnl5ZndDaVB6X0RmMVdMSU5qSDdDMmo2TVZ3NS1hU3EyalljMDlSWFgzUDVEbmxLM2sxSXZzaktGckNlMWVBcDRuMDJQZmJGLWNTYnl3TV8tQQ?oc=5&hl=en-IN&gl=IN&ceid=IN:en,"Wed, 03 Sep 2025 07:00:00 GMT",Dallas News,news,competitor intelligence,0,0
news_6242200012351274965,Astute Analytica Strengthens Focus on Competitive Intelligence & Benchmarking Services - Yahoo Finance,Astute Analytica Strengthens Focus on Competitive Intelligence & Benchmarking Services  Yahoo Finance,Astute Analytica Strengthens Focus on Competitive Intelligence & Benchmarking Services  Yahoo Finance,https://news.google.com/rss/articles/CBMilwFBVV95cUxQRTJCVmFieXhzRlZ2Xy1ucXNBbWhqS3ZQWkdMRlJBYlU1QllYNnlia2laX0JqTDR2Y2N3N3d3Z1FlMDFjTUc4WmtVLW9iNURjME9KblF6aTZDa1hwTjVqQWFaMjNMVWJsS3BZUXQ2aTI1dTVHTmMtN3pRaGhSQkhCT3VKWVkzSXhrOVlqWE1iYk0tM2h6eGk0?oc=5&hl=en-IN&gl=IN&ceid=IN:en,"Tue, 19 Aug 2025 07:00:00 GMT",Yahoo Finance,news,competitor intelligence,0,0
news_6392262477494130,Proactive Risk Intelligence. - S&P Global,Proactive Risk Intelligence.  S&P Global,Proactive Risk Intelligence.  S&P Global,https://news.google.com/rss/articles/CBMijgFBVV95cUxQVzVLZWVFTERtLUdmb1d0WDdUYVVtR1RWS01SNFowUnRMTmxDem5NZXY0TkZsM21LVUJIQVYxeXdiZ1VETHI5SmFMbEQ1andWX0xOLU92MWxJTFFCZUpOZjlUaTBkM1BqYUFhLV81bFYzVllEeUdVeWhSUVBpRDRrdk1leXplaDlmeWIwaHh3?oc=5&hl=en-IN&gl=IN&ceid=IN:en,"Mon, 08 Sep 2025 00:44:21 GMT",S&P Global,news,competitor intelligence,0,0
news_8680128380472236019,KSA market intelligence: navigating opportunity - Turner & Townsend,KSA market intelligence: navigating opportunity  Turner & Townsend,KSA market intelligence: navigating opportunity  Turner & Townsend,https://news.google.com/rss/articles/CBMilAFBVV95cUxPV3h4YVF4STZHZ09oVnQwb2drbGxlQXpiQ3hOZTRHZkMxb2NvdjFjNEFaNGN0VWpncy1LYWl6ejNHOEhGMU9VWDY5d0w2YmxhUkhrUVFQaHJBOW1hVEpkODJQbm95NzlLSnJBZ3VxWW5sTlE2ZlNLUUN5aHNqVUkzWDloblI2cHN5bkMteDZsYkpnRUs3?oc=5&hl=en-IN&gl=IN&ceid=IN:en,"Mon, 15 Sep 2025 07:00:00 GMT",Turner & Townsend,news,competitor intelligence,0,0
news_9209629034932679605,S&P Global Market Intelligence Unveils GenAI-Powered Enhancements to Capital IQ Pro and Expands Insights in Private Markets and Energy Transition - PR Newswire,S&P Global Market Intelligence Unveils GenAI-Powered Enhancements to Capital IQ Pro and Expands Insights in Private Markets and Energy Transition  PR Newswire,S&P Global Market Intelligence Unveils GenAI-Powered Enhancements to Capital IQ Pro and Expands Insights in Private Markets and Energy Transition  PR Newswire,https://news.google.com/rss/articles/CBMipwJBVV95cUxPb1VkS29TdzUxVmIzSENSb0tHSS13eWp6XzBQTmRJNU95U2pkNDdUTnZBM0Qwbm9vZDl6MGxlaklUVnhhM2RxejA2SWtLT2dWN3RLTDU0Szl2Q181a2NLN1E1QVBNT3V3VXZ2bzc3dGQ0M0ZJWHlFTUpqM2lkRWh2OU92clRNWFhkb3dnTUtHSS1MektHeUpzSVBkemNndE9wd2pYNDQwYmhKT3c4dlpseEd1bEhUdUk4czNuNVEyWWNDOXBqUkNfdFdWSzEtRExIXzBFYXhxUE41dzVraWk1aDBfdmdwUHBGZ1phMEtOdmM0X0N4ekhwdTB6ejJPaUVwUmR5TmZrazQ1NXZOazBQSFZKNjZ6SERmV1paQ0llQWtLWjJDMmJJ?oc=5&hl=en-IN&gl=IN&ceid=IN:en,"Wed, 25 Jun 2025 07:00:00 GMT",PR Newswire,news,competitor intelligence,0,0
news_5853917301197019664,Emerging Vendor - Market Intelligence Seekers - International Data Corporation,Emerging Vendor - Market Intelligence Seekers  International Data Corporation,Emerging Vendor - Market Intelligence Seekers  International Data Corporation,https://news.google.com/rss/articles/CBMifkFVX3lxTE01LVpWSGY0YXpHakUzQ3VCU0VjbURLbjNNNVE3R0FoQ1d6MTFqSUx1Um9YYUZuOUtTcEFCeVR2RnFhLXFsVHlibW1mMWFTUVVZTnZsUllCenZPME1HSGw1VEhpYUx3OWcwTFB4Yi03c20yRW14bzlMZEpia2s5UQ?oc=5&hl=en-IN&gl=IN&ceid=IN:en,"Thu, 17 Apr 2025 11:22:17 GMT",International Data Corporation,news,competitor intelligence,0,0
news_6367408036281991358,ZestyAI Launches AI Agent to Cut Research Time for Competitive Intelligence by 95% - PR Newswire,ZestyAI Launches AI Agent to Cut Research Time for Competitive Intelligence by 95%  PR Newswire,ZestyAI Launches AI Agent to Cut Research Time for Competitive Intelligence by 95%  PR Newswire,https://news.google.com/rss/articles/CBMi0wFBVV95cUxNaGJ4OVNmTW44YUZ4bjBpQ2tGbWJwSTNURXQ5SmxvRHlZVF9wNkJpZ2R6VDNPSHVUVS1udk1aVWU5R09Md2t1TE1MN19JWS1GVjZ0RjRYLUZOMV9pR1VyeTVTNmw4NWtQNGU3UHY5TWNfbVpxX3FzU1B1S3dqbFJzRkpyeHRNR0lWMjFBYXdNb29TZ0VFSDR3QkJ5U05nenlKTTI5N1NJMWtRcWo1dWdjNXM0c1VMUEw1M243Y3M3eXJlS0dHSlRLWlJydFBaeHhrcXlF?oc=5&hl=en-IN&gl=IN&ceid=IN:en,"Tue, 15 Jul 2025 07:00:00 GMT",PR Newswire,news,competitor intelligence,0,0
news_7039562687672274078,Global construction market intelligence 2025 - Turner & Townsend,Global construction market intelligence 2025  Turner & Townsend,Global construction market intelligence 2025  Turner & Townsend,https://news.google.com/rss/articles/CBMikgFBVV95cUxORnpwSHNaNXdWWXRzSE5MYkkyT0pib2J1Z1BuOEtheHB5ZXZuQnVOcHB4cEZwdkVFaWRJRlY3dEZMNGpyTVdwQTd2azRpeVV1dFdCd19jbGl4YmIwREMtUEx0bDQzUEJUajZMVklILUZqY2RxV1J0VG1jSjI1ZDRLY1RfdVRrQVpGNkJob2g0UHVtZw?oc=5&hl=en-IN&gl=IN&ceid=IN:en,"Tue, 08 Jul 2025 07:00:00 GMT",Turner & Townsend,news,competitor intelligence,0,0
news_7039686311459381556,"Valona and A-INSIGHTS Merge to Redefine Market, Competitive Intelligence - MarTech Cube","Valona and A-INSIGHTS Merge to Redefine Market, Competitive Intelligence  MarTech Cube","Valona and A-INSIGHTS Merge to Redefine Market, Competitive Intelligence  MarTech Cube",https://news.google.com/rss/articles/CBMiogFBVV95cUxPb183TTZzcmVqTndyOW1YMFpoY1FLRDNva0hrQ0lzQ1F2cEM0cVU4ajYwd0pHM25LODBncHNNN0I0VlNyN2hMUUl5UHRIU0xuaTFZSzRpRnpPQ2NydWx3ZjVDWEUtdWU0b2NxTnl5V3dWMllYc192YzFQN2RMSWlVUy1FT3pWX0FXN09fTG5iX2tZQXpnZDIycngtRTFTcWp1OEE?oc=5&hl=en-IN&gl=IN&ceid=IN:en,"Mon, 08 Sep 2025 07:00:00 GMT",MarTech Cube,news,competitor intelligence,0,0
news_936545087821853032,Qualtrics Introduces New Market Intelligence Capabilities for the Next Generation of Market Insights - PR Newswire,Qualtrics Introduces New Market Intelligence Capabilities for the Next Generation of Market Insights  PR Newswire,Qualtrics Introduces New Market Intelligence Capabilities for the Next Generation of Market Insights  PR Newswire,https://news.google.com/rss/articles/CBMi7AFBVV95cUxQN2k5TkVQNEozU0hOMjBzMUZRdzF6eVkwNWtiR0htbTE3dFZIQnFhNE1oZ215bEZ2djhhcmt0RDh4SjlkZXBhSkJOeGQ1LXA0WjJNN2w0YUJJY1lzN0M3N2ctdUZyUzNzS1k5R3A5dmJrMWV5M3NKRXNLcWhrclU2b0F3TUdXeUh3emplaWVLeEwzODdZMEI1aHJNUE9hTkp4UzA0RWlEa3lOUUd2eE5kY1d6MjZjQ0p6Rjh1Y25UcWZkNjAyZkRfVlZmd0ppSDdVSGQ1XzdGYURmdVNGUC1JdXNLQzM3bUNhZlFRQQ?oc=5&hl=en-IN&gl=IN&ceid=IN:en,"Wed, 19 Mar 2025 07:00:00 GMT",PR Newswire,news,competitor intelligence,0,0
news_3918113017120565958,Market Intelligence: Q2 Southeast Region Update - RealPage,Market Intelligence: Q2 Southeast Region Update  RealPage,Market Intelligence: Q2 Southeast Region Update  RealPage,https://news.google.com/rss/articles/CBMijwFBVV95cUxOa1VwY2EwenZra0d1Um01S1AtbWZYZVA1U296QzdZQkY1MEVSTXhGcUJYVkptWWxYMWZoRHZ6Wk55NGl5YnpJTWcyVERYam1OLVhpWkZabVcyYWM4SWRGbk1ZZVk1b214aklHc0ZvV2NHTU1PT2xyQXA1RmR0eDRrQkd2a041OHlYRUtJdmFKaw?oc=5&hl=en-IN&gl=IN&ceid=IN:en,"Tue, 15 Apr 2025 07:00:00 GMT",RealPage,news,competitor intelligence,0,0
news_8383345416311342065,Competitive Intelligence Tools Strategic Business Report 2024-2030: Expansion of CI Tools in SMEs and Emerging Markets Fueling the Global $96 Billion Market - GlobeNewswire,Competitive Intelligence Tools Strategic Business Report 2024-2030: Expansion of CI Tools in SMEs and Emerging Markets Fueling the Global $96 Billion Market  GlobeNewswire,Competitive Intelligence Tools Strategic Business Report 2024-2030: Expansion of CI Tools in SMEs and Emerging Markets Fueling the Global $96 Billion Market  GlobeNewswire,https://news.google.com/rss/articles/CBMizwJBVV95cUxPVVBPQ1N3TmxpWjdnOUNKem5RWjRYNk8tREhkeVBMZVlLaGQtODItcERCRlZkY25YMzJOd3pMdm03TEdBc2MzVmdjOGpud1dMbEdoQnZJa2JHNGc5VFFwNmlNcTlfNWxWZ2hEeWJNT19RSGYzbm1DQ1hpaFdVS1BDLWFFQVdsVmJhalRqSTdvajlCaXVEQUdVZ2RnNTM2Q1AyRk8xR1R1WXlvU25kZkdPMWRwcFVjUkFrWW1tMHRTcGhWSVJxT1BzYUNiMVVXbTVvOThUUklKeURzVUhVNkhHeUZ4enFWeG9wVWlmbVJoSVlIN3liQU1kaEVjdEtCZ1lmMklfUGVGZmY2eldlZ002ZENaejFjdkN2Z3JaTlprNUdpM0NmTUtmS3dBaVNyeFVtZUNLOWZUVUh5QWI5WmVucWxicEdyeE5zcENPMXdoWQ?oc=5&hl=en-IN&gl=IN&ceid=IN:en,"Mon, 13 Jan 2025 08:00:00 GMT",GlobeNewswire,news,competitor intelligence,0,0
news_8640425518866879284,Competitive intelligence: How to find insights on social & beyond - Hootsuite,Competitive intelligence: How to find insights on social & beyond  Hootsuite,Competitive intelligence: How to find insights on social & beyond  Hootsuite,https://news.google.com/rss/articles/CBMiYkFVX3lxTE5qeUZmQ3FEZGRRNHZNU0t0MDJ0Q2ptdDhmN193ZjJUZGVJV04xTEMtUk93eWhRWFJxUXZWTEtDdUE4YlNyN3cxZTJaS1FzcnRoZU5OY1BXYmdTbmdHaWFNS25B?oc=5&hl=en-IN&gl=IN&ceid=IN:en,"Fri, 13 Dec 2024 08:00:00 GMT",Hootsuite,news,competitor intelligence,0,0
news_1042369995041052262,Market Intelligence: Q2 Macroeconomic Update - RealPage,Market Intelligence: Q2 Macroeconomic Update  RealPage,Market Intelligence: Q2 Macroeconomic Update  RealPage,https://news.google.com/rss/articles/CBMiiwFBVV95cUxOTGV1ME5abm1SUXZxektPbHZlNzR1NHlLOFh1N21TV1JnMnkxSDRNaWNxXy1pUTB3Mjd5UmNNSnctb25IUV9sdFNCR2Y4cGN3Q283R0NiQVlpRWhSTTNkMXllTlhMSGRiY3FKNlhXcHVUZGVockFvUVJDZ3Z2cEJ2VXh0dnQyUGJoQjZR?oc=5&hl=en-IN&gl=IN&ceid=IN:en,"Tue, 10 Jun 2025 07:00:00 GMT",RealPage,news,competitor intelligence,0,0
news_4672137686132744830,Generative AI market revenue projected to grow at a 40% CAGR from 2024–2029 - S&P Global,Generative AI market revenue projected to grow at a 40% CAGR from 2024–2029  S&P Global,Generative AI market revenue projected to grow at a 40% CAGR from 2024–2029  S&P Global,https://news.google.com/rss/articles/CBMi3gFBVV95cUxNUWZZdEpYMTlsYnlRVS1nelJBRkctY1owczlPNGphZmQtS0N4b09CU0xBOGp0VW9NOFUxMGRMVWwwZWtESkJTSTNJLWhXZW0zejhEczMzOThYeDFIQXJySWNtcDA4emlid0lSMHhDOU81UG16NnJoLXpabnBKeXlWUnpsS0JGUGZuSFBRQXp4emJjZlhIRHhnNVZ5cmxrNF9GV1pIY0VkNnd4NWFCd3NWUi1pS0ExX1RiYVF2VE1OXzh6UUdrUmVrOWxJV0JTSVA5b0ExZ0Eta21Ib0toaVE?oc=5&hl=en-IN&gl=IN&ceid=IN:en,"Tue, 03 Jun 2025 07:00:00 GMT",S&P Global,news,competitor intelligence,0,0
news_2340348862914496254,S&P Capital IQ Pro - US Energy Sector - S&P Global,S&P Capital IQ Pro - US Energy Sector  S&P Global,S&P Capital IQ Pro - US Energy Sector  S&P Global,https://news.google.com/rss/articles/CBMimAFBVV95cUxQcktEZ3VmdC1JcnBESWtLTkhaMzlKdEVyWDd1UnpjNEhKaVZ5UEhoenZqU0tIM2pBTERZcGZLU0RfcDBjdXRtQ2hTNXZRR0F3RXBsUUNuZnFmQTVLclh1MDBDUlBCbFc2cU1vWWs2eDNTSWp4b2tnTndrZ3lBTXo2THhUS0l4WnNBS1pOUmJPcHNzellVODNDMw?oc=5&hl=en-IN&gl=IN&ceid=IN:en,"Tue, 11 Mar 2025 16:56:16 GMT",S&P Global,news,competitor intelligence,0,0
news_6560640226698491566,Teddy Group Selects Centric Market Intelligence to Power Market Expansion with Competitor Benchmarking and Data-Driven Decision-Making - PRWeb,Teddy Group Selects Centric Market Intelligence to Power Market Expansion with Competitor Benchmarking and Data-Driven Decision-Making  PRWeb,Teddy Group Selects Centric Market Intelligence to Power Market Expansion with Competitor Benchmarking and Data-Driven Decision-Making  PRWeb,https://news.google.com/rss/articles/CBMijAJBVV95cUxOX0x5ZWlSRHFjQ0Zta2RfRjAwTWJiYVJWZTM4dDluYzhyTGdZQjdELXRVcV91aU1mWkhxSmoxLTEySlo4OVNVTEI1NHpjeUxUTDlDU21iN1ZWRnZucndLRjBzWjBaRHBXMW1JMFo4Tmt3V1NaZVcyZlF0bWVlcU5ydzZ1Ull5UG1aRGJVTFoyb3lyMzFpcjQtaEtOSDNlaWhZQXRKelBqZHU0SkZhTENIS29zNXZZQ2ZEbmIxdnZCUnRKV1MyS1liSncxTk5KWG1oOVJCU3BjN1B0U1lyV2hhemZRdVFnNnBENDF4N3FqRXl3QmxfOTVsQmtXSzNxamMwYWtvelNCWjA1VDZv?oc=5&hl=en-IN&gl=IN&ceid=IN:en,"Wed, 14 May 2025 07:00:00 GMT",PRWeb,news,competitor intelligence,0,0
news_3081212528387255013,"July import spike marks 2025 high, but S&P Global Market Intelligence forecasts Q3 and Q4 slowdown - Logistics Management","July import spike marks 2025 high, but S&P Global Market Intelligence forecasts Q3 and Q4 slowdown  Logistics Management","July import spike marks 2025 high, but S&P Global Market Intelligence forecasts Q3 and Q4 slowdown  Logistics Management",https://news.google.com/rss/articles/CBMizwFBVV95cUxPbjcwZ0hkNkpqWllmeVZIR0VHLXI2WE1Ddkc0dU1UZkl4c2VOd1J2OVI4MGVqWmRJc2N5cVNVNk5pV21PVE9iMDZNX3RLbVV2UUxiLWZSMzAxM3RQSjhqWTMtdnJsMWJPc095akNQZE1PaGJOV0hjbVJiVVBGUHYyTkpoQVpCSkpDTFZTNFRXRHdTdkh3aUs3MzhmNVlzd3ExQmFISkx0YkNZdjZQbHROSldGVllLcERZQnZXSnhkS21maFA2NDc2a2ZTck01RGc?oc=5&hl=en-IN&gl=IN&ceid=IN:en,"Mon, 18 Aug 2025 07:00:00 GMT",Logistics Management,news,competitor intelligence,0,0
news_5132313709531527991,"Asia-Pacific E-Commerce & Payments Market Intelligence Report 2025-2028: B2C, B2B, Innovations in Digital Payments, Adoption Patterns, and Shifting Dynamics - ResearchAndMarkets.com - Business Wire","Asia-Pacific E-Commerce & Payments Market Intelligence Report 2025-2028: B2C, B2B, Innovations in Digital Payments, Adoption Patterns, and Shifting Dynamics - ResearchAndMarkets.com  Business Wire","Asia-Pacific E-Commerce & Payments Market Intelligence Report 2025-2028: B2C, B2B, Innovations in Digital Payments, Adoption Patterns, and Shifting Dynamics - ResearchAndMarkets.com  Business Wire",https://news.google.com/rss/articles/CBMi0AJBVV95cUxPX2lLZHoxc3d2RXlTV1JFdjFMRFRfVFRkZXpieW54dXlmU2MzMWVTS1NDT1lSX3M5aXhlaVZRZUdWekhqLWd1eC04S05NUHpHZDlUZU84VDhTdGlJVGhvWWQyNTFaanZtVUN1bWo1Qm5zUE1ET1RyWTJsUFNEVktQaXpnaTlZRHc2Q2c2Vk10MHZrdGd3bW92M2RKZ1hYNF9wTjVBSDFJX1d5RTNUVEFoRU9TZnpNUmZXTkY0TEpUS1hQUmdsNXFxOWNYM3RqdEl1WTJONWVJT3N0NkpsTUpBbWFGQmJjQXVYZVBsX2NaVHRsbmhocEFTT1RmMldoRHdvN01ZalVhTWl6NGxBQ25DWUVTcGh3YVppcjRGTjRlMjdpSVJpUkVxRlBjUzRVNmppNVZLTmJQcWFZblA2N1k2ZjRiRlFGVjdOWTVGSWQ0VTk?oc=5&hl=en-IN&gl=IN&ceid=IN:en,"Fri, 12 Sep 2025 07:00:00 GMT",Business Wire,news,competitor intelligence,0,0
news_7176026243594446175,Market Intelligence: Q1 CalPac Region Update - RealPage,Market Intelligence: Q1 CalPac Region Update  RealPage,Market Intelligence: Q1 CalPac Region Update  RealPage,https://news.google.com/rss/articles/CBMihAFBVV95cUxPMGplbzI0czdDRU8zQ1g1NFp1ZWxKcGVscmpPQ3lIcElrZUswYmZyUHE3bThTYjR6cXYzc21Ka1ZhZ25NWDZGaDAyN1l2Y1Y2enVibGE0cXVfQzFQeEJWOHRWZ2NiN1ptT01wUmVJUjQ1bFdyLWpIcFZ4dmc3N2I3NnNqUDQ?oc=5&hl=en-IN&gl=IN&ceid=IN:en,"Tue, 11 Mar 2025 07:00:00 GMT",RealPage,news,competitor intelligence,0,0
news_671413169248281154,US market intelligence: navigating trade headwinds - Turner & Townsend,US market intelligence: navigating trade headwinds  Turner & Townsend,US market intelligence: navigating trade headwinds  Turner & Townsend,https://news.google.com/rss/articles/CBMimAFBVV95cUxOQlA2UUR5cGF5R0dhV3hsSlVtdmRZcldINHVBNFZXNGpGbVpXcC04MFluRmtkYzlJbGpnQ0RXSFA5RUVpY2d4QllmQUpSRHRHSDZYVWp6dkU0aHpwU2t5M1gtT2hOVk82cV8zQ2JjM1ZNZ2FKYWp2b0RtaS1tTUJWbDRpempVeG93MWFScUdfblBWVTJTcDIzdA?oc=5&hl=en-IN&gl=IN&ceid=IN:en,"Wed, 26 Mar 2025 07:00:00 GMT",Turner & Townsend,news,competitor intelligence,0,0
news_5425090038462099490,Leading Private Market Intelligence Company Grata Acquired by Datasite - orrick.com,Leading Private Market Intelligence Company Grata Acquired by Datasite  orrick.com,Leading Private Market Intelligence Company Grata Acquired by Datasite  orrick.com,https://news.google.com/rss/articles/CBMirgFBVV95cUxNRzRFWEdnVHc2dUtJVUF5OWNDdllyT1gzN0tGT3R2OGd2ZWNaWGt0OUg1MEZIZ0UtaENQaUlRaEJuOHN4ZmR6ZkJJZzV0THJuMU1lYUd1T2pINGNBZzMtR0RrNEpGc21DaldOeVo0NkhORDRBVE5pUlZJcFVyV19CSFlTOTJ2aDlZcmZDeUNPTEx4SmhqVGQ4M1VfbHhKMEJya3YtMXlXLWs3aFZYcHc?oc=5&hl=en-IN&gl=IN&ceid=IN:en,"Tue, 03 Jun 2025 07:00:00 GMT",orrick.com,news,competitor intelligence,0,0
news_5937212717630724248,Market Intelligence: Q2 Texas Update - RealPage,Market Intelligence: Q2 Texas Update  RealPage,Market Intelligence: Q2 Texas Update  RealPage,https://news.google.com/rss/articles/CBMigAFBVV95cUxNaEdCOU8zUFcwaGI0ckV2QUdEMUlWQVRJWnZoN1YwUHZpdmFNaTItclh0dl96RVlPNVQ0OXlzRWdYUXoxSEdVOXM3VllxQlA3SmFYeC02a2w0aC10c2M0SkREajY1aS0tWVd2RGJlVGU5V2FwNjdRUnhnbTZKRWU3WQ?oc=5&hl=en-IN&gl=IN&ceid=IN:en,"Tue, 06 May 2025 07:00:00 GMT",RealPage,news,competitor intelligence,0,0
news_4082905229932013578,Why Local Market Intelligence Matters in Global Expansion - vocal.media,Why Local Market Intelligence Matters in Global Expansion  vocal.media,Why Local Market Intelligence Matters in Global Expansion  vocal.media,https://news.google.com/rss/articles/CBMijAFBVV95cUxNM2xnVEZkeUNpODZ1amhiRnp3QThxVzF4M0QwSGRyZmNVbGpJMnlpc05Wc21xRzJveElrNE01RERSdmN2OTlENmpISC1USWF4YVl2SVRNY2std1RGTnhLdXBDU3B2aGFHM0VIU1c4VHRVQ1hsYmtNNUhoeHhqc0NmVVRqVXJRUTAyN3lORA?oc=5&hl=en-IN&gl=IN&ceid=IN:en,"Thu, 10 Apr 2025 16:11:25 GMT",vocal.media,news,competitor intelligence,0,0
news_9178132729104825106,Deckmatch pioneers richer insights for private market intelligence - Amazon Web Services,Deckmatch pioneers richer insights for private market intelligence  Amazon Web Services,Deckmatch pioneers richer insights for private market intelligence  Amazon Web Services,https://news.google.com/rss/articles/CBMipwFBVV95cUxNTWJtaEpoak5vclphczJvMnBMZ2d5bzRnSjBZNThjODdCYkx3NV9WNTJ3d3kySVNlVFgzQ1lqNGVtY3J0X05fQ1JqclhqckZOdnI2aE5reFJoZ3AzLXNTaGFxRGIyOWIwMHZXV185cmZuTVFQR25jNmRFTERFTUxPcmY0aGpBN1lVUmlXcHByQ25YR2pObWN1WlVrbEpaU1lQaG5FOTJSOA?oc=5&hl=en-IN&gl=IN&ceid=IN:en,"Mon, 18 Aug 2025 17:58:13 GMT",Amazon Web Services,news,competitor intelligence,0,0
news_5203335337899751708,How to know what your competitors are planning before they do - Dynamic Business,How to know what your competitors are planning before they do  Dynamic Business,How to know what your competitors are planning before they do  Dynamic Business,https://news.google.com/rss/articles/CBMitwFBVV95cUxQRE5YZlZKZDk2N3dLV20yckY5ejVNUXVfMGsxNEk0U2F4N2NRQU5tRS1tRkc0MHpRbk5paTd1a3JBMFZPMWs3SkVjcDVDNDZrYVlFXzBKbXV5ZEV6NUFxUTJtN1pyS2luRloxblp6YVk4d0FHOUlLbTI1R2tUTlhnMlZ1UlhMYWtLNEFHYlhzTjA5SEluakVyUDE4bVh3M19FVTlXdmMweV9jbXRTV0FDYjRzeTJtUTA?oc=5&hl=en-IN&gl=IN&ceid=IN:en,"Mon, 25 Aug 2025 21:12:32 GMT",Dynamic Business,news,competitor intelligence,0,0
news_1978561339990378308,New Report from S&P Global Market Intelligence Unveils Three Tools Utilizing Alternative Data and AI to Address Potential Trump Administration Tariffs - S&P Global,New Report from S&P Global Market Intelligence Unveils Three Tools Utilizing Alternative Data and AI to Address Potential Trump Administration Tariffs  S&P Global,New Report from S&P Global Market Intelligence Unveils Three Tools Utilizing Alternative Data and AI to Address Potential Trump Administration Tariffs  S&P Global,https://news.google.com/rss/articles/CBMilwJBVV95cUxPcExVVmJpeG5hQ2hIRmthNmZzOEN3TE1RY0RNV2hCaENBRXJZUzkyUGE2SEw3YmRmOXFkMGh0dGZzTC01SDlVbFJHTFJMemR4Y2w1TDgwTGsyWl9pUnpzSGN3THJtWFE3N3U4VUtRSTFyRjktd2ZOcHNnUGpoS1JTNlpnYkZSVWxyWmM4am94LXFjYzJGOE9DRmVmZXJ1OC1MUFJCUFpyNXRTTHkwVUVtVjlTOHFDeVd1NUJiU3plMEI5S2ZzVVFuWUVsWkNUd3ZPRnh6ajcxbTFVcXZoWVJ6ZkxoMzlKRUNobHNzOXhJMzNuMFBDMW9DLS1KaTh2YTZXRHN0WGVYamRMZ1FHUWxobGxVZk81T1U?oc=5&hl=en-IN&gl=IN&ceid=IN:en,"Wed, 29 Jan 2025 08:00:00 GMT",S&P Global,news,competitor intelligence,0,0
news_3215849468357209494,S&P Global Market Intelligence releases iLEVEL Document Search - Asset Servicing Times,S&P Global Market Intelligence releases iLEVEL Document Search  Asset Servicing Times,S&P Global Market Intelligence releases iLEVEL Document Search  Asset Servicing Times,https://news.google.com/rss/articles/CBMilwFBVV95cUxNMnFzX1haUlZqOE5uLXg1bTExcHJuNzk4UDJwaHVmMTRyZVRZc1RlSWhWQXgzd09rTnV4UjBnZ0VNek9JcEFCN2ExMWxBbTRud2ZPRDVCWUdLRmF2UFlORkpNNlRxWUFtdzhTZk9aeGVOU0k2S040ekJjbVNzLTVUU2RURXVkWHhKV0JyMHlzaTUwWkdpRTVR?oc=5&hl=en-IN&gl=IN&ceid=IN:en,"Thu, 07 Aug 2025 07:00:00 GMT",Asset Servicing Times,news,competitor intelligence,0,0
news_2456839173280029703,"(PDF) Product Innovation, Market Intelligence and Pricing Capability as a Competitive Advantage in the International Performance of Startups: Case of Peru - researchgate.net","(PDF) Product Innovation, Market Intelligence and Pricing Capability as a Competitive Advantage in the International Performance of Startups: Case of Peru  researchgate.net","(PDF) Product Innovation, Market Intelligence and Pricing Capability as a Competitive Advantage in the International Performance of Startups: Case of Peru  researchgate.net",https://news.google.com/rss/articles/CBMiowJBVV95cUxPMGJjYWpTMkRDQnBtU2ZWcFZ4RjF1QjE0N0JKcDFpNXFlMHJ6QWRTak9XUjhOYU9vU2hoUW1JbUFkVTJULTVnQnl4bTFueFk4Tm5HLUx4aGZUNjRjS2o4NVVxWU9NZFY0cE1PcnVnaWVmR2Z3aENDNEV3aXFhcmNKYVBKN0MxbGJZSzVRV2xkTHlZN3NrNVVFNWlaNnBPbm8zcFZrWmRMbkRMT2I5Q01EMXREUFlLQW5icTFrVkZVdU4xUnYtNE14cHJzTE9TM0FLQzVfQTV5NTdyR2FNa0ZfYnFvYmtmaWdWa3RVTDVuaHMweW9HTllnd2lqQ29KNWxBaTRJcXdmQW82MDJZVjhrT2NJeDZnZDJ3V2VHd0xCODJiRFU?oc=5&hl=en-IN&gl=IN&ceid=IN:en,"Sun, 03 Aug 2025 07:00:00 GMT",researchgate.net,news,competitor intelligence,0,0
news_5250460331137345881,"Vietnam Loyalty Programs Market Intelligence Report 2025-2029 | Coalition Loyalty Programs Gain Ground, Gamification and Data Analytics Revolutionize Strategies - Yahoo Finance","Vietnam Loyalty Programs Market Intelligence Report 2025-2029 | Coalition Loyalty Programs Gain Ground, Gamification and Data Analytics Revolutionize Strategies  Yahoo Finance","Vietnam Loyalty Programs Market Intelligence Report 2025-2029 | Coalition Loyalty Programs Gain Ground, Gamification and Data Analytics Revolutionize Strategies  Yahoo Finance",https://news.google.com/rss/articles/CBMilAFBVV95cUxQT29pSTlmamhoYjMtVzRJWmJRbWRJQzlLdkd6aXcwUklSbHNFQ1dvZURVRFJ3MThRVk1odWxFa2xLN3dKYlRUb3NwM1B0dHVnRWpKRzVnZGVSUW8tY2VJbWhqTlJUQ1VHWk9EbkpNSHdyMmJHc0VaNlVpTHZvVjV5QmRQRm5UV0lUZHlBSFE2cFl5OFZ6?oc=5&hl=en-IN&gl=IN&ceid=IN:en,"Fri, 08 Aug 2025 07:00:00 GMT",Yahoo Finance,news,competitor intelligence,0,0
news_5140119988159300217,Market Intelligence: Q2 U.S. Update - RealPage,Market Intelligence: Q2 U.S. Update  RealPage,Market Intelligence: Q2 U.S. Update  RealPage,https://news.google.com/rss/articles/CBMifEFVX3lxTE5tRDhTMHgxcnFOQ3VEUkNmVlAzOGNETFZUakNTbnFubDhIc2dDNTlkTXE2eG9jSVNLMnhncnZ6cHVWR0ROUTBqNVJhZzJGc0xBQklfMkEwMGYxZ01fLW40cExNZ05NMkR3RXkxM3lJOHRvSFBjYU9GZ19nUWU?oc=5&hl=en-IN&gl=IN&ceid=IN:en,"Tue, 22 Apr 2025 07:00:00 GMT",RealPage,news,competitor intelligence,0,0
news_1095330068335052884,Lodging Analytics Research & Consulting (LARC)’s 2Q-2025 Hotel Industry Outlook and Market Intelligence Reports - Hospitality Net,Lodging Analytics Research & Consulting (LARC)’s 2Q-2025 Hotel Industry Outlook and Market Intelligence Reports  Hospitality Net,Lodging Analytics Research & Consulting (LARC)’s 2Q-2025 Hotel Industry Outlook and Market Intelligence Reports  Hospitality Net,https://news.google.com/rss/articles/CBMiXEFVX3lxTE52TXdBeFFwOVJWQ0VLRlFRY2hKWkg5SGU3VTdhU2RCamxKVURVWExoUGZFNk1xc0ZxY2JITUh5bVF3a1Q1b0NyMWNiTHNPNC1hek5SamE5N0pUYzN0?oc=5&hl=en-IN&gl=IN&ceid=IN:en,"Tue, 02 Sep 2025 07:00:00 GMT",Hospitality Net,news,competitor intelligence,0,0
news_4248080697253024652,France Recommerce Market Intelligence Report 2025-2029 | - GlobeNewswire,France Recommerce Market Intelligence Report 2025-2029 |  GlobeNewswire,France Recommerce Market Intelligence Report 2025-2029 |  GlobeNewswire,https://news.google.com/rss/articles/CBMiwwJBVV95cUxPVzZ0OGpZbXgtTm9fWGlRRGQzbDY0YWM0ZllObmpyd00xS2x5bVkxVm9hSDRsbFgxSlBUeElHSFRxS0lYS2hvZnkxTHd4aWJMY2pTQzFPVldDZFZqX0NpaG9rckpkUEl4VllJczRlZVRpWmpiWGE0dUpjSWtJVHpqVTBBQUZ2c3MtWlpsQ0o2d3pUT1M4dWcyTWY5WXdEZnJGUXcxb3VFZmhYQXM1S1FPemhvRW9FMTFqcjc3MTkwRlhrNnVfMjJGdGNXcGVIalpVYzhHX3FjNVVSR0NDY2FIVUxIX0FYVnpBeDNYZXd5RVlHem4zZ25FMzBva3ZpeHFXNEhWVE1SUVg1Y1dpUDRKVzJPS0t3MWVtSjcxMllJQkdvZF92bWV6S3AtNjVXUHM5T2N1cFNZaVhVUjFoTWJOalJTcw?oc=5&hl=en-IN&gl=IN&ceid=IN:en,"Wed, 16 Jul 2025 07:00:00 GMT",GlobeNewswire,news,competitor intelligence,0,0
news_4301961279808495100,How to use advanced SEO competitor analysis to accelerate rankings & boost visibility - Search Engine Land,How to use advanced SEO competitor analysis to accelerate rankings & boost visibility  Search Engine Land,How to use advanced SEO competitor analysis to accelerate rankings & boost visibility  Search Engine Land,https://news.google.com/rss/articles/CBMiakFVX3lxTE9ZdVVqLUNkOUZNZ29uVHdfQjU2alBybFoybkZXT3hJSkQ5azF1d2ptUmQtQUVDOGxOMU42UTFKbE1rZ0hVaHVZZmpva1RHUWtxWk1JMnZmbkZMMHptcUUzRVNfSXl5QjB0QXc?oc=5&hl=en-IN&gl=IN&ceid=IN:en,"Wed, 12 Mar 2025 07:00:00 GMT",Search Engine Land,news,competitor intelligence,0,0
news_2430729944940236319,Nielsen launches Connected TV intelligence for Australia's advertising market - PPC Land,Nielsen launches Connected TV intelligence for Australia's advertising market  PPC Land,Nielsen launches Connected TV intelligence for Australia's advertising market  PPC Land,https://news.google.com/rss/articles/CBMimgFBVV95cUxQbkNmZFZMT0hJYklMSDVnT3ZYUklBbzVfSG9kOGt4OG5qQVNoWkdfdWhTMzZRNVhDMkZKX25OR1Btb1RXMU5aaHlBWkNNTHo5Y2VsMk9XRmRYZkpQaTQ1ZnBNTnY2eEFpRzVrbksyZnVBZHVkR3JwRTEtYlRRLVJ6cktxbkNkRzNOZHJqaVNXUThGUFRDMFZYaE93?oc=5&hl=en-IN&gl=IN&ceid=IN:en,"Fri, 15 Aug 2025 07:00:00 GMT",PPC Land,news,competitor intelligence,0,0
news_8239210496834290410,Market Intelligence: Q2 Midwest Region Update - RealPage,Market Intelligence: Q2 Midwest Region Update  RealPage,Market Intelligence: Q2 Midwest Region Update  RealPage,https://news.google.com/rss/articles/CBMigwFBVV95cUxNVzBnUDNiemNLXzkzZmwtYkQ0Y09NNklhaWdDMnVLSlNQbmJ0NFJaVmJheXJkYXNlUWdueVZKTmtaWXY2alU2eGdkT0FLUG9oS2RNSDBfWjBtckxySFppSVl1dVUtRnRzZ0hMODZUR1ZrU3pDRC14WGNBSzlHWjJKaXRCRQ?oc=5&hl=en-IN&gl=IN&ceid=IN:en,"Tue, 13 May 2025 07:00:00 GMT",RealPage,news,competitor intelligence,0,0
news_1471582533847071170,US Deals 2025 midyear outlook - PwC,US Deals 2025 midyear outlook  PwC,US Deals 2025 midyear outlook  PwC,https://news.google.com/rss/articles/CBMickFVX3lxTE10UmV2aWRFb2hMckZhYzlTT1F2V1RReGk1MFczdWNhREplUEM2czRUS3RHSjV5cDE4YmFEZ2ItWUdtM2pxSkI0R29NNXdHZll5cUxYVmVlVFMybkk3dW9GNUo1QlVQV3pqeTVxc3hxVURvZw?oc=5&hl=en-IN&gl=IN&ceid=IN:en,"Wed, 18 Jun 2025 07:00:00 GMT",PwC,news,competitor intelligence,0,0
news_8056943586561624713,Cortellis Pharma Competitive Intelligence & Analytics - Clarivate,Cortellis Pharma Competitive Intelligence & Analytics  Clarivate,Cortellis Pharma Competitive Intelligence & Analytics  Clarivate,https://news.google.com/rss/articles/CBMi0gFBVV95cUxPV0pzN0VKVkJseGw4MUdlQXgxUHU2SUpXdnJtOXo1Vzc1WkVkVXo4WnhhWXZKLU5JcFRWOFFocVpzdzBsSlNBTFptRkx2NlJGTWREZkdzbjF1YnhjeGpodWxoSENqRFEyZl9pbW9kX2RMSnRmR080a1pWWHlhTXk0cy14TlpTR01TanlIRlIzcXNUNmxNM1l5UkNIbVZJeHpzaTV0YzhjS2RBQmExZEdNS3hDSFp5LU9ZLXNsTl85RTF0WldwY1JEMzE5cS1EYk9xbVE?oc=5&hl=en-IN&gl=IN&ceid=IN:en,"Fri, 01 Nov 2024 17:06:31 GMT",Clarivate,news,competitor intelligence,0,0
news_1689423507774312841,Germany market intelligence: embracing opportunities in an uncertain future - Turner & Townsend,Germany market intelligence: embracing opportunities in an uncertain future  Turner & Townsend,Germany market intelligence: embracing opportunities in an uncertain future  Turner & Townsend,https://news.google.com/rss/articles/CBMiugFBVV95cUxNNkV0LWNMVmR5anBtX0ZaYV9Yb2NvbkVNX0dZel94dVlQbnFDNjRUMmppTTBucnlPUldKZlF2NkVqTktPamVvNy1iYmlUMnhNdkJ2ZmdPblJad01tcE9vYnd4bHd5eXdwdUdDTWVGZFpwSEVjOXdkOWRPUUR2Q1ZNWnRmQWdINjlMZDl5TWtOVGpHbUZFaFdEdUdueVdqZWNVdnhXSnJvZWxoUmFzaEJSSFpXWTlfbWlldFE?oc=5&hl=en-IN&gl=IN&ceid=IN:en,"Tue, 22 Apr 2025 07:00:00 GMT",Turner & Townsend,news,competitor intelligence,0,0
news_3870489262726817508,BEONx Strengthens Its Leadership Position; Announces Lighthouse as Preferred Market Intelligence Partner - Hospitality Net,BEONx Strengthens Its Leadership Position; Announces Lighthouse as Preferred Market Intelligence Partner  Hospitality Net,BEONx Strengthens Its Leadership Position; Announces Lighthouse as Preferred Market Intelligence Partner  Hospitality Net,https://news.google.com/rss/articles/CBMiXEFVX3lxTFBXdXZlX205R2xGQV9lX29hT1c3N2dqandlYU9aeWhER3FNcWZTRTM1MWpxcWlLcEoyNlNBX0pkQ0lvT1pyUEU0UmVJNVE1ekhjaEVZb2c1a2JnRWQy?oc=5&hl=en-IN&gl=IN&ceid=IN:en,"Thu, 08 May 2025 07:00:00 GMT",Hospitality Net,news,competitor intelligence,0,0
news_1745008045315728189,"Japan Loyalty Programs Market Intelligence Report 2025-2029 | Rakuten, Aeon, and 7-Eleven Lead Japan's Intensely Competitive $3.87 Billion Market - Yahoo Finance","Japan Loyalty Programs Market Intelligence Report 2025-2029 | Rakuten, Aeon, and 7-Eleven Lead Japan's Intensely Competitive $3.87 Billion Market  Yahoo Finance","Japan Loyalty Programs Market Intelligence Report 2025-2029 | Rakuten, Aeon, and 7-Eleven Lead Japan's Intensely Competitive $3.87 Billion Market  Yahoo Finance",https://news.google.com/rss/articles/CBMikgFBVV95cUxOMDFmX0trbUtHLTJfd1R4VEZKcnoxcEgwSzFySVNfZVZPMHZzTEdUelBSSllLSE01YWFZeHdmWEJxZjdhUmw2dzhwMlk4UGRrTDY2eFZ0aktacjFzZ2xvUG5GTU5mYm1hNkdyWGVndHVQV2ZJM2JrbXAxemphcjRpMmVJa1BYMTdOTGxCa2N6a0FTQQ?oc=5&hl=en-IN&gl=IN&ceid=IN:en,"Mon, 11 Aug 2025 07:00:00 GMT",Yahoo Finance,news,competitor intelligence,0,0
news_3041004253697259897,Indian IPOs to get lift from healthy pipeline and favorable market - S&P Global,Indian IPOs to get lift from healthy pipeline and favorable market  S&P Global,Indian IPOs to get lift from healthy pipeline and favorable market  S&P Global,https://news.google.com/rss/articles/CBMi6AFBVV95cUxOMXNscm5Ld3M3T1A0S21XUVU4a0hqZFIybUpNOGtvQ3pZNGowc1lKWHd2WjJMQ0tFVTlFQWhYNU9BaWs4bkpYOXVHTk5LRm5fLUNEMlRGVHZWSUxreEVFLVVZZzNBQzFrUmUwZDFtOXRWS2l0Z2paOV9ySlhvSVh4VEhIbnBWV0VQNFdXU3c0WlpuWTdaQk9SM1VLZWJlUHU3d05KQllBSVZmQUVzbFplankxd2JHTzJ4eEp2LWo2Q1ljTVBhQmxyQzhkWThqZHhMY2xuRURSNmJyMGN6U3k0M1NwM05vX3BP?oc=5&hl=en-IN&gl=IN&ceid=IN:en,"Sun, 13 Jul 2025 07:00:00 GMT",S&P Global,news,competitor intelligence,0,0
news_6061177302468251203,"Datasite to Acquire Sourcescrub, Expanding Private Market Intelligence Solutions - Business Wire","Datasite to Acquire Sourcescrub, Expanding Private Market Intelligence Solutions  Business Wire","Datasite to Acquire Sourcescrub, Expanding Private Market Intelligence Solutions  Business Wire",https://news.google.com/rss/articles/CBMi0gFBVV95cUxNMkJURWMtdGlYTUFxOHpFMjUxZWRRbUdMZzRnZXB6Vm5keUxMOS0wNXE3M2h1dlBfY0RjSUMyblRVQUVZSi1DakFzSVZJZWVlbC05bzFPbGg0WlJtUjVMWGROMUdfdEN0NGRkbFE4QjJISXB2MEFfRHVqa1c3cXJpN2JhTFllamhuQVI4ci1qR08zWlNrYlpyaHJPbDVBbDhuX2NHTEp6akRjcGRSTmF6dUtIQWhwd2FmVnlaZG5LakNZYkhRYV9FT3JYYm0zVEtXSFE?oc=5&hl=en-IN&gl=IN&ceid=IN:en,"Fri, 08 Aug 2025 07:00:00 GMT",Business Wire,news,competitor intelligence,0,0
news_3662910647050099130,Bank M&A Deal Tracker: Activity running at same pace as last year - S&P Global,Bank M&A Deal Tracker: Activity running at same pace as last year  S&P Global,Bank M&A Deal Tracker: Activity running at same pace as last year  S&P Global,https://news.google.com/rss/articles/CBMi5AFBVV95cUxQX3NVRHVKVDB3RnNDcFZLNDU0QkdaWWtzbXJ2X3IwYnhJSFotYmNNWE5Xd0U0LThFQ0FvaV9IXzRTMVhzQTN1OWtIelM5a1dmdTBYejd4dU1WbWhVWGpkc3F5Y000WjRVRXpzN1EzU184LWY5VmFqNWxpbWRWZENFUXRjbmhVakxGdnR1UllhSEJQMHFBNjNGUGRMV1hKVF8zVTljcnpoMEJpLVFoVHpES0FuOGlvT3phSUQ0YkN4cEE2bUlManlvTlNxOHhpNmdFZG1OWjVQLVJnc3E3WlJjeWVkanA?oc=5&hl=en-IN&gl=IN&ceid=IN:en,"Tue, 10 Jun 2025 07:00:00 GMT",S&P Global,news,competitor intelligence,0,0
news_128042975733663554,Top 12 Free Competitor Analysis Tools [2024] - Simplilearn.com,Top 12 Free Competitor Analysis Tools [2024]  Simplilearn.com,Top 12 Free Competitor Analysis Tools [2024]  Simplilearn.com,https://news.google.com/rss/articles/CBMidEFVX3lxTFBWNVQ1d0c1SDFQRXlVTkFPN3Q2NDJVMVBYbEFQZzhDSnZmRHVVSVBfNVNZYTdQVVU4S2NmUGdQTEFaM3BvS01xaXBWYXJGQ3BwQThDV1JpX0FUNmR6SjdYNTBsUC1xRUxjcnJXcnVGbzR3UWJK?oc=5&hl=en-IN&gl=IN&ceid=IN:en,"Sat, 26 Jul 2025 07:00:00 GMT",Simplilearn.com,news,competitor intelligence,0,0
news_7449482659049510489,Global Loyalty Programs Market Intelligence and Future - GlobeNewswire,Global Loyalty Programs Market Intelligence and Future  GlobeNewswire,Global Loyalty Programs Market Intelligence and Future  GlobeNewswire,https://news.google.com/rss/articles/CBMi8gJBVV95cUxNNkp6aGw5Zkw4Qzd3Q2FoMkE2ZnBXemo5dC1pQ3JXTnZDMTQxZGUzaW15bGhTdGs1T25BVHBOTWx0VjZ6Y1FWWVdLSlRpa29VYVdaWnlJdFdnLWVFOGwwbENzdHd0dWVLY2F5aGdKalN0QlE5ZXJkb3hhTXVvMzZ3N3Y2c0hkb0lvTXExSVlrdEZSVm12UVR4eVgxODlzYnMwMmVQenB3ajhiVVdyWTdFLW51Y1BCRC1HS2haanByRE9MX21YTXBvc2ZkNFhZdmlxOWVETFFkR29nX3g4alNURHdKUTdwcFBLaGdJczF2MDlVaW1tU0NQWUQ0bkVLMW03Mm15SE8tQm9rM0ZsMXdsWFRpb1lHeGgwM0hQdkNJYnVRbklwN0lXLWNwcnFXdTVtSUZxZ2MyTHpEY2Z1aDh4MGV3OXkzWjNQT3pIejNtcjMyd2ZaQTNSSm1hNVo1SUVUdmVlVVBEVFRqX1BJNGNzNUhR?oc=5&hl=en-IN&gl=IN&ceid=IN:en,"Thu, 04 Sep 2025 07:00:00 GMT",GlobeNewswire,news,competitor intelligence,0,0
news_8824583125225916633,China Loyalty Programs Market Intelligence Report 2025-2029 - GlobeNewswire,China Loyalty Programs Market Intelligence Report 2025-2029  GlobeNewswire,China Loyalty Programs Market Intelligence Report 2025-2029  GlobeNewswire,https://news.google.com/rss/articles/CBMi5wJBVV95cUxOblpYdHR0VWdjZXljLXhTc1pxWnlwUzBZa1FvYTh0cXFNWWNYU29tT3RnSXJIZVJNNHJYR05JRnVhQmxpWUpMOUlOS3ZVV1VWbFVXalF5UGxuMVdSQkozcTZtYVBEeE0zMkROWElxSC0yVk9YczlMRUlaNFNoa1dvRjNQYUZsZndsV3h3Tkp3b2tUWEVZbVNrQ3JOMENKUUx5Y1hfWHFXeFNGRTNoMDlsX09YUTFxRy1xbVRtUzkyczE0MVhYU3lHekgwMUNWc2NjQXVDRUtkQ1dxMGRHZnVoYW54TWREWWtRTnhiU0I5X3FmZXZuVWRDZm9lX1h5LWtzR3VBejZ0UVEyUm9kUUNzWkdkOGpxZU5rQkhhYWhtUVBpVXpOT25YY19IN0dUVFNnZ2xRMkxwaWJsTDJmeDNqZ19rajZDLUJBZ1daVkRRUE1GRllrb25qbFl1c01SX1dQT21obUxTQQ?oc=5&hl=en-IN&gl=IN&ceid=IN:en,"Tue, 09 Sep 2025 07:00:00 GMT",GlobeNewswire,news,competitor intelligence,0,0
news_2922179130485520589,8 Top Competitive Intelligence Companies (2024) - Exploding Topics,8 Top Competitive Intelligence Companies (2024)  Exploding Topics,8 Top Competitive Intelligence Companies (2024)  Exploding Topics,https://news.google.com/rss/articles/CBMidkFVX3lxTFAzaC1GaDdTZDVWd0JiSkdtcDFuekVvQWczYzRURFczcUtiVmhxSjI4REhxUk0yR1N2SWdCdFFrSFlLeXhIVDhMVHVrLTdUalpsSVlHS2dZUk5MUEgwblFZQUV2THByR0J4WXJFb2FRU0NjN1FXaFE?oc=5&hl=en-IN&gl=IN&ceid=IN:en,"Fri, 15 Nov 2024 08:00:00 GMT",Exploding Topics,news,competitor intelligence,0,0
news_967275775706605397,Canada market intelligence: uncertainty builds - Turner & Townsend,Canada market intelligence: uncertainty builds  Turner & Townsend,Canada market intelligence: uncertainty builds  Turner & Townsend,https://news.google.com/rss/articles/CBMikwFBVV95cUxPMlJQNExFR1FxOWtlNlJPS0lIS3AweHJqZGhpT0xvaUNYV1Q4NG5McFZzTERjbTNTRWNsZEVjRzNRamc1VkdyREhHNTJrdkF2TEZoOEp2U1k2N3g2eW5TeGY4R2dsdjZwUUs4OXNRaWljQVNSam8zeW1EZEF0bW11QzNiZU8zbnpQcUJkbktzdno4NzQ?oc=5&hl=en-IN&gl=IN&ceid=IN:en,"Tue, 06 May 2025 07:00:00 GMT",Turner & Townsend,news,competitor intelligence,0,0
news_4376719354659346440,Market Intelligence: Q1 Midwest Region Update & 2025 Outlook - RealPage,Market Intelligence: Q1 Midwest Region Update & 2025 Outlook  RealPage,Market Intelligence: Q1 Midwest Region Update & 2025 Outlook  RealPage,https://news.google.com/rss/articles/CBMilwFBVV95cUxPeGJmYzQ0WVRveXZoRzFDaEZ0TU1LZG0xdnduZ1FyN21heElwUUt5WGM5Y1BzdjQ2akVaVXVkak1zRWRXNTM1WEdzbDA3U3B3N1p4cjkwSWpzeGZKbjJ1dkZYQ1JiMnZ2ZUZJMERJdHVla3V6dHBLc0V1bW55Q3I0dDBKbmhNV2hJaDRPeTVveFFvYWw1Zk1r?oc=5&hl=en-IN&gl=IN&ceid=IN:en,"Tue, 25 Feb 2025 08:00:00 GMT",RealPage,news,competitor intelligence,0,0
news_6054929139159386401,Market Intelligence Area of Work expands reach with four communication tools - CGIAR,Market Intelligence Area of Work expands reach with four communication tools  CGIAR,Market Intelligence Area of Work expands reach with four communication tools  CGIAR,https://news.google.com/rss/articles/CBMitwFBVV95cUxNbWRNdmt5QVA0OHJKNjZCc3hiRURjczFHYzF3cDV3aExJQXlNdVM5d3dhbHFjNTlwOExKNV9OSG1INDNaSFNXWHNwclY3aEFid01ITjFubUVYZXVwVWk0cW9ZWEJKVmdQaGlTbHJCLUdGYjBGQzRDR2FLWXlvNE5PODdSdmRFLXVpdS16UmFKbjZKX0VreHlKNjFsX0VrNi14Q2R0OUtyR1dhbzZTcTl5UW9QY0JmWVk?oc=5&hl=en-IN&gl=IN&ceid=IN:en,"Mon, 31 Mar 2025 07:00:00 GMT",CGIAR,news,competitor intelligence,0,0
news_1946305499612348556,"Exfluential Wins ""Best Enterprise or B2B Technology Innovation"" at Octane’s 2025 High Tech Awards - Yahoo Finance","Exfluential Wins ""Best Enterprise or B2B Technology Innovation"" at Octane’s 2025 High Tech Awards  Yahoo Finance","Exfluential Wins ""Best Enterprise or B2B Technology Innovation"" at Octane’s 2025 High Tech Awards  Yahoo Finance",https://news.google.com/rss/articles/CBMiigFBVV95cUxQS2tqTWlUSmhJcnBzQTI3c2MtWmFTenZvX0tEQ0U1SmxNSUstdFFFOGZ6ZW9kblNMNVEzWWdoT2dNREZRQnQwcHFMd3kxRzFBMS1PVnZWUzRqcW5YRmhGT05jUktIYnExaWpfUjdNSHZ2aEtsWV9kTmctQmJyUW5EVktCMzNhWlh6SkE?oc=5&hl=en-IN&gl=IN&ceid=IN:en,"Wed, 08 Oct 2025 13:00:00 GMT",Yahoo Finance,news,technology innovation,0,0
news_6185791683490863700,Omni Defense Tech’s SKYDRATE® Wins Dual Awards for Innovation and Safety - Air & Space Forces Magazine,Omni Defense Tech’s SKYDRATE® Wins Dual Awards for Innovation and Safety  Air & Space Forces Magazine,Omni Defense Tech’s SKYDRATE® Wins Dual Awards for Innovation and Safety  Air & Space Forces Magazine,https://news.google.com/rss/articles/CBMiqAFBVV95cUxONWtTRGYyaEg3NHRUOEhSNjVTX3YzM0lBSkNxMGtuaTB6THV6UVBwcnNOS1ZzM2dHTF9RUEFzeTB3RDFydzRXTEZCRTB3cDZqVjBRU3NHSUgzMVN1RU11NkJMc1JQWTdmMjgyRno1SEtuOGxkT1NCeXRrTDJOUURYLTlPTWZ6N1hFWEUyR2pIS1dUUzlEbGdkdEtvNmVadEFBbTVMa2R0ZEk?oc=5&hl=en-IN&gl=IN&ceid=IN:en,"Wed, 08 Oct 2025 10:28:38 GMT",Air & Space Forces Magazine,news,technology innovation,0,0
news_1249741437879881964,"LRT Conference Focuses on Change, Innovation, Technology - Railway Age","LRT Conference Focuses on Change, Innovation, Technology  Railway Age","LRT Conference Focuses on Change, Innovation, Technology  Railway Age",https://news.google.com/rss/articles/CBMipgFBVV95cUxOdTFFaWdmb3ZPM001Wmo4LW5YdEpFQk95RzFqcGozOS1YZkZPMDZ1aUpZTDk2SWo5bGliY0tKNGM4RGZ1Y1QwRVl0UnRoamI4dUlFRVljTGpkenVlZXExVGxMYVJicWxoWXQ3Tk1iMVFiZG5GRU5HS1Q3clVuX21xRnFrTjlQYmxjUkNLMXdPUnEzUF8yclI5cEpBY3VCenhlRnA2bDdR?oc=5&hl=en-IN&gl=IN&ceid=IN:en,"Tue, 07 Oct 2025 22:00:33 GMT",Railway Age,news,technology innovation,0,0
news_4640068785485613886,Relativity Launches Rel Labs to Drive the Next Wave of Legal Technology Innovation - PR Newswire,Relativity Launches Rel Labs to Drive the Next Wave of Legal Technology Innovation  PR Newswire,Relativity Launches Rel Labs to Drive the Next Wave of Legal Technology Innovation  PR Newswire,https://news.google.com/rss/articles/CBMi2AFBVV95cUxQX05BSWhWLU5NM1dLQlFSdzRYVnZPVmdRYjJWS0tjdjJoUnp1c3BibFd1VS0xcVRjbE9EeTZ0Z3lnT1M0X2ZOdEhraGM1Z01uRXdPNmVMQmFFaDEwdElGaTZQXzZ3ZEVCZWdMSjIzaUkxbHlLR0ZkbHhLbnAtMnkxWWw2WkNiaWphb0pTLXczcVItWXNUaHI1Q2NYX2NnUWZVVjE0N28yWGhOaS1fUUNUN2l5WkRocjVMOXVFY0lVX296WlpjaXpPNm1LY1QzcWNEX1BaNHdrUDc?oc=5&hl=en-IN&gl=IN&ceid=IN:en,"Mon, 06 Oct 2025 14:00:00 GMT",PR Newswire,news,technology innovation,0,0
news_5215095607057720620,Investing in US Climate Technology Competitiveness - Resources Magazine,Investing in US Climate Technology Competitiveness  Resources Magazine,Investing in US Climate Technology Competitiveness  Resources Magazine,https://news.google.com/rss/articles/CBMijwFBVV95cUxOQThXLUJCdWhhbzR2bFhKUlluUnlkVExjdHZGYmhVWS1TNGFUMFF5eThnQVZncmxhVk5EWkdFckpsZlBHd242RFhPc3MycEc5ODlWdDBRYlJIX1ZkM1B6bEFVeDh3bjE3YUtqa2pudGk1SXJfaWI1RTV1LWFpbWZpTVJxSGF5anc5N1VGWGtIQQ?oc=5&hl=en-IN&gl=IN&ceid=IN:en,"Mon, 06 Oct 2025 03:47:38 GMT",Resources Magazine,news,technology innovation,0,0
news_4171998237425637625,Business Model Innovation: Seven Essentials - MIT Sloan Management Review,Business Model Innovation: Seven Essentials  MIT Sloan Management Review,Business Model Innovation: Seven Essentials  MIT Sloan Management Review,https://news.google.com/rss/articles/CBMifkFVX3lxTE96VXIyQm0yLTJocno4NVRkWG93ZTdjTG4ySEtoVjhia1pkTUdJbXF6Mm9hb2JXeUJVMXlSVU5SRXRtb09QazJOYVdzRVhfVkFrb2U5VFY3YzQzZ0ZHUU1TemxlamdKdkNFQnY0YXZON0ljUnJvRUNSM3Q4dVhhdw?oc=5&hl=en-IN&gl=IN&ceid=IN:en,"Mon, 06 Oct 2025 11:00:54 GMT",MIT Sloan Management Review,news,technology innovation,0,0
news_3981539569453502666,Innovation leadership rebooted in UK insurtech - Insurance Business America,Innovation leadership rebooted in UK insurtech  Insurance Business America,Innovation leadership rebooted in UK insurtech  Insurance Business America,https://news.google.com/rss/articles/CBMitAFBVV95cUxPZDVmdktXTGNNekVkWTd0bEVfWXdNdnZRcHNFc09vWjZmYmJ2WjdIMFZOQ25McGFNeHFpbUtIcWUyWDhyN1kxWTRPRGd5R2UyT09jUncweWFZd1V0NVJKdWtuNWYwQjNQSXJSdDZ3RExSd0g2MFplLWVvbWt0Wm5LbUM3cnctbU93SXNKakVIX3dkb21uYm90d2hVVGJFMVpTYTlwNTRLMS1zLXg4NGo4WG5BT0I?oc=5&hl=en-IN&gl=IN&ceid=IN:en,"Wed, 08 Oct 2025 10:32:27 GMT",Insurance Business America,news,technology innovation,0,0
news_6543190404891559423,"Vietnam, Japan enhance cooperation in sci-tech, innovation, and digital transformation - Vietnam Investment Review - VIR","Vietnam, Japan enhance cooperation in sci-tech, innovation, and digital transformation  Vietnam Investment Review - VIR","Vietnam, Japan enhance cooperation in sci-tech, innovation, and digital transformation  Vietnam Investment Review - VIR",https://news.google.com/rss/articles/CBMitAFBVV95cUxNZXgweWRPUDRmYlpCQjRpYzRaOVlETHYxRHdTUUl5YlZtUUZjWEZJbUlHQS1SZV9jcURIUDJ6eVM4SHBJY3lEcTZuMnp2Y3lORVZtUVhMXzdlTG8xRmx4dmRNY0RUdUhIX3NkWjBNdmlNcVBBeHpwUXNuLU1oZVh1QnlTaXhnQnNkSWFaZ3h5VFFieGc4TFE4cTRBa3JON0duaFdXNVlRQmZVS2VaQVh4bGJjdEc?oc=5&hl=en-IN&gl=IN&ceid=IN:en,"Wed, 08 Oct 2025 11:30:36 GMT",Vietnam Investment Review - VIR,news,technology innovation,0,0
news_4915442097225907662,ISSA Show North America 2025 Emphasizes Technology & Innovation - Cleaning & Maintenance Management,ISSA Show North America 2025 Emphasizes Technology & Innovation  Cleaning & Maintenance Management,ISSA Show North America 2025 Emphasizes Technology & Innovation  Cleaning & Maintenance Management,https://news.google.com/rss/articles/CBMikgFBVV95cUxOMHItV3NzNmN1c2hLSjRvQzZIWG1WNHJ1OGZHUk5Vb2dZYzVQNm1CTjJpdkMzcWxsUUZWQlNrclVjcDJxcG1yRGY5RjUtaGF2V0dlMmFCXy13dWdzNEhaV0NNS1RPZWZINUxhRlRsa3NqWjN2Zk8xMGMyanZCM2M3MXF5VW5Fckg1Z0E1SS00MjBXZw?oc=5&hl=en-IN&gl=IN&ceid=IN:en,"Mon, 06 Oct 2025 09:33:17 GMT",Cleaning & Maintenance Management,news,technology innovation,0,0
news_1212787222008660598,CEVA Logistics Combines Need for Innovation and Resilience with Manhattan Active Warehouse Management and Order Management - The Globe and Mail,CEVA Logistics Combines Need for Innovation and Resilience with Manhattan Active Warehouse Management and Order Management  The Globe and Mail,CEVA Logistics Combines Need for Innovation and Resilience with Manhattan Active Warehouse Management and Order Management  The Globe and Mail,https://news.google.com/rss/articles/CBMitgJBVV95cUxQNVBidkdHdFFHOGpaOC1YbXAyUFRxY0QxbnhuMFBvTHpYQ1ZvS0VrVlo4aHZUMEpLTFU1VW9iLXJCOTFGS3pqZUtVMzJOR2NxemtQUTVjZEJQbUE5X1E0aU9meU9ad1JVQWw0Wm1rUGNRRHhkUXFsNlktN3dXeDRVbFNBc05qd3o3V3I2bkxWRDJVc1lmSmJSY2xwZlhzYkgyRlRFTUhLU3NiZ19uUTlLNkVwQ3dudWJFUVJzbGRVcU5lNU1LSDk3UnRDTk45OEl2TjB3Sk54ZDJ2RUp2Nk1ndl9pdVRXTlBzMG1aRHNuLVYyUHlDdUtLWVczcVJNSXJiVVc2cGV3VnU5eElvLUo5MDdBcDFoQVpPaFRQMjBNVkstQnU4b2RCMHNJc0hEb0RYUGFCQmZB?oc=5&hl=en-IN&gl=IN&ceid=IN:en,"Wed, 08 Oct 2025 08:19:01 GMT",The Globe and Mail,news,technology innovation,0,0
news_4534362468635480006,How tech powers immigration enforcement - Brookings,How tech powers immigration enforcement  Brookings,How tech powers immigration enforcement  Brookings,https://news.google.com/rss/articles/CBMigAFBVV95cUxNTlZJNkNUVXVBcnQyRjJSQVQyYkw5UFNKMlhfT2psNnNNbHYyUFljakp3UUJTNDdsZHdtREhQOW1zN0oxNmk1S3J4Tk1WNGVxSFJ5SkptWFFDTFZnUXNKbTV0Z241bU02UGcyQ0wzQnRNQXZISEtBdjRRRU1NMGNaZA?oc=5&hl=en-IN&gl=IN&ceid=IN:en,"Mon, 06 Oct 2025 21:04:25 GMT",Brookings,news,technology innovation,0,0
news_1531744121769373813,"Sunrise New Energy Co., Ltd. Secures $600,000 Funding for National Science and Technology Innovation Project in Solid-State Battery Anode Materials - Quiver Quantitative","Sunrise New Energy Co., Ltd. Secures $600,000 Funding for National Science and Technology Innovation Project in Solid-State Battery Anode Materials  Quiver Quantitative","Sunrise New Energy Co., Ltd. Secures $600,000 Funding for National Science and Technology Innovation Project in Solid-State Battery Anode Materials  Quiver Quantitative",https://news.google.com/rss/articles/CBMilAJBVV95cUxPM2RZUmtPYkdmWmZxeFFRWnBCRl9uUm9acU8wdzNZY2R1dnE4bUtMREdaSXcxWTBVUGRybHVwVWRFOFZPaGFZTzVpYWZ1czBjQmFkZFRtZ3JaQjN5S01hTVZjNWhGUkdTd2xtUG9TVGlwVkVwaEYxQWFfOWNVODNXaU1GWkgtdk5mUy1NdVhOeDlxNnE1ZXhiOVJCakN2eE80clo5MzJIbi1wNGNDdjhlSXJFSnI4bmZpSldyMmxnRF9PZk5kT0lNTTFVandESW5KcmtTeE9zNlg4bUpCYUdnOXVBTW1YVTF1OU80ajBYVEk3S2FETkl6Z3FmTVVHUkdMNkZuQkNmMTdPRU93MklXNmJmN2Y?oc=5&hl=en-IN&gl=IN&ceid=IN:en,"Mon, 06 Oct 2025 13:31:00 GMT",Quiver Quantitative,news,technology innovation,0,0
news_2946625069233872788,United States Medical Aesthetics Market Poised for Strong Growth Driven by Demand for Non-Invasive Procedures and Technological Innovation - vocal.media,United States Medical Aesthetics Market Poised for Strong Growth Driven by Demand for Non-Invasive Procedures and Technological Innovation  vocal.media,United States Medical Aesthetics Market Poised for Strong Growth Driven by Demand for Non-Invasive Procedures and Technological Innovation  vocal.media,https://news.google.com/rss/articles/CBMi-gFBVV95cUxPT0tsdTNQNmc2dVljVnJicENwZXFQOExucGNraDh6V2FNZThVTmRFYzgzTmNEcGxqUUNrV240Uk1iUjNVaVNzU1N1SzhmOG9icjhaeXdCSld4ZXVjRFZtUWtsOGVfM3duMGxGUkprMVlMd2tzUHlTQU13VjNlTzloX3A0b3NKeXB1X1BRcWo2X2o2bTBLZk4tU09majhIbnVEWERVZ19rbEd6UXZIWWRNVVNVakgyMFprSldvekNxRDlzX0FjblpyOGFnWm9IQTNpS2FncTk1RnN2Q1hJeXF6R1VsSlgxLU5DYUh0OG5COG9RbnRWWjZRbnBB?oc=5&hl=en-IN&gl=IN&ceid=IN:en,"Wed, 08 Oct 2025 08:05:34 GMT",vocal.media,news,technology innovation,0,0
news_7974003190691515654,Science and Technology Innovation Program - Wilson Center,Science and Technology Innovation Program  Wilson Center,Science and Technology Innovation Program  Wilson Center,https://news.google.com/rss/articles/CBMihAFBVV95cUxPZndJMElCZk9ETk9aUFItV0NPc1VKb0M5RHhLak1FNUhTNlNpRHA0VmFIdkVYZ3VDY01lLTl5SU1RZTQwXzlLdnFRQzhuY3FKTWp5OUljTUR0VTExNzF6ZGdSdk9DM3hDVTM5UmRIQWlDSk1idktkUDcxY2U1RXJUWVlRZUk?oc=5&hl=en-IN&gl=IN&ceid=IN:en,"Wed, 02 Apr 2025 07:00:00 GMT",Wilson Center,news,technology innovation,0,0
news_5078759454478385889,"Technology, Innovation and Partnerships - National Science Foundation (.gov)","Technology, Innovation and Partnerships  National Science Foundation (.gov)","Technology, Innovation and Partnerships  National Science Foundation (.gov)",https://news.google.com/rss/articles/CBMiREFVX3lxTE1lM1h6Y0lzaVBiM1FLVWtFRmxFZGtqbFNObEYyYUNmTi13S2pxLWNMU25qbzBEeUxodklqWUdOZDFQNHdB?oc=5&hl=en-IN&gl=IN&ceid=IN:en,"Tue, 11 Feb 2025 04:03:42 GMT",National Science Foundation (.gov),news,technology innovation,0,0
news_3287961316206519684,"Vensana Capital Launches Vensana Innovation and Adds Thomas Tu, MD, as Venture Partner - Business Wire","Vensana Capital Launches Vensana Innovation and Adds Thomas Tu, MD, as Venture Partner  Business Wire","Vensana Capital Launches Vensana Innovation and Adds Thomas Tu, MD, as Venture Partner  Business Wire",https://news.google.com/rss/articles/CBMi2AFBVV95cUxQSTNZX3BUR3ZZRExpLUJndERONmg3V05teFZfYUhjUDBicDZ2N0tqWWtzNEhaX21YQjl3T1FNQnFJVnhOSEtyWFNlUnp3cFpwREdSa0FsbXl6WDZTemVubzFxN2JuS1d4X1BYQVo2c1BLQjRxeWFMQ1ozVFhhVGJOcHkzbmZRZExuSVRQaEhqUEF6ci01cHk4YWRZSkduemNodWpCb2VnTVlXZDhxalNUSWhuc0lCR29GUHpYQzM4RnFwNXd6dmFRU3l6UFhLN3Uzd1RWdGxuTGI?oc=5&hl=en-IN&gl=IN&ceid=IN:en,"Tue, 07 Oct 2025 12:00:00 GMT",Business Wire,news,technology innovation,0,0
news_5565556307620879021,A Sample Grant Proposal on “Youth Energy Labs: Innovation in Solar Technology Across Vanuatu” - fundsforNGOs,A Sample Grant Proposal on “Youth Energy Labs: Innovation in Solar Technology Across Vanuatu”  fundsforNGOs,A Sample Grant Proposal on “Youth Energy Labs: Innovation in Solar Technology Across Vanuatu”  fundsforNGOs,https://news.google.com/rss/articles/CBMizwFBVV95cUxOTTRMY1p3UUZfUzZ2YVJZa2h5ZjlWTmt6NkJFZWxUbWNYNVZtYjJhX3M4N0R1TkJScVhOWUZrRWdpd292NjJaTVg5OFlxVDJQZ2szLWpWNFN0R0hPWmN6dndIYTRIZHpaaWJnNktDaFVpb3RMWTJaWjFpRGk0cXZLdDFUSExVOXdKZnZRODdhZmFRUkxrRGdCNzdmZGdrb2pFa2prTHYxYzMxUnJGc1k5anREcjFsSkN5dUhpZkh0SW4wV2s4dVJDZVM5bHBnTjQ?oc=5&hl=en-IN&gl=IN&ceid=IN:en,"Tue, 07 Oct 2025 22:25:49 GMT",fundsforNGOs,news,technology innovation,0,0
news_362166543971612775,"Portland Community College expands learning, training with Hillsboro ‘Technology Innovation Spaces’ - Hillsboro News Times","Portland Community College expands learning, training with Hillsboro ‘Technology Innovation Spaces’  Hillsboro News Times","Portland Community College expands learning, training with Hillsboro ‘Technology Innovation Spaces’  Hillsboro News Times",https://news.google.com/rss/articles/CBMi1gFBVV95cUxOb2U4Sms2MHRoenEweEcwXzRYNzlXSnBaTF9zNmlhQkl3azduQUpaUU9CQ3FEb1ZuV2ctRGlFVXUzQUZOUG5zWldoX1cySkQzN3phV0V2ZE1BUDdfRld1cU9DTE1vV1FpWGVGV3NsMkxKNzJGNGFnZVpVa3JHajZadzdqeHdYRGtma0I2WVJOZWpfbHB4OGVQTmlIRXRXdHdoTXlHVFh0OGU4VC13bk41Zm9DYlZHWFZ3Y2JaRFVmOHY4RUliZEFkampSZHVpT3lyMUZIUWhn?oc=5&hl=en-IN&gl=IN&ceid=IN:en,"Tue, 16 Sep 2025 07:00:00 GMT",Hillsboro News Times,news,technology innovation,0,0
news_6199786223037691395,FWD Group launches innovation hub for insurance technology - Insurance Business America,FWD Group launches innovation hub for insurance technology  Insurance Business America,FWD Group launches innovation hub for insurance technology  Insurance Business America,https://news.google.com/rss/articles/CBMiwAFBVV95cUxQUGZqdGNJc2JkMVo0TFdBY29lTHRBdlJSUEs3UXF6RDdZWGxaRDNLN3IxRUtnRmV4TWhFelpXcWlRNjNlWnB3ZkYzYk4wRHkyX2NqdWxBT0l5X1d3T0tmUnBhNVV5a0o4aDVLdG56OTZsWEY1QWRtMURkM3YydGxxb2EzaHNjMmRHRTV6dDM4ZUlYSlp5enA0eWVDblM2anE3Vm93clh2bWEzSkU5X2pDRkZycFVWRmFrUVFfWmw3RU4?oc=5&hl=en-IN&gl=IN&ceid=IN:en,"Wed, 08 Oct 2025 13:07:30 GMT",Insurance Business America,news,technology innovation,0,0
news_3270271590339725028,The Countdown is On! One Month Until the Optimum Technology Innovation Summit - Altice USA,The Countdown is On! One Month Until the Optimum Technology Innovation Summit  Altice USA,The Countdown is On! One Month Until the Optimum Technology Innovation Summit  Altice USA,https://news.google.com/rss/articles/CBMipAFBVV95cUxOUm93WEYtSG84dERnMXBIR3NDQUJNdnJQY1F0R050dVlXaGZONVQ1Mzd5NjFRbHllSk1HeFZMbXFsSVpkYjVWWjVVWFFYbXc1aGtKSHgzNS1FMm5rTW1COGFsMV9MZUdTVEgwQmNiUXR3NkJ6U3dQeHFxdUxOM2wyQTZxLWRtUHE1LXlqV2dYYkltMG5EZXJNYTNlVzY3V0lDSnFqdQ?oc=5&hl=en-IN&gl=IN&ceid=IN:en,"Fri, 29 Aug 2025 07:00:00 GMT",Altice USA,news,technology innovation,0,0
news_782397646791583613,"Clean Technology Innovation & Collaboration: Climate Week NYC Recap, Part 2.2 - CleanTechnica","Clean Technology Innovation & Collaboration: Climate Week NYC Recap, Part 2.2  CleanTechnica","Clean Technology Innovation & Collaboration: Climate Week NYC Recap, Part 2.2  CleanTechnica",https://news.google.com/rss/articles/CBMisAFBVV95cUxPUkVFbm5CWE9CZWZYVVN4dDdydzBpN1hNOVBJRkRZZkhiT2QyaTFxVW1wUkgxczlaa3BDSEp6N0laTS1Cd2JvQWtDTWtFOGJ6T3RYejFRSmw5Qk9DNTVLaHJNVDYxLVRsd2ExQTFPWDFmOWpkYlk3STJpQ19hS0RiOFM0YWRqT1ozSE0xQUMtNkxncko2UzRubTRQTlBMUGFlVUtpTjRuQlBUbHloaEpSNtIBtgFBVV95cUxNcG4zc3E4XzlUOHIzZXpfRkJFT0t6b0dDVElKc25KMEJ5anhPeDRQUjlNOEdPZWFhU0pncUUxYXprWEVYVDY1SW1DajRiZFVCZGVLdGk1Z2czbDBvVlgyRXpTb1lyemh5ZGtOSDVESWYxdnhlbWpCU2V1cGw0bDNPdGZJR2I3VzZ0dE1iYUVHZlZUTjRhQS1HLTdneGJvVlVBYjJLRHZ6ZGJKRnk1WGszU0lsZHZOQQ?oc=5&hl=en-IN&gl=IN&ceid=IN:en,"Thu, 02 Oct 2025 18:17:15 GMT",CleanTechnica,news,technology innovation,0,0
news_1462776152863034187,Tabith Awal appointed to Fifa committee on football technology and innovation - The Business Standard,Tabith Awal appointed to Fifa committee on football technology and innovation  The Business Standard,Tabith Awal appointed to Fifa committee on football technology and innovation  The Business Standard,https://news.google.com/rss/articles/CBMirwFBVV95cUxPRkpueEV5cTc2dmtnSVZCelJFMklJN3E3N2lZdElDS2tWN2hYaGh5cEZNZGJLcDZQeURrZXZpZXFuX0RuTUF2SlJsc1NtTHBJR3lvWWxqMkU2VDlxcWFxS0Z4R0ZmRHA4SU0xU1JSellFZ29jc3ZPbWNtdHFZdk54dVJ1UnRFQjJNVmRkVzJtcDVYV2ptYWwyY3RoZnJiQl9NWlZlVXdSOW5oLVhpeDVJ0gG0AUFVX3lxTE9iUlpRSFV2TFRnOUFoWXR0MWN0a2xad2xseDNGcThIREdweXVFY0lrMlo1bjIxSjhWd3I5Q2NMYmpfU082Y2JVcS1tekJlVnhsLUlzMVZhQVRpTkt4bEtRZi1ZNVY3MXU4bG1UekZDTXZjVGVPWEFuV3l2MmwyYlV3V3RSS1FJZS0zNVpDWTJBdzZuSGtnUUNMbTFXQ1pvaXAxandUbDcyTXB3TENibkM1c3FLRA?oc=5&hl=en-IN&gl=IN&ceid=IN:en,"Wed, 08 Oct 2025 07:30:00 GMT",The Business Standard,news,technology innovation,0,0
news_2607942807032401376,serjoud521j35r6i0dss7990vhwagc - Greater Houston Partnership,serjoud521j35r6i0dss7990vhwagc  Greater Houston Partnership,serjoud521j35r6i0dss7990vhwagc  Greater Houston Partnership,https://news.google.com/rss/articles/CBMigwFBVV95cUxOb0JqMGdteGctVGktOFE5ZDJyV2x4bzFNUk5aN1ZoM3luUjZBaEREdE5RY255dUxxWXk4OUJuQUlDVkhvR1MwczhPblpYaEtIUHdjRGJ2Y204QTFMbVF4VFhBTkhhS0FsTkJYSWt5ZUtnV25JcXRqUjU4eUJVRllNYlJjVQ?oc=5&hl=en-IN&gl=IN&ceid=IN:en,"Sun, 20 Jul 2025 18:42:07 GMT",Greater Houston Partnership,news,technology innovation,0,0
news_761953787726932383,GITEX GLOBAL 2025 Unites Tech Giants for Future-Critical Innovation - Morocco World News,GITEX GLOBAL 2025 Unites Tech Giants for Future-Critical Innovation  Morocco World News,GITEX GLOBAL 2025 Unites Tech Giants for Future-Critical Innovation  Morocco World News,https://news.google.com/rss/articles/CBMitwFBVV95cUxNSldMQWFpX1FDejY5ZFE5QVA0N1ZsRU11VEUzYmRpdzJaa24zaVNjME9CQ0Z4dllnU0Q0TUpOU1V5a1NjajU5QmFlZXZCOVNGenQ4TEtLYWpHOEVUUkIxbVVKdzdTd3pldEVfYzJHUV9YYm5od1dIbjROTENGRjVmTGM2dUJvcndzdW9OU0EwLUREMTROOEtNOS00RjI1S0JINTJNaWpQdWQ4T2FpQzhTWWQtSkU5Y0E?oc=5&hl=en-IN&gl=IN&ceid=IN:en,"Tue, 07 Oct 2025 17:05:51 GMT",Morocco World News,news,technology innovation,0,0
news_770905447533683610,"Action Collaborative on Translating Emerging Science, Technology, and Innovation in Health and Medicine - NAM - National Academy of Medicine","Action Collaborative on Translating Emerging Science, Technology, and Innovation in Health and Medicine - NAM  National Academy of Medicine","Action Collaborative on Translating Emerging Science, Technology, and Innovation in Health and Medicine - NAM  National Academy of Medicine",https://news.google.com/rss/articles/CBMiswFBVV95cUxObUxhVjU0VzZvd0tXSDV3OUF2Tk9wdXA5ajJfUlpKYkozNUh4b3RQQlNWTVQ4aF9TTFFCMHdneTM1ZjludU1MSnhEVGlveXVvQVdWbWVIaVZLRmZKNzdzMGtjanNUX0JtZUxFZXlKQXNmUEJXT1JjdHBIbGJ6eDI2d1ZDQzduUi16NUpSVWdyd0xFLTUtekFkX01MaUFHdnlVMkVnMUZXdnE1QWhUWjREZ0M3SQ?oc=5&hl=en-IN&gl=IN&ceid=IN:en,"Wed, 26 Feb 2025 18:35:32 GMT",National Academy of Medicine,news,technology innovation,0,0
news_1114940503549392814,Why technology innovation must put sustainability first - The World Economic Forum,Why technology innovation must put sustainability first  The World Economic Forum,Why technology innovation must put sustainability first  The World Economic Forum,https://news.google.com/rss/articles/CBMijgFBVV95cUxQTkVjYzI3NzZpNFpPRldWUXdheWpTYXJ0TTVHVWsydjZ0RkhtVml0c2c1R2FaY1ByTmJMVVNfcmxZWWFNT09lVVVjS3g4Z21ObzVlSmRkRXVCOVNOdzZtZTZsWGstQTBJZnRaSHRCMHliYWU5ZFJQT1dNSGhTNlVjT2Y1VnEwcEhqTzg3eGxB?oc=5&hl=en-IN&gl=IN&ceid=IN:en,"Fri, 20 Jun 2025 07:00:00 GMT",The World Economic Forum,news,technology innovation,0,0
news_1690005404816139695,"Hang Feng Technology Innovation Co., Ltd. Announces Pricing of Initial Public Offering - GlobeNewswire","Hang Feng Technology Innovation Co., Ltd. Announces Pricing of Initial Public Offering  GlobeNewswire","Hang Feng Technology Innovation Co., Ltd. Announces Pricing of Initial Public Offering  GlobeNewswire",https://news.google.com/rss/articles/CBMi6wFBVV95cUxNQlQzVGVuTm1ENmtrX05KeVpOekhudklzVlhlcW5MRDBPcDdxTFlWMjFLV3NteEQxQ0xrQV91NUVkaTRLRVRkV3NRZTBXQ2Q5bnFOelNRWlhvQTVmVUl4dXNMZGtMTWF0RFAtYWxyMEhvWXQ4WWtHajliSDZFeVpHWVpVT1FvdVAtSlNIeTk1WDZlM3VMbXJ2VERuZXpHWTE0N3JDM1BhOWlReEtiUjZWUF8zNFNLc2l1ZXlVZVpJN2Fic202bzhhN1k2VjRTbHlQVDQtOGtfdnhpbDlGd0pGWFBnLXFyVjJyRGFz?oc=5&hl=en-IN&gl=IN&ceid=IN:en,"Fri, 12 Sep 2025 07:00:00 GMT",GlobeNewswire,news,technology innovation,0,0
news_4504343158421180193,"Technology, Innovation and Entrepreneurship - Bentley University","Technology, Innovation and Entrepreneurship  Bentley University","Technology, Innovation and Entrepreneurship  Bentley University",https://news.google.com/rss/articles/CBMiRkFVX3lxTE16bXNxa0RyOVUwWnpSQi13YThvc0RaeFZNYjJXeXRaMERYSzBDVm82UlVBWVlBSFhVeWdSWmF2UjlHTmVwTlE?oc=5&hl=en-IN&gl=IN&ceid=IN:en,"Wed, 05 Mar 2025 15:40:08 GMT",Bentley University,news,technology innovation,0,0
news_2982910202328411622,Technology innovation and environmental outcomes of road transportation policy instruments - Nature,Technology innovation and environmental outcomes of road transportation policy instruments  Nature,Technology innovation and environmental outcomes of road transportation policy instruments  Nature,https://news.google.com/rss/articles/CBMiX0FVX3lxTE1QRHJwc0lrdjZid1h0OGh1TFhUb2VxdEd1SUowbElkaEJsN0F0R1pDckNvVzVKLUh6S29oUEhEaFZhQ1U0djBweGdZSGlyV0E4WWVEX2gyTHdodWhwWFRJ?oc=5&hl=en-IN&gl=IN&ceid=IN:en,"Wed, 14 May 2025 07:00:00 GMT",Nature,news,technology innovation,0,0
news_2211325647358685574,"NSF seeks input on focus areas for its Technology, Innovation and Partnerships directorate - FedScoop","NSF seeks input on focus areas for its Technology, Innovation and Partnerships directorate  FedScoop","NSF seeks input on focus areas for its Technology, Innovation and Partnerships directorate  FedScoop",https://news.google.com/rss/articles/CBMipwFBVV95cUxOeElhQzRsRWJic2w1Z0lZWlNHcE1zSFR3bHhObnVSNG1CS1BBMDBXdG5rSFEweTB2ZGs5V2FPWkd4b25SOXpjaVVEdVQxLXZuc0tDdEFFeGNQRkxqeENWanltU0plblplWDFNbWN1NnZiNWJwS1lBbjFwVDhEOWxjbTZYc2FaWHlLenJFWlNRY05rNUkyY1FYLVNMNTZ0N0pwd1prUkxISQ?oc=5&hl=en-IN&gl=IN&ceid=IN:en,"Wed, 18 Jun 2025 07:00:00 GMT",FedScoop,news,technology innovation,0,0
news_1456559359747298286,Innovation Lightbulb: The Growing Gap Between U.S. Technology Innovation and Production - CSIS | Center for Strategic and International Studies,Innovation Lightbulb: The Growing Gap Between U.S. Technology Innovation and Production  CSIS | Center for Strategic and International Studies,Innovation Lightbulb: The Growing Gap Between U.S. Technology Innovation and Production  CSIS | Center for Strategic and International Studies,https://news.google.com/rss/articles/CBMirwFBVV95cUxOMm5jaVlwcWlHV3lrZjFvMXZva2o5LUZPa1pOTXdsUDJpeDA4dDZhT1Flc1pHZzhCcXhGWGJSRzBtU1RfMUtGOTJCUDVBOGtFdVFDc2d2eEUwck5zakdaVVdVNm5Gb1pKU3hROWNfbTc4aUpTaVJvU1pBZXI0eUtURy1WeDVHS29VcVlQWW03d2ZTeWhBX1Y5QXI4MlotdG9BREUwenJ1dFlUN2h2U3V3?oc=5&hl=en-IN&gl=IN&ceid=IN:en,"Wed, 03 Sep 2025 07:00:00 GMT",CSIS | Center for Strategic and International Studies,news,technology innovation,0,0
news_1846186888804986789,NVIDIA & Fujitsu expand AI push to drive innovation in New Zealand - IT Brief New Zealand,NVIDIA & Fujitsu expand AI push to drive innovation in New Zealand  IT Brief New Zealand,NVIDIA & Fujitsu expand AI push to drive innovation in New Zealand  IT Brief New Zealand,https://news.google.com/rss/articles/CBMilwFBVV95cUxNVHROMTZKWkk3dlhlLTVqVm9odjk4OFlLT1FsSWQ3Ymp4R3FGR1VzeDF4N3p4Wmx1WXJob3BIZUtHVVdZYzNJQ1NkT2c4YllMdVhldWZLS1NiNEtvTEc1Z1JWay0tWlUycmFsR25STXYxQmN3X2VsTkxmQk1OZ0ItRTNSRHdKaVhHeWtQU2ZleHJMT0p5TzRv?oc=5&hl=en-IN&gl=IN&ceid=IN:en,"Wed, 08 Oct 2025 08:23:00 GMT",IT Brief New Zealand,news,technology innovation,0,0
news_4347373690512803234,"The Leader in Technology, Innovation, and AI Law - UC Law San Francisco","The Leader in Technology, Innovation, and AI Law  UC Law San Francisco","The Leader in Technology, Innovation, and AI Law  UC Law San Francisco",https://news.google.com/rss/articles/CBMiT0FVX3lxTE5iS2FGVjI3aGlLSld1UlI0ajRBNGt0c3NpUnN6bXdrbV9pdU12LTBVb28xWXo3TzktU3ZOa1pFZ2gwQVBES1NXMlZmMGRxWWc?oc=5&hl=en-IN&gl=IN&ceid=IN:en,"Wed, 25 Jun 2025 11:36:58 GMT",UC Law San Francisco,news,technology innovation,0,0
news_5726519072089033327,Viva Biotech Receives Frost & Sullivan's 2025 APAC Technology Innovation Leadership Recognition in the Integrated Intelligent Drug Discovery Industry - Yahoo Finance,Viva Biotech Receives Frost & Sullivan's 2025 APAC Technology Innovation Leadership Recognition in the Integrated Intelligent Drug Discovery Industry  Yahoo Finance,Viva Biotech Receives Frost & Sullivan's 2025 APAC Technology Innovation Leadership Recognition in the Integrated Intelligent Drug Discovery Industry  Yahoo Finance,https://news.google.com/rss/articles/CBMiiwFBVV95cUxQYkZ5LWVONXlPUW52Y05wa1FvaGJJNHVLUmR1SFNqTkNTQ0E4elBSNEZqVHRhRDJJMkszTDVMMzdhMzVwLVFsbUVGd2JCNDFlMld2MXFTM2xHNU94c082SkVMWDFycVhnNW5ScW9YcVpDUGxhOWpzZ2o5M3AwenpFNlQ2LW9xTEhvaUF3?oc=5&hl=en-IN&gl=IN&ceid=IN:en,"Sun, 28 Sep 2025 07:00:00 GMT",Yahoo Finance,news,technology innovation,0,0
news_7203670054387851872,25 New Technology Trends for 2025 | Emerging Technologies 2025 - Simplilearn.com,25 New Technology Trends for 2025 | Emerging Technologies 2025  Simplilearn.com,25 New Technology Trends for 2025 | Emerging Technologies 2025  Simplilearn.com,https://news.google.com/rss/articles/CBMidEFVX3lxTE96Qlh1S3htejlyck9TZjZacklqZ0dpMUpwRWJxMWtkQkVpSUl6c0I0S0M5MWdfV0JQOU0yZkpfVVFUN3kwZGFyMHFlWWdaYnIwWmpDOGxIOG96NFNYS2JfWi1VcjJxTGVzSEppUVpScGlqTksy?oc=5&hl=en-IN&gl=IN&ceid=IN:en,"Thu, 18 Sep 2025 07:00:00 GMT",Simplilearn.com,news,technology innovation,0,0
news_1621189237272256964,2025 RTIH Innovation Awards Ceremony: don't miss the biggest retail technology event of the year - Retail Technology Innovation Hub,2025 RTIH Innovation Awards Ceremony: don't miss the biggest retail technology event of the year  Retail Technology Innovation Hub,2025 RTIH Innovation Awards Ceremony: don't miss the biggest retail technology event of the year  Retail Technology Innovation Hub,https://news.google.com/rss/articles/CBMi3gFBVV95cUxOUkwxdEE0NjBZZklSZEstdjEzaTVaeC1XOHRHQURUSEtxNDlKOHdnOWZ6SDRocThILVc2TElObGNmLXdRd3BfNUdCWEV1WUx5Y0daU1dDLXB0NFZzX0N1d3V2cldWUVFzQ291bENuVEVETVhNTGh1Sl9PRjk3dzVTR3hkbWRtNW03SWVOU0VxOTlfMXl5RjFCU0lsdXNXVlJMUUxBczR1dFVLRFNkYW1fX1kydy1kTnRzaTBTbGFsSUJCWUxPYlJsd3AxZG1mTmU5M0JfMDVQeHNjb2VHOFE?oc=5&hl=en-IN&gl=IN&ceid=IN:en,"Tue, 07 Oct 2025 05:13:12 GMT",Retail Technology Innovation Hub,news,technology innovation,0,0
news_450947230059849926,McKinsey Technology Trends Outlook 2025 - McKinsey & Company,McKinsey Technology Trends Outlook 2025  McKinsey & Company,McKinsey Technology Trends Outlook 2025  McKinsey & Company,https://news.google.com/rss/articles/CBMilAFBVV95cUxPZF9UY2hXX0xPT19SblR1Tjd6U0gyc2MyWFZUaVN4Zmg1eHViQmNiSU9wa2JOTnFkZEhFNVhpdklpTi1DVUtKUFlaa1l6UHFzZGNvaWRUQnpfdDBpTW9pdW5aSG5hQU5Pd0N6TVhHUWZpMTFoakIwYS03Y3JSczdYWlpQdmZ1WHc5a1dRNV9TWHQyRm4x?oc=5&hl=en-IN&gl=IN&ceid=IN:en,"Tue, 22 Jul 2025 07:00:00 GMT",McKinsey & Company,news,technology innovation,0,0
news_6270156149889101646,UAE's Technology Innovation Institute Partners With Quantinuum to Access Quantum Computers With Industry-Leading Fidelity - The Quantum Insider,UAE's Technology Innovation Institute Partners With Quantinuum to Access Quantum Computers With Industry-Leading Fidelity  The Quantum Insider,UAE's Technology Innovation Institute Partners With Quantinuum to Access Quantum Computers With Industry-Leading Fidelity  The Quantum Insider,https://news.google.com/rss/articles/CBMi9AFBVV95cUxNTjdYSFB4UlpuN0xoX2NpOTNwQmtHdVZpSUxpMUN6ZUtCbnVldTAyNWtMZjFpUGQ4LTdMazhLdTVSaGJCbGlvX19aWUhYbXFHOGJ4cV9kVEd3bm1UVGQwckRTcngtRHJjUUJyeUpoZlBUM181clhEV2MzZmJvTld6dXBHY2ZFQXdUSlJyLW5YYUM5dTV0dXBSZ0tzQXhRSlNsZFRqWXI5alBKTThlRml1R0xPZVRuNzN2LS1qYVdfWmw2WGltenNmbTJDRkFHdlFIMWdlSjBvUjFKSGJwVzFYX3NRajhhWTRvdngwZUxCWEVxd19x?oc=5&hl=en-IN&gl=IN&ceid=IN:en,"Fri, 08 Aug 2025 07:00:00 GMT",The Quantum Insider,news,technology innovation,0,0
news_4701936662530045411,Multi-layer Film Recycling Market Set to Surge to USD 96.8 - openPR.com,Multi-layer Film Recycling Market Set to Surge to USD 96.8  openPR.com,Multi-layer Film Recycling Market Set to Surge to USD 96.8  openPR.com,https://news.google.com/rss/articles/CBMimgFBVV95cUxNRDJRVTFPdjdKLWVoWWlKTldFSDh5RWxPQUdiVDNUYktoT2thTEpwNjNRNGFtVEJTNU9tVjNoUG5QaU91eHpvbWpRd2xZTmFsQTd5cUlQOFpfMmVqdXpYamp0VkRFM2FZdGJxZW9lMGxSZXltaWwyc2JWNEdyYTVLWkdndVg0RExVTkhKc0l3V1BGQmZ6VzF1dkJ3?oc=5&hl=en-IN&gl=IN&ceid=IN:en,"Wed, 08 Oct 2025 12:25:50 GMT",openPR.com,news,technology innovation,0,0
news_8703143747387773884,"2025 NWA Technology, Innovation, and Vendor Management Conference - American Public Health Association","2025 NWA Technology, Innovation, and Vendor Management Conference  American Public Health Association","2025 NWA Technology, Innovation, and Vendor Management Conference  American Public Health Association",https://news.google.com/rss/articles/CBMiswFBVV95cUxQckZ1bG9jZVlDRTF1Nms1cVBqcXZSd09FT3lKRFk1WUItNER6ZDRPUTR4REl0RXFQNVg5NUxEUWpKTlZ4Si1vLWdnRk9obHVwX1JDWGx1SUl3WWltdmh0UG9kOGozYTZxbnJGWWNfZ3pWTkJUVnQ4eno4MFd6VzV3bTdndGF3V0ZvWHQxV0QyVlNfRG80Wk1LbWpibFdGZ2dNTjh5Sm9EM0djcDBOR1U2NmdiVQ?oc=5&hl=en-IN&gl=IN&ceid=IN:en,"Wed, 03 Sep 2025 07:00:00 GMT",American Public Health Association,news,technology innovation,0,0
news_6582231789095938583,"Uche Nnaji: Minister of Innovation, Science and Technology resign afta allegation of certificate forgery - BBC","Uche Nnaji: Minister of Innovation, Science and Technology resign afta allegation of certificate forgery  BBC","Uche Nnaji: Minister of Innovation, Science and Technology resign afta allegation of certificate forgery  BBC",https://news.google.com/rss/articles/CBMiXEFVX3lxTE5DaWlaODV1TVVybXZNWTlVcll4ZTFuY1hYNnNUV1VUaVB3YVFGRGZEWGg3MkUxX3dyQ3FmZmk3YW5Rby1fWS00c0JYNFltUlBpWFhTb2ljVGdRdS1R0gFiQVVfeXFMT05mdUR3TUF1c1FocFlCSEFfR3FBaER0WWFnb2szRlU2XzFJbnZ6bU9RRlFCVl95WmtSazFreVpHeEJYREFzd0N2WFc5cnlQLUROcGpZa3N3T0hFTmJsVmNfWEE?oc=5&hl=en-IN&gl=IN&ceid=IN:en,"Tue, 07 Oct 2025 22:44:01 GMT",BBC,news,technology innovation,0,0
news_7082307252545720777,Energy Technology Innovation Partnership Project - Department of Energy (.gov),Energy Technology Innovation Partnership Project  Department of Energy (.gov),Energy Technology Innovation Partnership Project  Department of Energy (.gov),https://news.google.com/rss/articles/CBMiggFBVV95cUxQWHoxbmN4M2d3R2xPTE9vSmRMdFlZbTdXYkxWYXlJdnJmMXU4RGw1WDh1dkZ2SXhVaE92RmIyaWFsSlBoS2ZMRHFMTWItaTUwTGs5R1pROGpXRFNJOGJYZlNaR1I4MENBM2loWk5aNlB0UmEtLU8zRXpMSW1fWjR5ZUVn?oc=5&hl=en-IN&gl=IN&ceid=IN:en,"Thu, 17 Apr 2025 01:32:01 GMT",Department of Energy (.gov),news,technology innovation,0,0
news_8056563476121045854,"Energy Technology Innovation Partnership Project Opens Applications To Support Coastal, Remote, and Island Communities - NREL (.gov)","Energy Technology Innovation Partnership Project Opens Applications To Support Coastal, Remote, and Island Communities  NREL (.gov)","Energy Technology Innovation Partnership Project Opens Applications To Support Coastal, Remote, and Island Communities  NREL (.gov)",https://news.google.com/rss/articles/CBMi9AFBVV95cUxNUlR4SEtmZEQ1eTdja3JlNTZmQ19PMzFWQ1c5NUJQTzMxdG4yaEtUNFNObm5idFRobWtrZVNqOUh0bXM0N283MHdsaEVET3dUajFXQ2otZHpaLUVVUVZjdkxyaG8za3c4VEVXZkkxNnd3TGQxV1psVUk5RXR4S01pb2syWFFJd3RyOGNrZ1d1aG5xNEtadVM4dlZHQnprR1h5Z2NJSmQ5ZGJqb1pieEJrcjRsQmFiMnBoX0stSVdQOVk2ZW1FM0xfUHpKOTNUU3V3MThuUFJkR1hRS0txbHctZl9fZjhNNWNIZ25fejRoUEVfS2RI?oc=5&hl=en-IN&gl=IN&ceid=IN:en,"Thu, 17 Apr 2025 07:00:00 GMT",NREL (.gov),news,technology innovation,0,0
news_8729936592107074575,Turning Research Into Reality: USC Launches New Tech Innovation Fellowship - USC Viterbi School of Engineering,Turning Research Into Reality: USC Launches New Tech Innovation Fellowship  USC Viterbi School of Engineering,Turning Research Into Reality: USC Launches New Tech Innovation Fellowship  USC Viterbi School of Engineering,https://news.google.com/rss/articles/CBMiuAFBVV95cUxQa2ZIcjdKaGlTcVZaQ0ZfRGQxcGlfVk1icVdjcTlDeUtBbHRwUENhUHEwVndRMXc5RTNwcWJjbnI4NjZlQkVzVGxlb1FSMDlwamp5UzhPbHlnRmh0TkZwRG82bHExc2RNQUpyNmY3Q2p1REd3MktQZ2U0Ykg1NnhhbXh2c0NMSVp2bVVQSl9mSHJEbUFkTU8tU0ZLREpnaW9Tb0EtaUNldmdnQ2NxZFg0ZGlSR3dqOVVY?oc=5&hl=en-IN&gl=IN&ceid=IN:en,"Tue, 03 Jun 2025 07:00:00 GMT",USC Viterbi School of Engineering,news,technology innovation,0,0
news_3457157276493321970,"Creating the School of Technology, Innovation & Entrepreneurship (sTIE) - University of Nebraska Omaha","Creating the School of Technology, Innovation & Entrepreneurship (sTIE)  University of Nebraska Omaha","Creating the School of Technology, Innovation & Entrepreneurship (sTIE)  University of Nebraska Omaha",https://news.google.com/rss/articles/CBMiqgFBVV95cUxOanJLQzhnTFc1cTFwVmZTNDAyYkJfdEtkaXMwckVKN2Jhd2szQXdTaUNWYWVTS2VQOFZ2LWs0OWZWdXlMb3p5eHZJRlZWaFFpbHJLbDV0X3FvX0djUVJkOGNURjNZMFZUMy1mVFllbWhPN3VXQmVPcDRqYmJJelJDcnZUZGl6RE5CRjZIcjZKS2VIck1yaG5GSGotY0hKN0tQVlA3OU1KN1NiZw?oc=5&hl=en-IN&gl=IN&ceid=IN:en,"Tue, 27 May 2025 07:00:00 GMT",University of Nebraska Omaha,news,technology innovation,0,0
news_5840086499535743264,Innovation and Entrepreneurship Academy - New York Institute of Technology,Innovation and Entrepreneurship Academy  New York Institute of Technology,Innovation and Entrepreneurship Academy  New York Institute of Technology,https://news.google.com/rss/articles/CBMie0FVX3lxTE9mWTh1dk50al9OLXl2Z3pWajVsQU52U1ZFdko2MGpqWGZHRTNZcmIyQks0ZlEwUm5VNG1GeHNpZm00NEFPQm83b0VROUNGRERlbm1hd2JPNHRiTF9BSFR0NXE5R3F0aXVvWkxOT3BuN1BycnVEdm1SdnlMYw?oc=5&hl=en-IN&gl=IN&ceid=IN:en,"Fri, 16 May 2025 15:16:27 GMT",New York Institute of Technology,news,technology innovation,0,0
news_8786636294881560984,Tampa VA leader recognized as Trailblazer in Health Care Technology Innovation - VA News (.gov),Tampa VA leader recognized as Trailblazer in Health Care Technology Innovation  VA News (.gov),Tampa VA leader recognized as Trailblazer in Health Care Technology Innovation  VA News (.gov),https://news.google.com/rss/articles/CBMiqgFBVV95cUxQRExJckVhbGhUa19XWFQxVUxCUEFYd0gxSEVLYTIyRTY1MGdva0dMUWRoWUJTV2U3azktbjNvMHVnQjRVclZhSm5PZnBuYmppZWtnU1YzamdnV1JsamZKOVJ4SDkwV1hlOGdfVm9HN09lT01oTUZsRnpTejlkS19SX0hLQkktMUxsRTdDVVBXbFJUbTJmWGhUWGxIaUsyTVJzVTZkUGpKVDFoUQ?oc=5&hl=en-IN&gl=IN&ceid=IN:en,"Thu, 10 Apr 2025 07:00:00 GMT",VA News (.gov),news,technology innovation,0,0
news_2647015155849543934,Raffi Krikorian Appointed Chief Technology Officer at Mozilla to Drive Open and Ethical Internet Innovation - CXO Digitalpulse,Raffi Krikorian Appointed Chief Technology Officer at Mozilla to Drive Open and Ethical Internet Innovation  CXO Digitalpulse,Raffi Krikorian Appointed Chief Technology Officer at Mozilla to Drive Open and Ethical Internet Innovation  CXO Digitalpulse,https://news.google.com/rss/articles/CBMi1wFBVV95cUxNR29ZTk9QZmRZcU4wSElBZnNJMEV4NlJ4dmNTQTQyQkJlcVNLV1AyWE96bnU4ZkJ5aVhBZGtUdWY3R0FhTklVTEtxUm8tOG9DeVh4NUVUUjFzamRHN3FFWWJ3aXQ4TUtHSEdUSUpQWENaZDB3dWJSVTVNTG1WalI1TGhqekV0ZlRyQTBsbkhIalBYc0tBS1J6U19KYmdnWmFsV0ZVSnVnYmw2a1JGREg5c2xadFZfeG1scjlZenRFektoaHEyMTZOZWtNeUhWQkNOcXMyUXhiRQ?oc=5&hl=en-IN&gl=IN&ceid=IN:en,"Tue, 07 Oct 2025 07:47:29 GMT",CXO Digitalpulse,news,technology innovation,0,0
news_4336849496201082537,Technology and Innovation - NASA Science (.gov),Technology and Innovation  NASA Science (.gov),Technology and Innovation  NASA Science (.gov),https://news.google.com/rss/articles/CBMiiwFBVV95cUxPVnBMUENTc2x4NVJ5bzJicGVwUERjZGxNSGhYaFBsNEI1SVoteUJuaU1XRk5KMzZZY1JjUl84REROLTBlbG9FMG5pUlN5YmExX2dTYWtvemlOYVRsdTdTQUFwQ2pwR1JBem1BaFVDeUViYUxhdEdpTk9lVWNlOWVRd1huR1FtV21wVHZF?oc=5&hl=en-IN&gl=IN&ceid=IN:en,"Wed, 02 Apr 2025 14:24:48 GMT",NASA Science (.gov),news,technology innovation,0,0
news_7084289581486049693,Prince William County Recognized Nationally for Technology Innovation - Prince William County Government (.gov),Prince William County Recognized Nationally for Technology Innovation  Prince William County Government (.gov),Prince William County Recognized Nationally for Technology Innovation  Prince William County Government (.gov),https://news.google.com/rss/articles/CBMilwFBVV95cUxOYjd6d21rQjdjcEZVYlgwLWV0Q01HdHJZWGhHUWcwWlhMV3dVWXY2UzZnMmxZMDg5TFY3Y01fNTNWUDQ2ZlNJVVQ5YllUV0hCRndWUUNwQmxCRVdDSlAzaUlOT3RINzZBeGctcXoteXJCaDZ3SkVXNGI2Ynpxb2dablN1S201d1VhaUtHb0tCZmhiWFJLRWVF?oc=5&hl=en-IN&gl=IN&ceid=IN:en,"Fri, 11 Jul 2025 07:00:00 GMT",Prince William County Government (.gov),news,technology innovation,0,0
news_5091550967928405986,Regional Disparities and Dynamic Evolution of Marine Science and Technology Innovation in China - ScienceDirect.com,Regional Disparities and Dynamic Evolution of Marine Science and Technology Innovation in China  ScienceDirect.com,Regional Disparities and Dynamic Evolution of Marine Science and Technology Innovation in China  ScienceDirect.com,https://news.google.com/rss/articles/CBMidkFVX3lxTE1mNnpOSjUwaTJ3M25aUzItUGhWX0tRLVMtejBDQ1RQS2FFUnFRb2ZzQm9vSzY3SjlzTVByT044T19iRFJvaXZNeml6bzdlYWtGRmhRREFkTGs1Q2J6NnRrY3BwSGRkemlXb25mSm9lSlBVb0VFZlE?oc=5&hl=en-IN&gl=IN&ceid=IN:en,"Sat, 10 May 2025 06:48:13 GMT",ScienceDirect.com,news,technology innovation,0,0
news_1138137517930054091,"Environmental cognitive distance, R&D capability distance, and supply chain green technology innovation - Nature","Environmental cognitive distance, R&D capability distance, and supply chain green technology innovation  Nature","Environmental cognitive distance, R&D capability distance, and supply chain green technology innovation  Nature",https://news.google.com/rss/articles/CBMiX0FVX3lxTE0wTlRLeEhFOXFoRDh4cU56SC05eVlYRm9EUVBGb0plZTZYSnUwcGxnamppVDZHQ2RnRzJsa245b0dqWG1UblladWhEcHRnelYwVmNSWWZaZlJCMFg5UUxz?oc=5&hl=en-IN&gl=IN&ceid=IN:en,"Thu, 03 Jul 2025 07:00:00 GMT",Nature,news,technology innovation,0,0
news_416708496131723464,"Optimizing sustainability performance through digital dynamic capabilities, green knowledge management, and green technology innovation - Nature","Optimizing sustainability performance through digital dynamic capabilities, green knowledge management, and green technology innovation  Nature","Optimizing sustainability performance through digital dynamic capabilities, green knowledge management, and green technology innovation  Nature",https://news.google.com/rss/articles/CBMiX0FVX3lxTE02M1EzdVVOazV2RXFrNXJPSURnOE4wWE5oa2tGN2xqZ0NWbmtmemgzTHRfajdUUFVVLWVsaWpKYWY0aVR6VXpDWnBsUmpBOVRTLXdjOEQtcV9nWm5Ka1NJ?oc=5&hl=en-IN&gl=IN&ceid=IN:en,"Mon, 07 Jul 2025 07:00:00 GMT",Nature,news,technology innovation,0,0
news_3949607819780382779,ADSB and Technology Innovation Institute Collaborate on New Naval Innovation Hub - navalnews.com,ADSB and Technology Innovation Institute Collaborate on New Naval Innovation Hub  navalnews.com,ADSB and Technology Innovation Institute Collaborate on New Naval Innovation Hub  navalnews.com,https://news.google.com/rss/articles/CBMixAFBVV95cUxNSHVQTDg3RTlPN29YX1J1aFQ4NEFoNjEyY2F6dXhZS3I3akNZcktVbXRhekdsakZTRlZfenN5ZmJKblVwU0QyYXlJWXkyVXJKRkoyRTBwSTd0eWU3dzc0YVBGbm9peW9kY1lVUGxZR3V0QUtwQWNCVGtDTmYtbDZZdXduNnM0QjB4Zl9DcWt4Um9QRDhPQld5RjdUNW9XNEhxbmk2bV9RTXVoMl9QZEtHS1paR0J5VHlOTi0xczNoeTE4MFBX?oc=5&hl=en-IN&gl=IN&ceid=IN:en,"Sun, 14 Sep 2025 07:00:00 GMT",navalnews.com,news,technology innovation,0,0
news_6887396093555026775,How technology convergence is redefining the future - The World Economic Forum,How technology convergence is redefining the future  The World Economic Forum,How technology convergence is redefining the future  The World Economic Forum,https://news.google.com/rss/articles/CBMiswFBVV95cUxOUF8yeG1JQ3dGbHZjTzNuaVZWVjY3ZFU3UV9mZEdVcHk5LVFoQXVIeHVvZEc0Sl9NZlVQVTM0eTFfMDk2RVJjOUNZcHNkUVdxUnZxNFZoT1NMV2lGWUlod3h3Qzh4LUJoODdBOGk4MjdRUUM2WmhBNWZlY0FrbTJyT2tLU3dBVnFiRVdTeWFqa1NCRXNOeFo1SVFKV19VZnU3UmdVWUZpRDl3YllXaWhNSkF2NA?oc=5&hl=en-IN&gl=IN&ceid=IN:en,"Tue, 21 Jan 2025 08:00:00 GMT",The World Economic Forum,news,technology innovation,0,0
news_3045114976181752729,How informal institutions drive innovation: Insights from energy technology innovation systems in Latin America - ScienceDirect.com,How informal institutions drive innovation: Insights from energy technology innovation systems in Latin America  ScienceDirect.com,How informal institutions drive innovation: Insights from energy technology innovation systems in Latin America  ScienceDirect.com,https://news.google.com/rss/articles/CBMidkFVX3lxTFBtcHVyNWVKdzREN1pMRFd1X3V0bG04Vm9WN01Ic3hQQ20xUFNYN3J1U1VZSDJVVHJSZ284UGVWOWMtRktNX1JSbVI1aXgyclJZTFo4T19zUGh3RElKN3VEUU5Ma25XRkUwMmNmXzV3U2JhaUMtRFE?oc=5&hl=en-IN&gl=IN&ceid=IN:en,"Wed, 05 Feb 2025 19:25:52 GMT",ScienceDirect.com,news,technology innovation,0,0
news_6238726681647447858,"Bentley to Transform Adamian Academic Center and Boost Technology, Innovation and Entrepreneurship on Campus - Bentley University","Bentley to Transform Adamian Academic Center and Boost Technology, Innovation and Entrepreneurship on Campus  Bentley University","Bentley to Transform Adamian Academic Center and Boost Technology, Innovation and Entrepreneurship on Campus  Bentley University",https://news.google.com/rss/articles/CBMiwAFBVV95cUxOQm1DekpOZkJ0eUU5YzdNZDd1czZpZ2FOb21QQzI3MGFhT0l0eDZxTUI1dE55U0YxbDVuMEZ1Umw2a0RoWGoybFZwd2dDNWdfMUo3UGxEZVVFdW80aWtQcV9ZMXF0djZYRU5zSXBBZHo0UEpkMGdUYTA2WklqcGdyeVVZUFh6cm52c0R1X3dJLWhNSXlTWUhHWm1FanFEWGw3LXk2aVV3OWtsUk56cmNKNDJtQ2hvV0VqZGhsM3lrWGQ?oc=5&hl=en-IN&gl=IN&ceid=IN:en,"Wed, 05 Mar 2025 08:00:00 GMT",Bentley University,news,technology innovation,0,0
news_6845736749012437255,Critical success factors for successful technology innovation development in sustainable energy enterprises - Nature,Critical success factors for successful technology innovation development in sustainable energy enterprises  Nature,Critical success factors for successful technology innovation development in sustainable energy enterprises  Nature,https://news.google.com/rss/articles/CBMiX0FVX3lxTE9EUUQ0VDNvUnZHdGtMTlNwZ2hpXzAxNDNVSjl3Y1hGb0tYZG5oVEhzX2pPTjhrQUVpemdZamROSFd4bThRTFM3OFBmTFFvdm9oMlJPaVRKRkYwM0xsMlJV?oc=5&hl=en-IN&gl=IN&ceid=IN:en,"Wed, 23 Apr 2025 07:00:00 GMT",Nature,news,technology innovation,0,0
news_2688547289691427537,"Founded On Technology Innovation, AT&T Is Charting A Data And AI Future - Forbes","Founded On Technology Innovation, AT&T Is Charting A Data And AI Future  Forbes","Founded On Technology Innovation, AT&T Is Charting A Data And AI Future  Forbes",https://news.google.com/rss/articles/CBMivAFBVV95cUxPd3EycWE4aF9fWkJzOVhwOWdOVzVyY0dzUzN4U0NwQV9tSmRjbW9DYUxWUXdPX00yc2VYcEoxRGZLVUdnMkFJaFQtU1RUWUVKSmlFbTdOUWxjazVWV2NfR2V1dWJHbWFiNEd0R3JvZVlCRXdKMXRUZnhqUXBMaUNfRlU5M3J0bTN0bDRyUWlDZHlwdkxpVUdJb0V2MGh2YXBjdG1Pb3lHMkR1Y3B2V1VqRWNDOWg1ejhJNXdfUQ?oc=5&hl=en-IN&gl=IN&ceid=IN:en,"Sun, 27 Jul 2025 07:00:00 GMT",Forbes,news,technology innovation,0,0
news_8428075570618095871,Green Technology Innovation Fellows Welcomes Third Cohort - Entrepreneurship at Cornell,Green Technology Innovation Fellows Welcomes Third Cohort  Entrepreneurship at Cornell,Green Technology Innovation Fellows Welcomes Third Cohort  Entrepreneurship at Cornell,https://news.google.com/rss/articles/CBMijAFBVV95cUxNOUhBTFJkTUpUWnJQaHBMcXFwcDVKMFl6UVJ5U1JnektOZmRGLW5PMDBZRk4yRnJyTjhEeHBIYXMwOXg0ZExTOWphalZrOUllS19WcHhQWlFTb2lxdnJSckhqX2VqeDVnWHpteXBieVBVc0xMY0NjZkpKb3RfOWtrWkRsQUdQb2p3WGdkXw?oc=5&hl=en-IN&gl=IN&ceid=IN:en,"Tue, 12 Aug 2025 07:00:00 GMT",Entrepreneurship at Cornell,news,technology innovation,0,0
news_150442121926696276,Technology Innovation Fuels Future Fight - Association of the United States Army,Technology Innovation Fuels Future Fight  Association of the United States Army,Technology Innovation Fuels Future Fight  Association of the United States Army,https://news.google.com/rss/articles/CBMidEFVX3lxTE9YNE02eU41ejZDYkRTSnhWTTgyR1o4RjZnQ3hKRHl6UGdLeXZybW5HNnVwSjJ4dkpjVmo4OXJfR2NEaGlYNVVON25fTHhPdzMwNUcyalBTSGk2cUwwNnRwNUYtTzN1d053UV9nZjl0QW41RWNB?oc=5&hl=en-IN&gl=IN&ceid=IN:en,"Mon, 04 Aug 2025 07:00:00 GMT",Association of the United States Army,news,technology innovation,0,0
news_8500530920957329567,The State of Energy Innovation – Analysis - IEA – International Energy Agency,The State of Energy Innovation – Analysis  IEA – International Energy Agency,The State of Energy Innovation – Analysis  IEA – International Energy Agency,https://news.google.com/rss/articles/CBMiakFVX3lxTE5taFptcmZaRlJVZDVCeTNpNnYwOXRmcFgxb2NPdnRBajY5dFNqMFNmb2o5a2E1UXpOS2RlV2tCM3dLNncxWkQ3LUE1Vmp4MjhZcGFnTFJ6eGZ1Wks5d1gyeF80UXZZNUVPLUE?oc=5&hl=en-IN&gl=IN&ceid=IN:en,"Wed, 02 Apr 2025 07:00:00 GMT",IEA – International Energy Agency,news,technology innovation,0,0
news_1946260023183442763,"How Progress Ends: Technology, Innovation, and the Fate of Nations by Carl Benedikt Frey - Publishers Weekly","How Progress Ends: Technology, Innovation, and the Fate of Nations by Carl Benedikt Frey  Publishers Weekly","How Progress Ends: Technology, Innovation, and the Fate of Nations by Carl Benedikt Frey  Publishers Weekly",https://news.google.com/rss/articles/CBMiWEFVX3lxTE8wTzdBcHZrT1E2THlpZURQMGhzWVEzWXgwNmIzRmNtWG1UeWZIdDZLN1BDWV9TQ011bG9VcjBCYnh3ZDdZaGN4ZFlGTzFoZTRhMDBHSW14bEM?oc=5&hl=en-IN&gl=IN&ceid=IN:en,"Mon, 21 Jul 2025 07:00:00 GMT",Publishers Weekly,news,technology innovation,0,0
news_3944839486739719502,The impact of digital inclusive finance on enterprise digital technology innovation: empirical evidence from the Chinese manufacturing industry - Nature,The impact of digital inclusive finance on enterprise digital technology innovation: empirical evidence from the Chinese manufacturing industry  Nature,The impact of digital inclusive finance on enterprise digital technology innovation: empirical evidence from the Chinese manufacturing industry  Nature,https://news.google.com/rss/articles/CBMiX0FVX3lxTE1vaUt2UE9EQzFxdzlRbWZCSGJaOThwRThudVRSdmdseWxCYndkZUoyc3V3ZDNIV0ZZTjBVbjhaN1FpNlVmWXVHVjI2VUlLak41bzgxWXo2U2ZWQklQUnk4?oc=5&hl=en-IN&gl=IN&ceid=IN:en,"Sun, 16 Mar 2025 07:00:00 GMT",Nature,news,technology innovation,0,0
news_3967504085544478322,RTX’s Pratt & Whitney establishes European Technology and Innovation Center in the Netherlands - RTX,RTX’s Pratt & Whitney establishes European Technology and Innovation Center in the Netherlands  RTX,RTX’s Pratt & Whitney establishes European Technology and Innovation Center in the Netherlands  RTX,https://news.google.com/rss/articles/CBMi1gFBVV95cUxNMy1icjFvMlJNYVZfdjhDSG9tYnhfd0tiVjlkSG5yRFRuZjhuaVRIcXRmNEtlWjJPa18wc2JQcVFpYkpnRzJ0Q3NRRTIwVW1xb0hJOHpCYTh4TVBidFJrNUZudUZtZV9iRG5oaWJuVmdGbGZTTVE4RkhzMU5jUWkwLTRIM1cxVHVwTnZYQllKTUFNLWx5NHlRRjNId1JEelNKUzVYQU56QzZRYTVrT3JiX1pkenExbXlFOWRZY1R3SndqZVVubXJCTWJiemIzRXJKYlZRUWtB?oc=5&hl=en-IN&gl=IN&ceid=IN:en,"Wed, 22 Jan 2025 08:00:00 GMT",RTX,news,technology innovation,0,0
news_4421846822698025771,"Media Advisory | The UN’s Science, Technology and Innovation Forum marks 10 years of bridging frontier knowledge and policy for sustainable development - Welcome to the United Nations","Media Advisory | The UN’s Science, Technology and Innovation Forum marks 10 years of bridging frontier knowledge and policy for sustainable development  Welcome to the United Nations","Media Advisory | The UN’s Science, Technology and Innovation Forum marks 10 years of bridging frontier knowledge and policy for sustainable development  Welcome to the United Nations",https://news.google.com/rss/articles/CBMihwFBVV95cUxQMXp0YllEWWJBUDBSS1RHMnZjTmktdnlzVFNEbmVDdDVBTDRYLXg2Wi13Y1BxV08tRUhTMzVqa0stQlVZVFRvYlNjQnJ3TnI3Rl9pZUFKSlY4WUZzMUhMUUFibGwtSGlCYzVpZThvaGhJbnpUOVVfcUZWeUlOT2lYTFNZVkY3WG8?oc=5&hl=en-IN&gl=IN&ceid=IN:en,"Fri, 16 May 2025 07:00:00 GMT",Welcome to the United Nations,news,technology innovation,0,0
news_573206659143757739,"Penn State’s Youth Food Lab attends UN Science, Technology, Innovation forum - Penn State University","Penn State’s Youth Food Lab attends UN Science, Technology, Innovation forum  Penn State University","Penn State’s Youth Food Lab attends UN Science, Technology, Innovation forum  Penn State University",https://news.google.com/rss/articles/CBMivAFBVV95cUxOSl9xd2NndmdUZGJmOTJNMTFiMHlubDFTTE9aeXJmbVo5NUZMbUYzN0xJOGVlbnNhZk40bHJ6ZFZYcWlOc2FYMWtxWmtCNzNHdC1hRHpROElMZV90UGtzNWNON2VrNjZBa3RKOTJxRkdqQnJid2pibU1zRjNnY2ZnWXdPT29zRGtENDZRRFlxUGlCQ2FxSTdSN0tZZ3dpTkdaazNyM0FIbldzMHdvTF9IQnBlMkE5eS1QVTJyZA?oc=5&hl=en-IN&gl=IN&ceid=IN:en,"Fri, 30 May 2025 07:00:00 GMT",Penn State University,news,technology innovation,0,0
news_3166124211969681187,Valuation of science and technology innovation enterprises based on XGBoost-GA-BP neural network model - Nature,Valuation of science and technology innovation enterprises based on XGBoost-GA-BP neural network model  Nature,Valuation of science and technology innovation enterprises based on XGBoost-GA-BP neural network model  Nature,https://news.google.com/rss/articles/CBMiX0FVX3lxTE9yRk1scUY1NlpRVGNIcHR5XzJFSTRnMnVNMnBJSHZtRXRoVFBPZUhIcDBPYVpEUjh1bUdDeE9sU1d0UGxPUmNmZTJmcFZOaGVoWXlkSWc4aG4ycXRWSkc4?oc=5&hl=en-IN&gl=IN&ceid=IN:en,"Tue, 26 Aug 2025 07:00:00 GMT",Nature,news,technology innovation,0,0
news_7640147826544000606,"Belarus, Tajikistan looking to expand co-operation in technology, trade and innovation - СБ. Беларусь сегодня","Belarus, Tajikistan looking to expand co-operation in technology, trade and innovation  СБ. Беларусь сегодня","Belarus, Tajikistan looking to expand co-operation in technology, trade and innovation  СБ. Беларусь сегодня",https://news.google.com/rss/articles/CBMirwFBVV95cUxPd2wwcDBlenNVdklrMHdHVG9zZUJsR0lWMk1semVFZXA3X2NDYjBCQ1RmVkdVMTRTdmpCcDJvVTgxSHFBYUI5MmR6SjhkV21aT1NQR1dvTi1pQ1lVV2s2UnZHUVREZEl0aFNRNlNtRzRXM0JSQ1B5eHNhOFI2WWZleUVBRm9TWUEtWGRFcENwMjhjMWlKLVpXek4tQ3h5NUd4V3BQa1VmZERuQjZKQ0ZR?oc=5&hl=en-IN&gl=IN&ceid=IN:en,"Wed, 08 Oct 2025 12:06:00 GMT",СБ. Беларусь сегодня,news,technology innovation,0,0
news_36023040860447335,Technology Innovation to Take Center Stage at The 2025 National Restaurant Association Show - Restaurant Technology News,Technology Innovation to Take Center Stage at The 2025 National Restaurant Association Show  Restaurant Technology News,Technology Innovation to Take Center Stage at The 2025 National Restaurant Association Show  Restaurant Technology News,https://news.google.com/rss/articles/CBMi0wFBVV95cUxONF9NRm5QRFdMSnFLdkxhaHVNc0JVS1Bmc0tXUHZQaS1XOXYybjJkOTYycEQ3N2NhZzJoQlpfRjBJSWFDTVdBZjZwcUtHSzk2UzVZdEhFNUYwcWpXQTdncEFxWUE0azJXT1VWTThQcHFjWnlhLXBvaDVVV2VJMXRNWXB4NzlaRWtUcUFPOWFnQWFXUk1SUGIwZEs1TGNlU2hIZ0tRbEdJdTh5aEFFN2RJZnhKVFlwcjBCTUZzVTA1b0o5MlhsYUlPaWlzaFBTRkZId2ZB?oc=5&hl=en-IN&gl=IN&ceid=IN:en,"Fri, 09 May 2025 07:00:00 GMT",Restaurant Technology News,news,technology innovation,0,0
news_3942837849995496992,NCMS Releases Annual Showcase of Technology Innovation Success Stories in 2025 CTMA Magazine - GlobeNewswire,NCMS Releases Annual Showcase of Technology Innovation Success Stories in 2025 CTMA Magazine  GlobeNewswire,NCMS Releases Annual Showcase of Technology Innovation Success Stories in 2025 CTMA Magazine  GlobeNewswire,https://news.google.com/rss/articles/CBMi9wFBVV95cUxQd0VlVWk1NktkOEtzbW9rbGMwR2Uwb3lLN2ZLcFdvUmY3RExzTEdiSEphaXhYZWluVWRZVzJpU2NDdHBLUDVGc3lyckdfOGhjYjdxRURHQjFrdFYtX2tJZ3ZWU1ZuN3lIbFRSS3Z0Wk52TkdQeDNjQzRBQk9QSXdjQmNwSHJUV2ZLamxGdndWalhaV2NibEl1WFA4TklwdG9LNjhvcHI1d0QyMjdYellFQjZVam1meWdLWC16QVFSaXB2bUZ1SV9ZU2VJbGF1ckJLMHBEaTV3MjlXaWE4QzAtY1BRMllDdW94bUVaeVIyZXp0RkRWSUZB?oc=5&hl=en-IN&gl=IN&ceid=IN:en,"Fri, 12 Sep 2025 07:00:00 GMT",GlobeNewswire,news,technology innovation,0,0
news_7201704400229792370,Enhancing NATO’s security resilience through technology innovation - EU Policy Blog - The Official Microsoft Blog,Enhancing NATO’s security resilience through technology innovation - EU Policy Blog  The Official Microsoft Blog,Enhancing NATO’s security resilience through technology innovation - EU Policy Blog  The Official Microsoft Blog,https://news.google.com/rss/articles/CBMitAFBVV95cUxNWkZrS3ZUbVdkSFc0OVNVSlFHQzNDMGZpRi1TOFZkajI3OHZ6Z0ZJMFRoLW9sdHFoMzFaUjhneEVLQXlUUTF2X2hmdGc2enlJRTlWaDl3dzROajNFTGdTbzQtMmtUV1pJaDJ1OGlyVHlEc0VLamhUbm96X1VuTHdnZGJhWTgweWgwQUEyd3A5bzBRU2doZWhfekJQU2xQS3hnejlOR3dUU0Q1NC1FVFV4dldMbFo?oc=5&hl=en-IN&gl=IN&ceid=IN:en,"Thu, 24 Apr 2025 07:00:00 GMT",The Official Microsoft Blog,news,technology innovation,0,0
news_8960494101548461929,Digital platforms enabling carbon neutral technology innovation: based on market incentives and government constraints | Humanities and Social Sciences Communications - Nature,Digital platforms enabling carbon neutral technology innovation: based on market incentives and government constraints | Humanities and Social Sciences Communications  Nature,Digital platforms enabling carbon neutral technology innovation: based on market incentives and government constraints | Humanities and Social Sciences Communications  Nature,https://news.google.com/rss/articles/CBMiX0FVX3lxTFB2aUpCOUMxZ3NDVjNoUXI5Q01VbzZENDV4TlZIV3ZsV2N2VFVmLWdOaGhycEJ4akZNVklkYkdCZ3NidTJIcDhsTmlMc3E2dU5tOVRZM1lzYWRESHJZMV84?oc=5&hl=en-IN&gl=IN&ceid=IN:en,"Mon, 10 Mar 2025 07:00:00 GMT",Nature,news,technology innovation,0,0
news_2414047789626068991,Educational Technology & Innovation - Yale School of Medicine,Educational Technology & Innovation  Yale School of Medicine,Educational Technology & Innovation  Yale School of Medicine,https://news.google.com/rss/articles/CBMid0FVX3lxTE1Wb284c1I3aTROWjRoNENNUWFzV3p5akdLTWdWZko1R3VFQTM2M280ZmozVE0yUTRtd2FlbGZyLXdvV3oyNko5dFZXTEtQVk1Yd0hCY2VjbDNNUUVKdzVXb2MzZ3ZYQ1lwdURxdWdXZEpmOS1jV2xV?oc=5&hl=en-IN&gl=IN&ceid=IN:en,"Fri, 14 Feb 2025 22:05:39 GMT",Yale School of Medicine,news,technology innovation,0,0
news_2062947937275705721,Green Technology Innovation Fellows Jumpstart Nanosurf’s Consumer Journey - Entrepreneurship at Cornell,Green Technology Innovation Fellows Jumpstart Nanosurf’s Consumer Journey  Entrepreneurship at Cornell,Green Technology Innovation Fellows Jumpstart Nanosurf’s Consumer Journey  Entrepreneurship at Cornell,https://news.google.com/rss/articles/CBMiogFBVV95cUxPMDZWXzRKYkd4bHQ1ZkIzWjNOckxiRGhFZk5nSld0aEtXR1V2WVpRZWZoRjdndXhId1JUY0VvTnhiRjZGMEZLc1hnTjhXcUFxQndvWXBVS0RKZ2FpcXRBLWhmQzc3WEZWLUhKd1ppY3N4UHMya3BHV0JhaHJpM3dKSGR0aFNEbXBuUUhyQktlOEhqM2NacWgwSkhEXzZRZ1c1Z0E?oc=5&hl=en-IN&gl=IN&ceid=IN:en,"Mon, 02 Jun 2025 07:00:00 GMT",Entrepreneurship at Cornell,news,technology innovation,0,0
news_5616457613451791739,"Claggett Appointed as Chair of Technology, Innovation Committee - Ohio House of Representatives (.gov)","Claggett Appointed as Chair of Technology, Innovation Committee  Ohio House of Representatives (.gov)","Claggett Appointed as Chair of Technology, Innovation Committee  Ohio House of Representatives (.gov)",https://news.google.com/rss/articles/CBMiwgFBVV95cUxPcGJhc3BuQjBkVy1IRkM3bG5KWXdtMzZnZ3dSWVZFUWRzNkpQbEpqa01zVkFKdmxTZm5wYlh2MGNtZGdqV2Z2MlF2bUdtckdqWm52TjZjNWdWRmFfYmk4bm5lV1M4d3NvUXNvcmprQnZGcW0xZmstckUtVmhqc2lZa1NTR21oaGxQUU5wd2tDMGNHQjI1d2hwNGlDZU1POXFZZVZPR2pGbnZkeng3bmFJdTBSNGdFUjlrM3ZxbjdHZXJpUQ?oc=5&hl=en-IN&gl=IN&ceid=IN:en,"Wed, 15 Jan 2025 08:00:00 GMT",Ohio House of Representatives (.gov),news,technology innovation,0,0
news_313682372914581385,"The Rapid Pace of Technology Innovation Is a Gift: Interview with Adam Nash, Co-Founder and CEO of Daffy - Adam Mendler","The Rapid Pace of Technology Innovation Is a Gift: Interview with Adam Nash, Co-Founder and CEO of Daffy  Adam Mendler","The Rapid Pace of Technology Innovation Is a Gift: Interview with Adam Nash, Co-Founder and CEO of Daffy  Adam Mendler",https://news.google.com/rss/articles/CBMiVkFVX3lxTE9jc21qRnhzRTlMT0VnRHB3YkVLaERMUmdDcHVsdmZ4UHFwY2ppeUU3WjlZQWZqWXRiRUdUQTdzNnlxR1o1X2RDSzBua1FWVjNfQUIydy1B?oc=5&hl=en-IN&gl=IN&ceid=IN:en,"Tue, 01 Jul 2025 07:00:00 GMT",Adam Mendler,news,technology innovation,0,0
news_8278822586649352344,Could Greenville be the next hub for financial technology innovation? - Upstate Business Journal,Could Greenville be the next hub for financial technology innovation?  Upstate Business Journal,Could Greenville be the next hub for financial technology innovation?  Upstate Business Journal,https://news.google.com/rss/articles/CBMiuwFBVV95cUxORm0wdGIzQ01DMDdxSTBjS0RVczB3TFg4YWdpVVlqZ1RaOHJTdTJGRDFHWEFjUDhIeDZiV2V2MThfa2Z4Z002QjRjelNhUlBhU0Q4X3p1UWVaU0t2S00wTUVOWjRNZnVOYUljQjN6OHJIbXE2U3lsVVdkR2ZzeWw2Wi04SlEwY3owZkEzQ0NfNXh3VnFMcG8yZmtXNzZfMW1aOEVzRm5TNVVVNjJJLUxPUU1TYXdCVW1qNndn?oc=5&hl=en-IN&gl=IN&ceid=IN:en,"Fri, 18 Jul 2025 07:00:00 GMT",Upstate Business Journal,news,technology innovation,0,0
news_2225060574007750529,Abu Dhabi’s Technology Innovation Institute successfully fires UAE’s first liquid rocket engine - ZAWYA,Abu Dhabi’s Technology Innovation Institute successfully fires UAE’s first liquid rocket engine  ZAWYA,Abu Dhabi’s Technology Innovation Institute successfully fires UAE’s first liquid rocket engine  ZAWYA,https://news.google.com/rss/articles/CBMi8AFBVV95cUxQZFdoU3oxVHFOZ2dTN0t5V1NtM2VCZEppUGZDQk9oRnpwd29nM2xtdjVkYmplNk9QNU9CZmlucFF0RjFCZ3V1THdqLTZsREZmUHZwQ1c5RzhxZmhIUDMyOUFnVWpBczh0WUxvaUg2VjlKVmwxVmdvczVrcHpnVm5aQmFqN2VWR3kzZ25TR3ZJUFFMeXhYWWQ0aUxvOGVOUUpTVUIyV1ZaM3NXX0Z4ak0ybk95MWFBQVREMjE2aExFUHFCOTVaTUY0dUNIR25lX3U3bGstZWJQakhVcTMta3p6WE1wSktmWXEtV2xOSE5FcmQ?oc=5&hl=en-IN&gl=IN&ceid=IN:en,"Mon, 06 Oct 2025 08:35:35 GMT",ZAWYA,news,technology innovation,0,0
news_621399264521501732,MINISFORUM's AI-Powered N5 Pro Wins AI Storage Technology Innovation Award at IFA 2025 - Yahoo Finance,MINISFORUM's AI-Powered N5 Pro Wins AI Storage Technology Innovation Award at IFA 2025  Yahoo Finance,MINISFORUM's AI-Powered N5 Pro Wins AI Storage Technology Innovation Award at IFA 2025  Yahoo Finance,https://news.google.com/rss/articles/CBMigAFBVV95cUxPbWlpOElaYUlLdXdQZlJubFJxTURqdmtfcTJjdVdxSjJtZnhHTFNVNUlPbm12OWczRmlabEZVaVBEQzFzMEd6d2l0ckVIUWNGRHpnQk5idklWUE81b3JiT1huTVlxTHI3RkVOTWJ5LUY4OTRQOWRxWG03bjRlVWdtSg?oc=5&hl=en-IN&gl=IN&ceid=IN:en,"Tue, 09 Sep 2025 07:00:00 GMT",Yahoo Finance,news,technology innovation,0,0
news_3035249124614166540,JPMorganChase hosts 3rd Annual Technology Innovation Forum - JPMorganChase,JPMorganChase hosts 3rd Annual Technology Innovation Forum  JPMorganChase,JPMorganChase hosts 3rd Annual Technology Innovation Forum  JPMorganChase,https://news.google.com/rss/articles/CBMidEFVX3lxTE9ldm5CS1J3S2s2RzNGYkRYZmNVRWY1QVhSWkZycTRjUXBmWDBjRHFfVkJOcHFwN3hpYlFUVXpydDlXREVTbzBDT2laenhGTm9Lc0pkMzRXcHpfbjFXUnNzZGlLMGlqakEzVm1OeFBIakFUUE5E?oc=5&hl=en-IN&gl=IN&ceid=IN:en,"Fri, 11 Apr 2025 07:00:00 GMT",JPMorganChase,news,technology innovation,0,0
news_259853729766327806,The impact of bank digital transformation on enterprises digital technology innovation in China - ScienceDirect.com,The impact of bank digital transformation on enterprises digital technology innovation in China  ScienceDirect.com,The impact of bank digital transformation on enterprises digital technology innovation in China  ScienceDirect.com,https://news.google.com/rss/articles/CBMidkFVX3lxTE44ZG1peDVodDhDRTNaeU1ic05XaU5PWXdWaG1tWW9UVmZPdUNNQUhCbEozdUxLeWNvWGEyTHd0djRvTEN0UUtsU0ZCUWlMMHJ2cnl1djJ3NHBHMTl1enhtdFZYamdXdVA1V2FXZmo1enNjYWtOamc?oc=5&hl=en-IN&gl=IN&ceid=IN:en,"Wed, 05 Mar 2025 21:32:15 GMT",ScienceDirect.com,news,technology innovation,0,0
news_5054802170529742932,Company veteran and retail technology specialist Gareth Hughes exits Estée Lauder Companies - Retail Technology Innovation Hub,Company veteran and retail technology specialist Gareth Hughes exits Estée Lauder Companies  Retail Technology Innovation Hub,Company veteran and retail technology specialist Gareth Hughes exits Estée Lauder Companies  Retail Technology Innovation Hub,https://news.google.com/rss/articles/CBMi2gFBVV95cUxPejY3VWxQWTQ4bFhTQ09yUURaX3VXT3ZjdnNVSDNKQUpXNFFZYzdYcW9aT1Jib0EwTVVERUlZUF9kb2dBSlpWTEdSdHVSUm95QXBCWDNiZ1F5MWswMnVqVHp3dkc4VmNORDVhMEhFQ05XU2F2UlZnTlRpaDkyQ0FUbkZZUE5fV240cUVGcUVfb2NnSTNXZi1uY0stOUFjR2hnVVZNdG45cFI4Y25mWHp3c1Z0bi1Ua0JkU2o5S3MwN192ZlItcU9nbHVwY3F0SUtFME9tZnkxVFdhQQ?oc=5&hl=en-IN&gl=IN&ceid=IN:en,"Tue, 07 Oct 2025 05:08:19 GMT",Retail Technology Innovation Hub,news,technology innovation,0,0
news_1281426425747760638,"Leidos Recruits Healthcare Industry Expert Andrew Burchett as VP, Chief Technology and Innovation Officer - GovCon Wire","Leidos Recruits Healthcare Industry Expert Andrew Burchett as VP, Chief Technology and Innovation Officer  GovCon Wire","Leidos Recruits Healthcare Industry Expert Andrew Burchett as VP, Chief Technology and Innovation Officer  GovCon Wire",https://news.google.com/rss/articles/CBMirgFBVV95cUxNUDROajh2dEctaVRMc3lhZngtcDQyZGxDZTNRcWF0SVQtbDRVUHZ1clFxdkVBdVVfR2NiUE1WbjlxMWN4NVpzWEVmckxjU3F1dGpjdTBGd0o3VEhENXhNZUplZ3JNVXN2ZXJyNmtuU0tmQlFzUkI2Y0ZwWDFmYnZxWnlTMjFMVmlub3cyWGhORTNLal8wb3hFcjdYYkx4cFJYdzNFMXJDZ2xSZmtWakE?oc=5&hl=en-IN&gl=IN&ceid=IN:en,"Tue, 24 Jun 2025 07:00:00 GMT",GovCon Wire,news,technology innovation,0,0
news_1580810556630500393,Green versus non-green technology innovation and environmental quality: Cointegration and counterfactual analysis - Nature,Green versus non-green technology innovation and environmental quality: Cointegration and counterfactual analysis  Nature,Green versus non-green technology innovation and environmental quality: Cointegration and counterfactual analysis  Nature,https://news.google.com/rss/articles/CBMiX0FVX3lxTFA4ZGQ2VmJNOWJUWEo4bDlQZzZxOTlNTGtfUHpyRmZpT0ItNzhNNjVtTktCRUppR1d6NWZ5eml4OXk4SlB4cUZvQTAzZGNBbVhlRWI5WjMteWJ1LTFNSTM4?oc=5&hl=en-IN&gl=IN&ceid=IN:en,"Mon, 21 Jul 2025 07:00:00 GMT",Nature,news,technology innovation,0,0
news_1376591934875574857,Abu Dhabi researchers test-fire rocket engine for future Mars missions - thenationalnews.com,Abu Dhabi researchers test-fire rocket engine for future Mars missions  thenationalnews.com,Abu Dhabi researchers test-fire rocket engine for future Mars missions  thenationalnews.com,https://news.google.com/rss/articles/CBMitwFBVV95cUxPaE9QYjdUUEw0T2loUlp0ak9QNVYwZ01LNkZQbmxaOUQ5QTZubHV0UFlLVXFLUS16Z093S292amFKVG82NUtrdWZvNXBnSTlNYTg5YlpQT2M3T0lrQldFVkVESDM3bktFaTNaTDFjRXBoWEt0cHd3TmZWM0VnTVhxbTlEU0Q3Z1ZjcnZUR1pHMFY5Wm1TdkVKdlhsSHFUTF9JWm1OWHBGbDVHb21wRlg5dWRndGI1R2c?oc=5&hl=en-IN&gl=IN&ceid=IN:en,"Mon, 06 Oct 2025 10:41:15 GMT",thenationalnews.com,news,technology innovation,0,0
news_7684023713884898303,Sustainability LIVE Chicago Showcases Technology Innovation - Sustainability Magazine,Sustainability LIVE Chicago Showcases Technology Innovation  Sustainability Magazine,Sustainability LIVE Chicago Showcases Technology Innovation  Sustainability Magazine,https://news.google.com/rss/articles/CBMiugFBVV95cUxQc1BaS0hQcTJYWV9lUlVLMmFpRFk2SEpfdFFYYjZuM2pTNUkwNUhmdWh0NHI2VktVbmtpdENjRGhUZmh5STFzY3NUemdYbGNER2JLLW5CdHdIcUtqU01oVk1GeWJTQUxvLTExLV9hSWNCT2kzd1oxaGwyV3FvNUEyZVltNHZIWlNkVjB3azZfSFhseWN6TmtrRGMwT3FDWHFmUUNvcklYVHg5UFVwZ0JoRXEzaUttWk9ma1E?oc=5&hl=en-IN&gl=IN&ceid=IN:en,"Tue, 15 Jul 2025 07:00:00 GMT",Sustainability Magazine,news,technology innovation,0,0
news_1151665797603441850,Office of Financial Technology Innovation - The Department of Financial Protection and Innovation (.gov),Office of Financial Technology Innovation  The Department of Financial Protection and Innovation (.gov),Office of Financial Technology Innovation  The Department of Financial Protection and Innovation (.gov),https://news.google.com/rss/articles/CBMimwFBVV95cUxOVkFobVRkenNtTTRJbUplaDQ3SnhfSElZUHU2VTgzblRtdy1rUXpRUEw0bXJ3WEg1Mkxvc0dOMHVfUnFWUzVTMk45YjBrcVlsSGNabUVjbEtMZTlrbE15M3ZTYm5taGlDV09DdnMwUjVfWVZYTU9ObzJLSlBpMGhpSExPd2JyQ3VtQXdnWUQ0SFAydUZVRDhmZG5Ndw?oc=5&hl=en-IN&gl=IN&ceid=IN:en,"Fri, 08 Nov 2024 14:20:40 GMT",The Department of Financial Protection and Innovation (.gov),news,technology innovation,0,0
news_2317745428263606717,Paul Yock receives National Medal of Technology and Innovation - Stanford Medicine,Paul Yock receives National Medal of Technology and Innovation  Stanford Medicine,Paul Yock receives National Medal of Technology and Innovation  Stanford Medicine,https://news.google.com/rss/articles/CBMie0FVX3lxTFBkRVRuaXpCc1k5QTRSUDhjbTVCbnlzR1dxdmd2UUttU0hxRjRYZndqYXlBUHhGclJFZ1RNZkhIaUU3Sjl6YjhKbHdOcmhOVlozMDVjSXZrOVcwV2g4c0U2Y2JveVptaUhmWGlOSm9ORGoyUnlpMEZ3SVVCOA?oc=5&hl=en-IN&gl=IN&ceid=IN:en,"Fri, 24 Jan 2025 08:00:00 GMT",Stanford Medicine,news,technology innovation,0,0
news_2098960918446900670,Japan used to be a tech leader. Here's how it can regain global standing - The World Economic Forum,Japan used to be a tech leader. Here's how it can regain global standing  The World Economic Forum,Japan used to be a tech leader. Here's how it can regain global standing  The World Economic Forum,https://news.google.com/rss/articles/CBMihgFBVV95cUxQVDlrQTViUVF4T09DMDVNdmRRRWpnRFF1V0phNlFscnRVVUxya2xrVEJyeFhfQUV5R1llcy1ITkZqdUZyVUtmNnEzWDJGSFQ3NzhRdUlZZXlGR2o0MlQzWXdfSmVpZTRWQ0xPLV9HcC1YaWUya0dWa2JXNXI1b0t5cVhwWGFCdw?oc=5&hl=en-IN&gl=IN&ceid=IN:en,"Tue, 11 Mar 2025 07:00:00 GMT",The World Economic Forum,news,technology innovation,0,0
news_7165170361252331720,Calling on airports: Submissions open for the 2025 Technology Innovation Awards - ACI World,Calling on airports: Submissions open for the 2025 Technology Innovation Awards  ACI World,Calling on airports: Submissions open for the 2025 Technology Innovation Awards  ACI World,https://news.google.com/rss/articles/CBMiqwFBVV95cUxNNkg5ZnZtQkk4M0pVb3Y5cThMM01UY1U1Qk1lSDRDMW45akhYRkd1TkZtTEdNZU5lRFlHOEdsY29tVVJGQzZCbDFTUnpiekhHYS1ENmJhZTEzSGpiMjZNcGZjUTZ3YllWQk1zbEJQczQ3WlJQdklubnI2NDBGR0tDTlBjdVJTZWltZXY4MU1rbmYxb0FVMGVRb2EwTGxlZmtzQ2xTU29QdTV0WUU?oc=5&hl=en-IN&gl=IN&ceid=IN:en,"Thu, 20 Mar 2025 07:00:00 GMT",ACI World,news,technology innovation,0,0
news_3883030519645963219,China's ICBC launches $11 billion technology innovation fund - Reuters,China's ICBC launches $11 billion technology innovation fund  Reuters,China's ICBC launches $11 billion technology innovation fund  Reuters,https://news.google.com/rss/articles/CBMisAFBVV95cUxQRmwxRWJyQjlZckd5NXY0X2tBa1lnT3hUbWVKaHlvMzkxcWlQTV9pSVZjdWEyYUI1RUxDaldFQ0VLeWM2VnV4NERacTZGWmZSUG8wTDZjNFpKa2JIcE84YlNRMHp2LXBzWFRBUDFwUWxRRmhocndlREZaNUV4cEM5aFhmbWl5OEdEZ2dRaE9DTjhsUXlNR0c0YnAxNjMtTG04aHJIeFJhWk5LclZSVjdjaQ?oc=5&hl=en-IN&gl=IN&ceid=IN:en,"Wed, 12 Mar 2025 07:00:00 GMT",Reuters,news,technology innovation,0,0
news_8697963227073897712,Longbridge Financial Expands IT Leadership with New Head of Technology Innovation - Business Wire,Longbridge Financial Expands IT Leadership with New Head of Technology Innovation  Business Wire,Longbridge Financial Expands IT Leadership with New Head of Technology Innovation  Business Wire,https://news.google.com/rss/articles/CBMi1AFBVV95cUxQSUFCNG1WM0xmeE1nX0NKUm1Ka2wzTXRuanFUV2lrZ3Q3S3BXdTRjNUFxdTRRQ0NQUmxPWnc3UndyLXd5ZUhybXNBTlRkM0VGWEV4VUNzSS1reExjREQtQjc5bXFzZ1N0bWV0b09mbDd4Z2lyN0pRa2ZZWGhBRTRSYmpCdS1EdTdFRUlJczZOTzhVSWk3MXRtNEVlM1I5cVhRQXNqdTNmVUZqSzI2Ri1TOGVIZGVlTURlMWJBQVdKanFUTnRyeHdBdU5zWFNwZjk5SkwtcQ?oc=5&hl=en-IN&gl=IN&ceid=IN:en,"Tue, 29 Jul 2025 07:00:00 GMT",Business Wire,news,technology innovation,0,0
news_9200761567413461775,Promising new technologies face market uncertainty in pivotal moment for global energy innovation - IEA – International Energy Agency,Promising new technologies face market uncertainty in pivotal moment for global energy innovation  IEA – International Energy Agency,Promising new technologies face market uncertainty in pivotal moment for global energy innovation  IEA – International Energy Agency,https://news.google.com/rss/articles/CBMivwFBVV95cUxQUzdEVHlQQWNqbUkzdGNUYUl2N2ZQRVZfYjUzbjV2T0VWNlF4bVNDczYwajJLNjYxX0t0UXQ1YmpnbGpnWXZ6anFqLW00dGlIemxuQTVSMElZOGZuZ1ZZdDVlT0F5d0laWTZOSnlydXpaVy0yam8tYzdsUXdHNGhHQTF2ZVFpcXMyZE54MWFhbW1fSnV0dy1aMG95NWI0ZFpxMjVsWC1NcDBTbmRLNlJ4MktZR2VWN294Y1hNRGNxOA?oc=5&hl=en-IN&gl=IN&ceid=IN:en,"Wed, 02 Apr 2025 07:00:00 GMT",IEA – International Energy Agency,news,technology innovation,0,0
news_9057665048371523957,Untha opens Technology Innovation Center - Waste Today -,Untha opens Technology Innovation Center  Waste Today -,Untha opens Technology Innovation Center  Waste Today -,https://news.google.com/rss/articles/CBMiiAFBVV95cUxNMFNNa0V3MmplY3BhU2FJUlFYb0E3WXp5bGVGM09RUnNEMEZ1Mk1URnFkZ0pKNlVYbVBZUnU2R3ZvUGlaTTFOc1Q0TlJMcjY0bVRoYjVCYnRxNFBoLURTVVdONzBOUXhmNWxIMXRTV0d6U1VfNGZfOEdSYjhSM3pJZlgyWTBGMm93?oc=5&hl=en-IN&gl=IN&ceid=IN:en,"Thu, 26 Jun 2025 07:00:00 GMT",Waste Today -,news,technology innovation,0,0
news_6834807624922751627,TIP Roadmap RFI Responses - National Science Foundation (.gov),TIP Roadmap RFI Responses  National Science Foundation (.gov),TIP Roadmap RFI Responses  National Science Foundation (.gov),https://news.google.com/rss/articles/CBMiWEFVX3lxTE9UNU9HQ2NPbVp3T1VKWDJSaFpnZnRCTXRtVXlWN0Z4c2RILUxWb3hMOUZtSm1NSl9xLWNzRHNZeUVFeXJ5NjNGYmI5azhTSERqdlh2N0c0UUM?oc=5&hl=en-IN&gl=IN&ceid=IN:en,"Tue, 11 Feb 2025 13:56:13 GMT",National Science Foundation (.gov),news,technology innovation,0,0
news_6415601170487653276,Red Flags in the Tech Race: America Must Act Now to Preserve Its Innovation Edge - Wilson Center,Red Flags in the Tech Race: America Must Act Now to Preserve Its Innovation Edge  Wilson Center,Red Flags in the Tech Race: America Must Act Now to Preserve Its Innovation Edge  Wilson Center,https://news.google.com/rss/articles/CBMiqgFBVV95cUxNMHRwa0NfaHQ4N21zaUdhM2VaNFdoRm5VcnJTR0Y3Mmd4RGdGdlRMRC12b0J2dG8zRVJiRjdBVWRjbnhBb1VJVS13VWY2NUl2ZGx5NlRFTzY1ZFlDMktEbk9aWjRuOWhzaEdKaWxUclloWUVLSjYzdklGOTlIY0FHWllqT1hCOHYtNklyUmJhd2NjdTZsVjltVm8tQmlHZk0wYnZIdTR4SHhhZw?oc=5&hl=en-IN&gl=IN&ceid=IN:en,"Tue, 14 Jan 2025 08:00:00 GMT",Wilson Center,news,technology innovation,0,0
news_3144470121910908050,Army Launches Detachment 201: Executive Innovation Corps to Drive Tech Transformation - army.mil,Army Launches Detachment 201: Executive Innovation Corps to Drive Tech Transformation  army.mil,Army Launches Detachment 201: Executive Innovation Corps to Drive Tech Transformation  army.mil,https://news.google.com/rss/articles/CBMivAFBVV95cUxQTlVSQ3lSbGs3aEZmWnNNZEhrUk1MZVpIVDhyVE1MNnBYelBvREw0ZDQ2UlJqb19UeTFTUm9kR3l2Y1VuU24xc29ILUdIcnJpdkM3aktWWHZ6a3JRcHZLcWtielJ2ajhUaG53VmU0SlRxZENxc2tWZS1kUWUwbjdTamdUdzNFOUdxWGM3NmFCOHBPcEliMVZaM21kN25oM1RXLWxJRXlTRWNrMHZnZm5CNnlhVllJSlIwbGt3cNIBwgFBVV95cUxQR0otU1J3ZGNjMVdubUV1azVuTWVkTEloai02emxLVjNHcHZ4Y0VOTElIUnpsdXkyUml6NW9XN2hVYjluV2Itbi1SQ1RvRXlKLWNTNElOaWJhN1NYSXEwUUpzbHFkTnpHSFh0NHFyQXFKektvQ0N0NVJmRWUwUkFJbDRJUXdTZGpieFZwdWJUR3FDUjJ0THlRM08tMUtLQ2c2V3lwVDYyVjU4a3NYQmI0a2JjaWdQT0J2WnNOVUlrUWNCQQ?oc=5&hl=en-IN&gl=IN&ceid=IN:en,"Fri, 13 Jun 2025 07:00:00 GMT",army.mil,news,technology innovation,0,0
news_1068400447418460381,Faculty Technology Innovation Award: Shaun Shepard - Northern Michigan University,Faculty Technology Innovation Award: Shaun Shepard  Northern Michigan University,Faculty Technology Innovation Award: Shaun Shepard  Northern Michigan University,https://news.google.com/rss/articles/CBMiekFVX3lxTE9lTm02WG5ocEM1U1FHX0Y5c21wanJ0dDJTdldXYUp3Y2J4YVRtcHJTeEYzQjI1QjBKZFdnd3JlM1ZLc1JPSFRKWTFKRHRwbURBbk5BVlo1SmlmZlZCb2U0SFpIRFhUcnhWYkJfMUFFUHJXel82OFhRSmlB?oc=5&hl=en-IN&gl=IN&ceid=IN:en,"Mon, 07 Apr 2025 07:00:00 GMT",Northern Michigan University,news,technology innovation,0,0
news_5066957297705715413,Harnessing AI and technological innovation for financial development: the mediating effect of government effectiveness in G20 economies - Nature,Harnessing AI and technological innovation for financial development: the mediating effect of government effectiveness in G20 economies  Nature,Harnessing AI and technological innovation for financial development: the mediating effect of government effectiveness in G20 economies  Nature,https://news.google.com/rss/articles/CBMiX0FVX3lxTE5KUmFldkZPZ043SmNob2xydTFDUXd2N3d5LUhfb0x5TE5CQlYyM0pnYlV2eEg5ZDFNcjNwQ3hxdzRQWGY2cjU5b00xcGxrbHRiblhlR2QySUNIb0dKVU80?oc=5&hl=en-IN&gl=IN&ceid=IN:en,"Wed, 06 Aug 2025 07:00:00 GMT",Nature,news,technology innovation,0,0
news_2649453644742811866,Boston's Open for Business - Boston.gov,Boston's Open for Business  Boston.gov,Boston's Open for Business  Boston.gov,https://news.google.com/rss/articles/CBMioAFBVV95cUxQc2pFZ1laTkJnZmVlZS1oejlMZWUtdWprZUlrX1Z3RnZYRnk4MU1DeFp2Z0syeVVwSzNLMGR6a2hCcDBQSUpObHptVFBENWlhRDMyVHhlcDZQWmxBTVQ3YzZvUEtROExsU2paa3BVX1lWOE5sajNCMjNyRkw5WG1UNklhS1ZNSXlmSW93cVpYSnZQakJfbmZwNFBhQ0xKeVFO?oc=5&hl=en-IN&gl=IN&ceid=IN:en,"Wed, 24 Sep 2025 11:35:39 GMT",Boston.gov,news,business strategy,0,0
news_5993961105209601151,Sustainability as Strategy: India’s Blueprint for Future Business Leadership - Egon Zehnder,Sustainability as Strategy: India’s Blueprint for Future Business Leadership  Egon Zehnder,Sustainability as Strategy: India’s Blueprint for Future Business Leadership  Egon Zehnder,https://news.google.com/rss/articles/CBMipgFBVV95cUxQQVJJZUtteHlFQkloTkpDYjFia2NPQ29HX21PLW5qSHZxOHExNWpDcjVCSnUzb0pwQnpuY09veVpIdjlTa2RjblRBZVpld1RFRng0NUQwQ3RYYlVjeGRDTDZINDZhak90SDFpNG51azljbHVNYzl5TFNUQ0VRVVQzZE5WeC1PclNWSEhHN2dkejRETy1hcDNDM2xfLXVLbXhIZDBlcnR3?oc=5&hl=en-IN&gl=IN&ceid=IN:en,"Wed, 08 Oct 2025 04:05:31 GMT",Egon Zehnder,news,business strategy,0,0
news_6418129266917627004,KPMG 2025 Global CEO Outlook - KPMG,KPMG 2025 Global CEO Outlook  KPMG,KPMG 2025 Global CEO Outlook  KPMG,https://news.google.com/rss/articles/CBMiiAFBVV95cUxQVEpvdHUwcnlHTjNMX1hCQjVhWWM4SllDeWQ2OUFka1U0NnROa1pSamw1SFFkelhYbE1kTVJfTGhkcmNOd25UVURTa1JDMjc5eE8tb3U1a2FDVlNkYndZNlNjdllaZnhpZHkwMVRURmNWdkZoanJFRnFLd3g3a3JEM0c3cjFHWHlR?oc=5&hl=en-IN&gl=IN&ceid=IN:en,"Wed, 08 Oct 2025 11:35:22 GMT",KPMG,news,business strategy,0,0
news_600910582367591126,Shaping my journey from creative visionary to strategic product leader - Kellogg School of Management,Shaping my journey from creative visionary to strategic product leader  Kellogg School of Management,Shaping my journey from creative visionary to strategic product leader  Kellogg School of Management,https://news.google.com/rss/articles/CBMiugFBVV95cUxORU01akx3TXJWZHMyVnp1QTF0MXMwbXA2TkFWYjAwOEdRbS1JYUFTWmk2SXlWVl95RVpTU1haZEJlbnRBYTV6Zm9xQVZoaWE5LW9GX28zVUFBRlduclBVcWhGSWVJQ2x5MGlQWUhneEZZYXpJVFBNQ2NWN0F1TUxhQzFrMDNvdEl1RVZqOWZoVExMMUtZLTU5Qy1SS0VtUjhfWUJaSWNSQ1RwWlFQNFA0a2RoRDFhSE1kN2c?oc=5&hl=en-IN&gl=IN&ceid=IN:en,"Tue, 07 Oct 2025 17:01:51 GMT",Kellogg School of Management,news,business strategy,0,0
news_361006450214462624,Business Strategy: GO vote on October 14 - The Journal Record,Business Strategy: GO vote on October 14  The Journal Record,Business Strategy: GO vote on October 14  The Journal Record,https://news.google.com/rss/articles/CBMigwFBVV95cUxPVkMyaU85XzJKRUpkYVUtNF9BeVF0R2VaaVBLOTJHZWFmLXpUbndHMXU0aU85NXp2bGEySzdPNXBtOWNPWFZzRFotYWtVT2FWSEExN0lkQVR3NG9ReDlvVWFiMWloU2dhMUxNMEd5Q3pIQmNyRW9acm1nUEpEZGh2NmZ3SQ?oc=5&hl=en-IN&gl=IN&ceid=IN:en,"Tue, 07 Oct 2025 17:07:59 GMT",The Journal Record,news,business strategy,0,0
news_3485177334654311803,"Sponsored Love: Employee Upskilling, Why It’s An Essential Business Strategy - Harlem World Magazine","Sponsored Love: Employee Upskilling, Why It’s An Essential Business Strategy  Harlem World Magazine","Sponsored Love: Employee Upskilling, Why It’s An Essential Business Strategy  Harlem World Magazine",https://news.google.com/rss/articles/CBMisgFBVV95cUxNenUzNE1rbVRwcTlFNFN4cXZyUjRvRnRQYml2WDVHNFViUzVfNE5rWjJiSTZDdFZuS0xudUJYanNpSHpxUjBOMXR1RjlxNWR1enJHOWp2UzlHX1Q3TnJKUmhDTmNMUm9xQ29iNkxDTjlXMFFEeUtLZDJHYmR5N2ZOdTdrMm5XNEFuSHV4LTBsOTBKMjJoSlNfMTZabnNaOXRMMlRHNWRjX05ZakI5U2k4V0hn?oc=5&hl=en-IN&gl=IN&ceid=IN:en,"Tue, 07 Oct 2025 17:42:27 GMT",Harlem World Magazine,news,business strategy,0,0
news_3340535679123521849,Building a business: Experts share how to turn an idea into a business strategy - The Sheridan Press,Building a business: Experts share how to turn an idea into a business strategy  The Sheridan Press,Building a business: Experts share how to turn an idea into a business strategy  The Sheridan Press,https://news.google.com/rss/articles/CBMikwJBVV95cUxQLUp3dXNMVHp1M2ZfUTBxUTVLTmFFSU5ldjIzbXA3U21SMHBtM0VWazZVanFEWFhkUldHX1VqRkF0cVV0cVloNjdkMk95Q2w2cy15Ul81UEtuX2hNSUJNa25lX2tGbmdVLTZTXzhERFB0SWczSUVJNVBqVWlCTUVVajJYRUdNNk9WbUxSMGNmQ0VfVjVVTkpTa2JWOTdnMVhSOWlVQ1RpSFNOamsxVnI0bDN6d3c0Ty1GdGJvWkJkWHl3aW14ck10N1hQdUNvMFpUNFpfR3p2SFJoQ2VaQVkteWVRM29Mb19YS2lIV19SbUhnSDJPQlBTMXZ4MFo3aGRMc210a3VNLUdLY1diRklDRGY1MA?oc=5&hl=en-IN&gl=IN&ceid=IN:en,"Tue, 07 Oct 2025 17:00:00 GMT",The Sheridan Press,news,business strategy,0,0
news_8456231579395626217,Revisiting my definition of strategy - Fast Company,Revisiting my definition of strategy  Fast Company,Revisiting my definition of strategy  Fast Company,https://news.google.com/rss/articles/CBMidkFVX3lxTFBrYmd0RlNrVGpxNGZHYllSdWVnZTNMUVhqdXNmeldZUVU5VDVEQm5lZldaUVdHc0FnZG5rQXBmQ0w1M1kwWEViMHRhN2UzQWFXbm5URUR6eVJvYndPM3VyYjdZWTJHNWFNT2gxc3VnNGJWVlgtZXc?oc=5&hl=en-IN&gl=IN&ceid=IN:en,"Mon, 29 Sep 2025 07:00:00 GMT",Fast Company,news,business strategy,0,0
news_5869995483621980780,"Mentorship Reversed: P&G's Strategy for a More Agile, Digitally Fluent Future - Procter & Gamble","Mentorship Reversed: P&G's Strategy for a More Agile, Digitally Fluent Future  Procter & Gamble","Mentorship Reversed: P&G's Strategy for a More Agile, Digitally Fluent Future  Procter & Gamble",https://news.google.com/rss/articles/CBMiV0FVX3lxTE13VEZQU25zRjh0N0ZHbDktLXViZnYyQUF3c2JZZGY3SWxrUHVJbWo5VEZDdWttcDB2UnltWVhuTC1LUHRDSEx6MXE4RWYyVnoxRmhKN19Ocw?oc=5&hl=en-IN&gl=IN&ceid=IN:en,"Tue, 07 Oct 2025 09:21:35 GMT",Procter & Gamble,news,business strategy,0,0
news_4705282690195336633,Our business model and strategy - Glencore,Our business model and strategy  Glencore,Our business model and strategy  Glencore,https://news.google.com/rss/articles/CBMidkFVX3lxTE85NVNVMmMzOXlEdkZVUm1hTkY1dGhvaHlZZHlQdmpBczVVNlMzVWhMX3lNOXA2MUZMU0JuU3VfRWkwejByMHV0OW1BXzZjNmNkZDdFWE1ZU1NUOFlhNjEwVUFUeGRCTjA4Q3d5QmtwOWNBQUZSdWc?oc=5&hl=en-IN&gl=IN&ceid=IN:en,"Fri, 03 Oct 2025 17:15:00 GMT",Glencore,news,business strategy,0,0
news_7205282402122131976,ALS Drug Development Case Studies: MediciNova And Coya Therapeutics - insights.citeline.com,ALS Drug Development Case Studies: MediciNova And Coya Therapeutics  insights.citeline.com,ALS Drug Development Case Studies: MediciNova And Coya Therapeutics  insights.citeline.com,https://news.google.com/rss/articles/CBMi7wFBVV95cUxPTzRKb0Y4TXZsOExTOG9nRjZEUGJ2UFdKNFpWYzBPTGdPZlZwRkJMTUZDTjEzRTVuRDNpRzlwMDJaUk1RbUt2RXpsY1B2Q0ZLaU0tMXNydVhWbGpsLVh6OC05elluR2o2MXZrS3JLZGZCdFZaQVFyOGtHbUlmWnhNd1dfeWx6WUxzZzVpdnBwc2lVbjV3T2djdnNVRzAtZUdmVEpKRVh1ZjdkMzhBSC1YUUhBb2d1R2FYYnh2TVRhRGpXZXNEZTUtcHNCc3YyVmVhaElTQ04ySEt5ZnlrNFVPNjhJZVJyZk9jb2dMRTVpNA?oc=5&hl=en-IN&gl=IN&ceid=IN:en,"Wed, 08 Oct 2025 08:06:47 GMT",insights.citeline.com,news,business strategy,0,0
news_7818040260504155451,"Quest Software Unveils Unified Data Management Platform, New Company Strategy - Channel Insider","Quest Software Unveils Unified Data Management Platform, New Company Strategy  Channel Insider","Quest Software Unveils Unified Data Management Platform, New Company Strategy  Channel Insider",https://news.google.com/rss/articles/CBMinwFBVV95cUxPdnNPTTVpbXdubWRSbHV4TWJyRVgtc0NKaXpTVG44UktNOHEzcF9PM0hDVVNjajVpaGpHTmJaenByWldjZlo4R1BndEJ2MzhMRTB4bnl5ZE1DRHBVem5HbnRhZTdOZWYtaFJSc2E4RU9VSkhLVzdFdkljQ0FPSlhiMG5yUTk1bFpsLTFoVWFscTZCUDRWNUN4MXBDY0JBR2M?oc=5&hl=en-IN&gl=IN&ceid=IN:en,"Tue, 07 Oct 2025 19:36:35 GMT",Channel Insider,news,business strategy,0,0
news_4459811613062909796,"Frisco-Based GameSquare Buys Talent Agency, Exits Ad Business, Consolidates Tech Platform in Strategic Shift - Dallas Innovates","Frisco-Based GameSquare Buys Talent Agency, Exits Ad Business, Consolidates Tech Platform in Strategic Shift  Dallas Innovates","Frisco-Based GameSquare Buys Talent Agency, Exits Ad Business, Consolidates Tech Platform in Strategic Shift  Dallas Innovates",https://news.google.com/rss/articles/CBMi0AFBVV95cUxPdDRvVlpybEw1QkhpMklabGEzQkVWV1dpNmJxOTlwSnpQSmdhVDVuREZaZERaS2hMVXdJempFOVo2Q204NC1DZzRlMEJiT1pOd3JpcWdkMzJFQTdvaDNEOVVKdVAybTVfcHVUZjMzOElxNWJveUg4alkzYlJLS3ptYUZ3cDZVQTVLYUExM0NXNktVOHF2Vk5zTkVmSFRoN3dpamVMZ0dmVGlBZ1pWcDExY01yU25BS2hpWV9fcmNveXJ1cEVESS1Ha2xWRjlwQjls?oc=5&hl=en-IN&gl=IN&ceid=IN:en,"Tue, 07 Oct 2025 00:28:02 GMT",Dallas Innovates,news,business strategy,0,0
news_8961773916361591649,"Nokia Reorganizes to Sharpen Focus on AI, Business Strategy - The Wall Street Journal","Nokia Reorganizes to Sharpen Focus on AI, Business Strategy  The Wall Street Journal","Nokia Reorganizes to Sharpen Focus on AI, Business Strategy  The Wall Street Journal",https://news.google.com/rss/articles/CBMioANBVV95cUxOdnVISmFZM3RydW1Ea1N3SUY3VGR0bk5ueFMwNmdRb1FhUjZLOUwtMVU1S3VuNThUWU5YZWk3X25sWjJvRWI3azBkWkdiR2R2b2JzYkNEMGUtWkItWEN5WFdOS3ZYcWNxVDJlVE1mUUp3V2ZhRnVtemtNaUI4UThoUXI4SDlLX2xaLWM3NVMydnNaY3RZazY2MWdHUW94cVNzTVB6eWwwN2lHVVA1blQtbUR5eUJpWGNXbUhSV0JZVXZPbngwQ016Yk11cTdja3R3NUl1NllxNWRQZ1plTkJZZjZIcVZEUlRhUmRpd0FhWnJrVFhkNHkxZHBrSWhDdGc2T0VYTGZCOTk1Q1Y4bFFHVEVnRnB1VVNLYTNwc3VhZ0p0SFpFRHRFWW1yUkNzMHJhc3hWRWx6cW9DQi1Zcl9NTUNhaWcwTnZBREJlWU5JYmtHeEhXbHJ1NmVhOGpBRHg4U0RtQWlVTTZoVUpFS3JXTm9MUW5kLVhnMDNiNkhmSWVwZkpqUW11eGg2bEp2WmY5eUdVZDE2TW4yQURNdGV4Zw?oc=5&hl=en-IN&gl=IN&ceid=IN:en,"Wed, 17 Sep 2025 07:00:00 GMT",The Wall Street Journal,news,business strategy,0,0
news_5131175806999503891,Closing the loop: Why circularity is core to Nokia’s business strategy - Nokia,Closing the loop: Why circularity is core to Nokia’s business strategy  Nokia,Closing the loop: Why circularity is core to Nokia’s business strategy  Nokia,https://news.google.com/rss/articles/CBMinAFBVV95cUxNVVFOVnJ4b0E0bTk4ZkYxUDZXUmJjaXVsOU1ZUzRNeHR6dUJnZ0lLaWNEdU02Z3FKYzB2N1BRbmtsaVlNV1lXUGllX3Q0bUZmYWNzWXhLV3ZOQ0k2RzIwTVdaUmVxUGVJTXlSSHBmLWFNQ0xSVFk2X1BVNXUtVU5nbnlibXZ2WElfTGdidUdSaEtwTXh0Q1FhVEFLdUM?oc=5&hl=en-IN&gl=IN&ceid=IN:en,"Thu, 02 Oct 2025 11:45:15 GMT",Nokia,news,business strategy,0,0
news_1630006250387437530,"Delay of federal economic data, thanks to shutdown, could impact business strategy - CFO Brew","Delay of federal economic data, thanks to shutdown, could impact business strategy  CFO Brew","Delay of federal economic data, thanks to shutdown, could impact business strategy  CFO Brew",https://news.google.com/rss/articles/CBMiwAFBVV95cUxQRFNfckw1NDFWUzdJdmVXNG1MUlBQaUN4TW96WlBVTlJWLTk0R3d4WkR6RXBYU1M3ZUNrTERpUThFcWJMRkdkZWJ5UHZZSzZfQ3lOVEF2VUZtMkZJODA4Z3laOEx4b1A4dWx6cmQ1cjN3TDE4RUhRdVRuYzN3Vm1DREVFbnE1aWNudTBYQ1dUTnk2ajM4Q2VGcVpwb0RXeUYzSjkxN1JGRVZaVzFvN3JhZDJXTU5YaG53bUVneS1ET1o?oc=5&hl=en-IN&gl=IN&ceid=IN:en,"Thu, 02 Oct 2025 16:24:15 GMT",CFO Brew,news,business strategy,0,0
news_6903100371079092425,"American Express Global Business Travel, Strategy, Fastly, Salesforce, and Twilio Shares Are Falling, What You Need To Know - FinancialContent","American Express Global Business Travel, Strategy, Fastly, Salesforce, and Twilio Shares Are Falling, What You Need To Know  FinancialContent","American Express Global Business Travel, Strategy, Fastly, Salesforce, and Twilio Shares Are Falling, What You Need To Know  FinancialContent",https://news.google.com/rss/articles/CBMimAJBVV95cUxQbmRDUGs2dnFpOEVIMXg3LVdRSU1zeG5fWXIzOTFucEZQeGFsVElkM044UG9pVHprMklubFk2YkpEZURjMllhTkhzOEZBREl6QjN1Q1l0cTJTREtyYjhud1JjVW9makRDR1R6bExycmtFd0pxWDFQZ2lQbGthRzJNeXBlaGJNYlZCekxYUTRYS3hEMm1jN1QtVjYwVXN5d0hDa2pQRF9lWk1iMTh4NTN6U2NjeWJ1RmtENnNoTHlpWnNkb2dEd09OWjJXNW9ldE40TDRGRkhOa2dySDhXS05qSk5RYjlTOVUzRWhmZmRtYUdTQmNDbGYzVy1Oa0JMSW5YU1loNjNCb2RHdjczSkNSQXZPZmZkdTcz?oc=5&hl=en-IN&gl=IN&ceid=IN:en,"Tue, 07 Oct 2025 17:15:00 GMT",FinancialContent,news,business strategy,0,0
news_4805878108540593650,Snap Insights: The future of marketing – navigating the new era of AI - Channel Eye,Snap Insights: The future of marketing – navigating the new era of AI  Channel Eye,Snap Insights: The future of marketing – navigating the new era of AI  Channel Eye,https://news.google.com/rss/articles/CBMilwFBVV95cUxQRldBY25uWkRfbHlYa3pXUVpnakpCMlBEUVBfbk5SSVpRMGxDMDlRTVU3QjhWRHlrcHVFNE4yNm1mcWxuSUhPeDhEV2l4eTZ3UGl2aXFiTHJ3eU1KNUZVaFBNQnYtTWR2VDVSSnpaOWFGb2IwQ3ZxTHd5aTlRSmJ3OW1ES3pQR3FYSms0X0JLM21uZXZfNkRF?oc=5&hl=en-IN&gl=IN&ceid=IN:en,"Tue, 07 Oct 2025 04:03:37 GMT",Channel Eye,news,business strategy,0,0
news_4314664642709271942,"Video on Demand Market Leading Business Strategy, Top Companies, Growth Factors, Healthy CAGR, Opportunities & Forecast – 2028 - Barchart.com","Video on Demand Market Leading Business Strategy, Top Companies, Growth Factors, Healthy CAGR, Opportunities & Forecast – 2028  Barchart.com","Video on Demand Market Leading Business Strategy, Top Companies, Growth Factors, Healthy CAGR, Opportunities & Forecast – 2028  Barchart.com",https://news.google.com/rss/articles/CBMi9gFBVV95cUxQTmtCc2s0ckp1MjZ3aDJJdzJqN0NweGl6Z09ONUlJRXRWd19fdklvNFdnejUyRm10TTN0MnY0S044anJtNUV2eEFwRnZXN3d2NVZ4N1BMVk1LYU9GcEZQc2RLdkZfRXVOR1JpY3pWMTFpX1NmbDB0eS1YYzZmbHN3M2xIN0dJM3ktbGdSMnVHNVQweU1keDRBMUxTMGQyaFJqMERpbW9jQnFOZWN1S090Q1FORmZQZV8ta3FtZ0VCeTBvR0Q0T3BQZ1NISk95bkFUd21seFFKY2V0NFZvRmRjNEVaZVRIYldxNG1vZlViZG1NSU5JLVE?oc=5&hl=en-IN&gl=IN&ceid=IN:en,"Mon, 06 Oct 2025 17:28:42 GMT",Barchart.com,news,business strategy,0,0
news_5079485825093467872,Green competition is redefining business strategy and risks - Harvard Business School,Green competition is redefining business strategy and risks  Harvard Business School,Green competition is redefining business strategy and risks  Harvard Business School,https://news.google.com/rss/articles/CBMie0FVX3lxTE85dnNPY3p2N3VDbFlORWdhLWNDczRadjg5eUhlanB0N1MxMGdvLWx6bGpBUmlCSGNqMmJ1bUN5SmwyZTlXWnhiNDlvdDdJNnQtWHp1T2lCOVg1RzdkVUxUaUoydnJ2eVp4S3VIRU9uQmxVR3F5Y1dSZnAzdw?oc=5&hl=en-IN&gl=IN&ceid=IN:en,"Wed, 24 Sep 2025 07:00:00 GMT",Harvard Business School,news,business strategy,0,0
news_3130405864367546625,Balancing Optimism and Caution in Innovation and Business Strategy - Knowledge at Wharton,Balancing Optimism and Caution in Innovation and Business Strategy  Knowledge at Wharton,Balancing Optimism and Caution in Innovation and Business Strategy  Knowledge at Wharton,https://news.google.com/rss/articles/CBMizgFBVV95cUxOTEwxV0thMW93SmtGdkZUWkI1dW01aWZBdy1tcE1yQmd0Y0NjbUVlU0U1QVQ2U3l3ZXpBeVB6LU1zellobUN6eTFVOEgyWHJuekdnOFVLbENxcG1Pbnd0WGFRMjlyZE02ZkxlN2NOV21yek1wMldsYnhseGNBdnByM2pSNEVPSmRCNnRvblU0RmRPdWhVUnh6XzVkd3l1amRhM0VQLUNQRFRCS1VleG5ldWtWN3MtbjlZNnQtRzdSbDZtd2N1Zkx6T0FESHJJdw?oc=5&hl=en-IN&gl=IN&ceid=IN:en,"Wed, 24 Sep 2025 09:00:00 GMT",Knowledge at Wharton,news,business strategy,0,0
news_2221466497343520138,Why Ethereum Treasuries Could Be The Next Big Business Strategy - Forbes,Why Ethereum Treasuries Could Be The Next Big Business Strategy  Forbes,Why Ethereum Treasuries Could Be The Next Big Business Strategy  Forbes,https://news.google.com/rss/articles/CBMiuwFBVV95cUxNbE5UdE0zWWZRbnozOUtMM2YyTlgwQW9sOVRjRDl0RHFKMWNIenRrTC1TcmNzUGR4MHVfcVB1OFluUHdrRGxJc1IzWVg5R2o5RDBCQjNfUVNDb1EtMnljT1V4TF9wMXhpZUszWTVxSXhuWVl0VXBhYTI3MUNFLWMzTHEzZlY0bVFvRnR2bzU3VjhmYkNBUWZVUmhzbmk4akNpV3BCLUVPWDlfdWlzcnoxM1UtRkhueW4tcXhz?oc=5&hl=en-IN&gl=IN&ceid=IN:en,"Wed, 24 Sep 2025 07:00:00 GMT",Forbes,news,business strategy,0,0
news_1750734057156620091,Small Business Strategy: Rethinking How The Little Guys Win - Forbes,Small Business Strategy: Rethinking How The Little Guys Win  Forbes,Small Business Strategy: Rethinking How The Little Guys Win  Forbes,https://news.google.com/rss/articles/CBMitAFBVV95cUxNalJrdW5mSnhXNGIzS2FjQUQwaW1pcEU4QTRobGFRSmNuUVpaeE82NjVYLVp1N1dVSGlpQWV4WUIyU1FHUGpWUllVWWh3dWFVemVrb3laU2xyYjk3ZS1JX19oUnE4bUhaTGpOZE9ERG82U3F4VGpycUQ0cldHaG9helR5ZUZ3b1JIUnU0eXZfU2p5VkNZRGxOQXdXRGlYQmNUTTFxbVR4cGhJSFpfTjA1ZlM4UnU?oc=5&hl=en-IN&gl=IN&ceid=IN:en,"Mon, 31 Mar 2025 07:00:00 GMT",Forbes,news,business strategy,0,0
news_6169779037978258636,Risk and business strategy go hand in hand: EY - CFO.com,Risk and business strategy go hand in hand: EY  CFO.com,Risk and business strategy go hand in hand: EY  CFO.com,https://news.google.com/rss/articles/CBMihAFBVV95cUxQNlBqeDU2dFlRVzh3NTk1aC1FXzRkUE1qV3owcnIxcGJzWExuOVltclM4MlNZWDdZcDh1WHBtN3c1aUI2SWMzR0VEbDc5RlhkbnM2VHVZWGxKdG9KTFdlSkFKTEwzdHdmUmVnbDRoZWVuYTdOS0NYcXd0RjVXd1V3V193dXc?oc=5&hl=en-IN&gl=IN&ceid=IN:en,"Mon, 22 Sep 2025 07:00:00 GMT",CFO.com,news,business strategy,0,0
news_4922426081873627980,The C-Curve: A Strategic Framework for Low-Return Businesses - Boston Consulting Group,The C-Curve: A Strategic Framework for Low-Return Businesses  Boston Consulting Group,The C-Curve: A Strategic Framework for Low-Return Businesses  Boston Consulting Group,https://news.google.com/rss/articles/CBMikAFBVV95cUxPcnNieUliakZtRkJwQTgyamZHOGNBbFNpQnMwUG03c1VUN0FtZzFkeS15RHdTXzExVkFVTVFSWDdjMmpQMVUxVHlsT09wVmdpbHVYV1JkUEhlOWtoZnRqdDAxalViY3ljUmlXRURIMGRDTFBjUXVUTEdIMnJFbHNjN281dWlGdjhsWmNKamdmRlk?oc=5&hl=en-IN&gl=IN&ceid=IN:en,"Thu, 14 Aug 2025 07:00:00 GMT",Boston Consulting Group,news,business strategy,0,0
news_1151788268482921372,Why workforce health should be central to business strategy - The World Economic Forum,Why workforce health should be central to business strategy  The World Economic Forum,Why workforce health should be central to business strategy  The World Economic Forum,https://news.google.com/rss/articles/CBMirwFBVV95cUxPaklkNjFoUWE0QXloQ0RZdEZNUkRJdC1VUDFILUNobE5MLUVQVldfNXQwZy1sb3BHVko0UEhZMEJCV3dTMnRUN0pRZW05NElDVTVHY2EtWHIwczBwaVBZS3hwaVE5aHNNM1o0NE9DR1VzWVhkUWhCWUdFTE5OUzdYaTlnV042cGdVVXB6bHNIUHhPY1diREY1UWZTX01VOWNYd2xuQ2prQW1mT2pWM0dz?oc=5&hl=en-IN&gl=IN&ceid=IN:en,"Thu, 18 Sep 2025 07:00:00 GMT",The World Economic Forum,news,business strategy,0,0
news_4392862778572720000,Strategic Planning for 2026: What Business Leaders Need to Know - SHRM,Strategic Planning for 2026: What Business Leaders Need to Know  SHRM,Strategic Planning for 2026: What Business Leaders Need to Know  SHRM,https://news.google.com/rss/articles/CBMitgFBVV95cUxQOVFZcTB6NXQzZ2ZBeGo5WU9qZ2piTExqWXBYYkNtT1FFQXRBMkM1OUh6TFBzZXJPb29ncWdCN0hvakxzWTJ0UjFkRklfbUd5VUoxbl8wX3dEYUtrSmI3RGhhZmRURlgwRFdsQTB5cWEtcTB0aW5XaFJ3Tm9PcHV2aTNFMTdNWElrZTNISHFxc1NaNXNtTXFaZXFfejVLeEU1bTJwM21XQmsyTDh6eGxIcTlLdk1vUQ?oc=5&hl=en-IN&gl=IN&ceid=IN:en,"Mon, 08 Sep 2025 07:00:00 GMT",SHRM,news,business strategy,0,0
news_396000287381144012,"Future of business strategy must be customer-focused, Rice Business expert says - Rice University","Future of business strategy must be customer-focused, Rice Business expert says  Rice University","Future of business strategy must be customer-focused, Rice Business expert says  Rice University",https://news.google.com/rss/articles/CBMiqwFBVV95cUxPYUlLQjhTZ2ljZE1vUDZ1cl9HU0NTUHRzWmhqOUkzMVN2ZFlLc01vWE9sX09zQVpBdF8tZ2NzNzlYdjVoZG81Y2lkbjZ0VEhQNWtzaDl5VXd4YTZ1ZjB0R1hGcDRDOGcwYWY4ZXJNQTRGRWs2X0gwUko4eUk5NFVpVVBtUVBQNXlHMHB6SURVNVlOTEJ2NE1UYXlQZS1UVFk5SlZHbkRzdVB3dEE?oc=5&hl=en-IN&gl=IN&ceid=IN:en,"Tue, 09 Sep 2025 07:00:00 GMT",Rice University,news,business strategy,0,0
news_1172346149963714376,Giant Eagle Unveils Comprehensive Business Strategy - Progressive Grocer,Giant Eagle Unveils Comprehensive Business Strategy  Progressive Grocer,Giant Eagle Unveils Comprehensive Business Strategy  Progressive Grocer,https://news.google.com/rss/articles/CBMiiAFBVV95cUxQdTR0UXNMa2dZLThDNjBkMXB1NVZkdTZhZ1ZuVXVXS3lWQTkwQWZhQU04cURvN1pmczh5WVVCZ01ha1ZBQmtNdHBFVmc5WDByLWxFNzd4T0t5RlF0c2wzVlFhMU5yWVJZZ25KbE9NRzBQWmpNZnZSaWpjbS1QY3VaY3BkVnFIdEFB?oc=5&hl=en-IN&gl=IN&ceid=IN:en,"Thu, 25 Sep 2025 07:00:00 GMT",Progressive Grocer,news,business strategy,0,0
news_1598015568567028659,Shelby Fogan ’25 Named Industry Champion in The Business Strategy Game – NEWS - Bennett College,Shelby Fogan ’25 Named Industry Champion in The Business Strategy Game – NEWS  Bennett College,Shelby Fogan ’25 Named Industry Champion in The Business Strategy Game – NEWS  Bennett College,https://news.google.com/rss/articles/CBMioAFBVV95cUxNV0d3azhwcVV2bzdIenFwQjdDTVVLSXNGOW5LcEFrMmdTVWFWU0E0cnMtcVNsbjFFLTRRcHMwWXYzNWo3VXJ3Z0RSaWNUTzRGN1ZFa1ZiTC1tRVF2NkFkUDR3YWVNczc1T2s4LVZoeDlkUVNRUmFsT0c2d1VNYWdHcE5GUVVEd0kxZm91S2E4aVQyQml4WDRuYVVGbjhZa0Vf?oc=5&hl=en-IN&gl=IN&ceid=IN:en,"Thu, 19 Jun 2025 07:00:00 GMT",Bennett College,news,business strategy,0,0
news_5507014641469820392,FOBI AI ANNOUNCES LAUNCH OF “FOBI AI 3.0” — STRATEGY. ARCHITECTURE. EXECUTION. - GlobeNewswire,FOBI AI ANNOUNCES LAUNCH OF “FOBI AI 3.0” — STRATEGY. ARCHITECTURE. EXECUTION.  GlobeNewswire,FOBI AI ANNOUNCES LAUNCH OF “FOBI AI 3.0” — STRATEGY. ARCHITECTURE. EXECUTION.  GlobeNewswire,https://news.google.com/rss/articles/CBMi2wFBVV95cUxNbDJtZlZrMlFxemlXOWNTRk9WZzZGNFRYTXNaX1FRQVI0cFhtNFE1NzVzS0p2aThkYzVyUWFhaVFXOEJvOFowZllNNWNDbHpzc3EwNXdhQWEzdVZ2dkhyT2taSWJiZWxycXA1OWxDMHFHZXF5cEVQVDVkd1dUbjJtblFaU0taT0drZ0laUDJwenJwYXQtY0MxbXRpOEZrOVUtb0s1TWkzRmxSZ1FDeDFNS0taR2FhMF9wRmpOZEdnRzNkR3BYaVdzekJQajNGNlN4Z0dHV0NkT2QzOEk?oc=5&hl=en-IN&gl=IN&ceid=IN:en,"Mon, 06 Oct 2025 21:35:53 GMT",GlobeNewswire,news,business strategy,0,0
news_732677840348696616,How Businesses Are Harnessing AI to Transform Retail Strategy - CustomerThink,How Businesses Are Harnessing AI to Transform Retail Strategy  CustomerThink,How Businesses Are Harnessing AI to Transform Retail Strategy  CustomerThink,https://news.google.com/rss/articles/CBMikgFBVV95cUxNajZYWmRaTHVqeFg4S3BGVEpLSzJhTTRrSmQtUG10eDZfaURBYzVhb3F6OUFIczhLRWxocl9DM3NsLTN3bTl2TllWbkRMaWl4QzZKX2g3ODZUbkJfZUxWYmQxWUpzbWMwUXVpRVJ6SHhIeUZ0cS1PN1BXc3lCUHZ0YUJUbnJNVi03eHIzcXZTM1BtUQ?oc=5&hl=en-IN&gl=IN&ceid=IN:en,"Tue, 07 Oct 2025 14:53:01 GMT",CustomerThink,news,business strategy,0,0
news_8068873598224038176,Why brand generosity is a smart business strategy - Ad Age,Why brand generosity is a smart business strategy  Ad Age,Why brand generosity is a smart business strategy  Ad Age,https://news.google.com/rss/articles/CBMifkFVX3lxTE50MkpfZVQ5bW9LMUVpN1JHNlpZQVkyd1MwVWpBRXB5RGxDak1zNm1ySnBpWUo2MmNJWTdBdlE3V19LVF9VeUphblVLYzFoYXNJZXBEOTh1YUhwNG91LUdjN19Hd2JJSkljSUZoZnFxZlRqM1lVV0FJdGZ6VmVzUQ?oc=5&hl=en-IN&gl=IN&ceid=IN:en,"Mon, 18 Aug 2025 07:00:00 GMT",Ad Age,news,business strategy,0,0
news_1123443635197357110,10 Strategy Reads That Meet the Moment - MIT Sloan Management Review,10 Strategy Reads That Meet the Moment  MIT Sloan Management Review,10 Strategy Reads That Meet the Moment  MIT Sloan Management Review,https://news.google.com/rss/articles/CBMidkFVX3lxTE05MzJGM2Q1NEdaVF9PMmU4azVGWkxVei1pSm5nMlhSXy1rWXd6eHJkNURUbUN0dEY3Uzd4elJYTUdSQWhDc1VBSWdpb2RJTnV5OWtsN1EyTVZaUGRTSWRfY3dtaml0dzNqVVUxYW8zaGtueFZfX1E?oc=5&hl=en-IN&gl=IN&ceid=IN:en,"Thu, 26 Jun 2025 07:00:00 GMT",MIT Sloan Management Review,news,business strategy,0,0
news_2147562165046768793,Labubu success demonstrates the benefits of the ‘blind box’ business strategy - University of Florida,Labubu success demonstrates the benefits of the ‘blind box’ business strategy  University of Florida,Labubu success demonstrates the benefits of the ‘blind box’ business strategy  University of Florida,https://news.google.com/rss/articles/CBMiTEFVX3lxTE10UlBjbU1heldzR1NKWXVJYkQ0cUNhSEdIMzdpaFI1WEZYOTBEbi11amd3Q1NPSDV4UENTbEV0WTNoTlJqVUZzTk0xbVE?oc=5&hl=en-IN&gl=IN&ceid=IN:en,"Wed, 30 Jul 2025 07:00:00 GMT",University of Florida,news,business strategy,0,0
news_2913277321410564845,How company culture can drive business strategy and unleash productivity - wtwco.com,How company culture can drive business strategy and unleash productivity  wtwco.com,How company culture can drive business strategy and unleash productivity  wtwco.com,https://news.google.com/rss/articles/CBMiuAFBVV95cUxOMnRndGRsRFZkZDFDaHA5MmRRXzFONDRVSWdfd2xyck9qQXgxMzd5S1BJVHM1TWlwX0x6dlNCRS1XdnhnN1Q2cFpFRlVXZDlndWgxazFwOE5oV1hKTlZPUDZjY05yUFJ0aFpLY2VNT3FpckRieWg1X1dPYzBPWWcyMUhIelk3NzJfNlRFZ3dxN3lWcUYwcEVRel9rUVB1OUZnX3NBN2RBTkMyMzNqY25sZDhQcF9fY3lN?oc=5&hl=en-IN&gl=IN&ceid=IN:en,"Tue, 16 Sep 2025 07:00:00 GMT",wtwco.com,news,business strategy,0,0
news_7665778897701116195,The Hottest Business Strategy This Summer Is Buying Crypto - The Wall Street Journal,The Hottest Business Strategy This Summer Is Buying Crypto  The Wall Street Journal,The Hottest Business Strategy This Summer Is Buying Crypto  The Wall Street Journal,https://news.google.com/rss/articles/CBMi9gJBVV95cUxPSUh2eElwWlNwZkM4emE4SG1qUnVreXUxbGNTTlFCWFZQMVRvdk5FU0RhNVVIYWFUU0dUM0M0NGlKdW9sbmJjYjh2TWVwcnNlN1pJdGNTdHA1MTdNc3VhUkpsdjhHV3Z4Wmc3eDE3U2V3V1RWZFN1VzNlY2ZuRGRER280anY3anRIb2pHelcyNV8xTHpCNV80QXZxek1fcUNzTjVhRkYzVUZNbUx4NEc3NGVwLWdLYzh6S3VWVUV3ZmpTSkdWNmsxSmVEYjExckYxbFJsU0VFTjRhNExHYzZBbmtTdTdPZ0pWbUpVZzRxcFVyZ2JiNGVKaUFRczhvZEZuZlU0YVRJaWJZdVZ4Q2tJTmlLM1BGY0h6S0pUZDdiWVJjelAxZFBFVXJtVEFMdFVrMXdLQXJrOFhNRUpXU3RoNGpqb2NyeVgtWGxCSDZJdHpPSjdrQUxFSlZTX09TMzliVEJfbEszTjFScTFGSmdJMUVuN3ROUQ?oc=5&hl=en-IN&gl=IN&ceid=IN:en,"Fri, 25 Jul 2025 07:00:00 GMT",The Wall Street Journal,news,business strategy,0,0
news_8291827287490009852,"Is AI reshaping India's business landscape? CCI study finds 67% startups focus on applications, 76% use open source tech - Mint","Is AI reshaping India's business landscape? CCI study finds 67% startups focus on applications, 76% use open source tech  Mint","Is AI reshaping India's business landscape? CCI study finds 67% startups focus on applications, 76% use open source tech  Mint",https://news.google.com/rss/articles/CBMimwJBVV95cUxOTzd2TlgzUC1ic1RZbC14LUhpd1AwR3BYZ2pwQ2ZseTAtQms5QzRpTy1UdDhBdGhYWHNlSmJlTFFoQXFDc1NEWW53Rll5WVpvRzB3dkhhYUNEaU5Ub2hmak5VQnROQ3dVV0U3QTgxWWhld3JXUlNyZEhxNExFaFZfZzFHbmxFdDZrU0tnVU5jc0pUTHRPMFZIRWNwYlhwZjhBazFLLWlqVnlSLU9GbkZqTmQyajB2RDJLT0t6YlVoSE9ROENRVUFORFdzakhydE5lNm9UTlVKWTJrREZ3RGx1T01NSUowLWJadU45MnRCdkE3ZkFJVGd3dFpva2JsWEExdExtT21jS3VkM0ZhZFBacGprdmtsWnRxZTJR?oc=5&hl=en-IN&gl=IN&ceid=IN:en,"Wed, 08 Oct 2025 06:07:45 GMT",Mint,news,business strategy,0,0
news_2982904753600090712,Stratechery by Ben Thompson - Stratechery by Ben Thompson,Stratechery by Ben Thompson  Stratechery by Ben Thompson,Stratechery by Ben Thompson  Stratechery by Ben Thompson,https://news.google.com/rss/articles/CBMixAJBVV95cUxOS1kwaDlVMkpfOFo2ZjZGamdlajVfMkNNUWNuSW9QTXJGa2NzMFRWYVVvR0I0WlhnLW5RQno1aWRCSVR1X1JSZ0pGam4yOVFrMlA0ei12OWZGcW9Fb1loeGVpUWpIRmtObVh1ZmdmeTlnaEJIMUFINVNSa0NPVVpBZllFN3hockUtaW5zWkNwVzNkQnZMQjZIemxVMWcydGtqMGNLZHBOUzlvUV9SYVFxWTRTb21xei1YWm5hTS02WVQ5OE9oYjcxNm9ZdDBJWmRLcVQ5YzhmYVg1Y3ZIcjdVbS1RNlMwclRLaDlIZTJPWXBYNk1rOVZPaE5CX09WRXRYanR1TDdlOXRQUmtmZFhweDdNYzdINGRVYTNMWGdBMmFnNm9TcTJIMzVlREZKOW5Ja25ueTJBOGFsamJYdGdRalhZeWo?oc=5&hl=en-IN&gl=IN&ceid=IN:en,"Wed, 01 Oct 2025 01:56:19 GMT",Stratechery by Ben Thompson,news,business strategy,0,0
news_5452654094612616624,Kao Revamps Cosmetics Business Strategy to Accelerate Growth - Business Wire,Kao Revamps Cosmetics Business Strategy to Accelerate Growth  Business Wire,Kao Revamps Cosmetics Business Strategy to Accelerate Growth  Business Wire,https://news.google.com/rss/articles/CBMiuAFBVV95cUxOaDRfem5DM1JyUnlZR0dkMUdaS3FvMC1iTWtzdlB2S1N6S01iM2JNVEZfUm0wcktfazBER3pSd3NxN3ZVZEhxQ0VTOXI2bHBrNFVFWjcwTUFHYU9TaFR0TUE4YXIxbkdMQ3k4U09VYkJVR1pxR0xzUzZkeWpiREhfR1J1WE81S1piVW5ES25XOVJ3ZTlPamZMeDZXSzBrOVgyRUk4ZGtlRnRsR21OTm80WGVIUkJ5SEt0?oc=5&hl=en-IN&gl=IN&ceid=IN:en,"Sun, 28 Sep 2025 07:00:00 GMT",Business Wire,news,business strategy,0,0
news_1160173914686578529,How do you translate circular economy principles into a solid business development strategy? - The World Economic Forum,How do you translate circular economy principles into a solid business development strategy?  The World Economic Forum,How do you translate circular economy principles into a solid business development strategy?  The World Economic Forum,https://news.google.com/rss/articles/CBMizAFBVV95cUxPMlpYUlo1dktDSTUwYkVLcFB4VXNLRnFyMjdnWktyVmYwN1g4bGs1ZE1SZkdoeklkTEJuLW54NTA1VjRpLVBjMTVuRU1ueTVVVWRRTjJuWWdKVEYwVFVpNkJRTFhUVmpVb2pPejFXb2dRanoyN3gyNTJOVkp6dl9yUDY2OVZ3bFhZM0NBU0t6SUdpZDI3ajhPci1HZXlhU25ycFJGT0cxdTdGa243OHMxcDBXdnFDb0xTODVfaE5raEhiUkF2RXdRU2dHWHI?oc=5&hl=en-IN&gl=IN&ceid=IN:en,"Thu, 19 Jun 2025 07:00:00 GMT",The World Economic Forum,news,business strategy,0,0
news_4299820316109002781,AI rewrites the playbook: Is your business strategy keeping pace? - PwC,AI rewrites the playbook: Is your business strategy keeping pace?  PwC,AI rewrites the playbook: Is your business strategy keeping pace?  PwC,https://news.google.com/rss/articles/CBMiggFBVV95cUxOTmdicWxqR0w4UTJCRlA2U2dqSkJVNEtBTXFzMFZhdEpFbHg3cUJUNFYxRUdNeXRuMVlhVzAzUlZ6bHhsSHN4M3BKUUZWVUpvR0RiREE3ZUYtLTBkN2FzUjJvMWdPWjlJQ0VhTERyZkJyV1U1di04aWJoWnNleWlzZW5B?oc=5&hl=en-IN&gl=IN&ceid=IN:en,"Mon, 03 Feb 2025 15:02:07 GMT",PwC,news,business strategy,0,0
news_8212491067286028754,4 Strategic Imperatives That May Be Lacking In Your Business Strategy - Forbes,4 Strategic Imperatives That May Be Lacking In Your Business Strategy  Forbes,4 Strategic Imperatives That May Be Lacking In Your Business Strategy  Forbes,https://news.google.com/rss/articles/CBMivgFBVV95cUxQYzJ4QS1oS241MTU3WEF4MTJsV2JvTndQM1VSaDc4OU1ZR0tzVTFpUGlvVlhlYldYVkpuTkh1Mm5tRE83Y3RDblN1Z1hScUt1eHJ2UGZtYXVNRmhnUWx6aFlzc1pjVEpadldiVlRfSFBUUF9pemJMdTV4ZDBxM2NaQnJCdWFiaGlhLXpOUXdaUm1nY0RLd0p2SzUxMnlHNGpJa04zSHA3MGozb2VzemdpUllocjZubjBsQURIVzJR?oc=5&hl=en-IN&gl=IN&ceid=IN:en,"Wed, 06 Aug 2025 07:00:00 GMT",Forbes,news,business strategy,0,0
news_7766380835831554119,Maria Cornejo shifts her business strategy - Vogue Business,Maria Cornejo shifts her business strategy  Vogue Business,Maria Cornejo shifts her business strategy  Vogue Business,https://news.google.com/rss/articles/CBMijwFBVV95cUxNU1huaUpuNXdfZE91cG96T2w5cl95SjR0ZkdNRUhZYUYyV2lJQjBUSndDV2ZXTThmOUtqakNHYlVQbVV4TjdBRGdpWkI4Y0xHMEhLOG9SLTFnM0hIYmhCd0Z6aTl4a0lsQXNCVm8tZG45T3BlMEdtTFBhUWdpWVY1VlVSZy1VYU9LUHZTUHZ6bw?oc=5&hl=en-IN&gl=IN&ceid=IN:en,"Tue, 01 Jul 2025 07:00:00 GMT",Vogue Business,news,business strategy,0,0
news_8406474247980066996,What Uganda taught me about business strategy: insights from emerging markets | News | News & Events - Keough School of Global Affairs,What Uganda taught me about business strategy: insights from emerging markets | News | News & Events  Keough School of Global Affairs,What Uganda taught me about business strategy: insights from emerging markets | News | News & Events  Keough School of Global Affairs,https://news.google.com/rss/articles/CBMivAFBVV95cUxNSk1OYlhMVFF0LXJWSEtjT1c0aXYxME12cHJnaWdoUDAyc0RBX0NOcDJGZVM2YWUzUHI3dExCR0tLRlFtbGZDNy1lMjQ4MUhwOS15eFMzUkc0YVdiRmFoel9Ocm1YYTdzcHBMRnFfRW5vQjY3NUdOT3VaQTVoYWJqV3dEaHBYQkJ4ZHlGZnE1ZW41dnVLbVU3N1dpLXF6aVdCZjlTS3lRWm4tVGpia2RXVlR0bkU4cnFHNEg4Rw?oc=5&hl=en-IN&gl=IN&ceid=IN:en,"Thu, 17 Apr 2025 07:00:00 GMT",Keough School of Global Affairs,news,business strategy,0,0
news_8857045256706405771,UNIQLO Business Strategy - fastretailing.com,UNIQLO Business Strategy  fastretailing.com,UNIQLO Business Strategy  fastretailing.com,https://news.google.com/rss/articles/CBMibkFVX3lxTFB5LXJ6T2ZWbzNqNUlHRHJlcGlxay0yYkhnTzBZSHJ6czNXSzdianhYZ25LY2JibFJuS1l6eUgyVTNaRzBHZVNWQUlmTjMzdGRmU0l5NEpZWTlWLTFsajFnb1VMS1QzWHM2dnkyN25B?oc=5&hl=en-IN&gl=IN&ceid=IN:en,"Tue, 04 Mar 2025 08:00:00 GMT",fastretailing.com,news,business strategy,0,0
news_1830693279983661394,Why the multiples matter in business - Startup Daily,Why the multiples matter in business  Startup Daily,Why the multiples matter in business  Startup Daily,https://news.google.com/rss/articles/CBMilgFBVV95cUxOZW11MkV3SDNMdFpMdmtqLTVkMk5qeWtwSUx3dW1RNk0xMnhpSklTYnlyelJTMHRuSS1JWXlld1llU1VSWWNTTXRFU05yVlQta2NvemtWcnlLQjYyLXBiSmNJbEVhbDJkd002TElzSTAtZmtrUFdoaW5LVUVYNnIwLWwyUlkwSGoxN2padzRtQy1TbG5VNkE?oc=5&hl=en-IN&gl=IN&ceid=IN:en,"Tue, 07 Oct 2025 07:24:10 GMT",Startup Daily,news,business strategy,0,0
news_98488626049991198,Tech debt isn’t an ‘IT issue.’ It’s a business strategy - Fast Company,Tech debt isn’t an ‘IT issue.’ It’s a business strategy  Fast Company,Tech debt isn’t an ‘IT issue.’ It’s a business strategy  Fast Company,https://news.google.com/rss/articles/CBMitgFBVV95cUxQbTJ2cnpFYVVqeGF2TGJoRmZCSjFrdmNLckY4dFExM1dVTEFBRE81QU1walBDSlpKSGxoRW5lb0EtWXI5b3ZHOFBYZDEtaFRXNlEwTFdlX3hrUWphaG9tZG5XakVKWHNBc28zZnQ3N3hNZnhwU1ZobmZoaHJzZDd0Z0x3VXp1dkg4SG1QNGZaeFc0UF9yRy15eW5pMW5fR0hDaG5nRE5ZWDQxTHYzWXF4ZXZsV0Fidw?oc=5&hl=en-IN&gl=IN&ceid=IN:en,"Thu, 21 Aug 2025 07:00:00 GMT",Fast Company,news,business strategy,0,0
news_3666333931820671500,"Watch Wayve CEO on Business Strategy, Autonomous Vehicles - Bloomberg.com","Watch Wayve CEO on Business Strategy, Autonomous Vehicles  Bloomberg.com","Watch Wayve CEO on Business Strategy, Autonomous Vehicles  Bloomberg.com",https://news.google.com/rss/articles/CBMiqAFBVV95cUxPQktvM0pMN2ppR1VfX0ZmdHBzMXRvQ1VpM1Q1WEplNVBPeUpiTHFyakhxZzVnem1mUUt1X3JCV3dqXzFBY3VaQXhnUXo4TE82OF9HV0FUVmRUTUg3TTNVb3ctZVBVcEhoWFlpTFJjWlFoUm5CckVMVlozdXpFMlBJeHF5dVdFZzNEdHRaekFETkZNNWNCSHFfNnA4M2RtMGVtQm9qYXpwb1A?oc=5&hl=en-IN&gl=IN&ceid=IN:en,"Thu, 25 Sep 2025 07:00:00 GMT",Bloomberg.com,news,business strategy,0,0
news_3858268403537781451,The Hottest Business Strategy This Summer Is Buying Crypto - MSN,The Hottest Business Strategy This Summer Is Buying Crypto  MSN,The Hottest Business Strategy This Summer Is Buying Crypto  MSN,https://news.google.com/rss/articles/CBMisgFBVV95cUxPZ3puRWJPZDNtR050NXA2Rk9ZNEhTQVZsazY5ZTRNQlZZT25kWGVEMUdSMUJONDl3M3M3QUtTTVhrMnhCVUxjRFNmMDNrNjFWYXJZd0s4WGh1ak9WMm9lZmZ4a1B2bWs3dEZrcHA1V2lhQ0RwakpMaFI2Rm5hU3ZTNkVCenkwdlpLaDRPbnlFdFlRSlNKdnBCUGMtbTBCNTdqUUdpdkhvLTlTaWZCWFFiWVd3?oc=5&hl=en-IN&gl=IN&ceid=IN:en,"Sat, 26 Jul 2025 01:27:30 GMT",MSN,news,business strategy,0,0
news_1514755294298042113,The Five Questions Every Business Strategy Should Start With - Forbes,The Five Questions Every Business Strategy Should Start With  Forbes,The Five Questions Every Business Strategy Should Start With  Forbes,https://news.google.com/rss/articles/CBMinAFBVV95cUxQQk0yYVpLYVN3cE1OdlQ0ejZzVDBaeHBjNUVWcWxJaGpaTThlSzJOQTNCR01WYWV0MUx6cEVQUkdRdy1TOWc2UmxSVnQtRFBNQ21nRUw0MTItdkhzVkltOHVSazVUcFpHaGZvRE9wLVA3NFE0OGN6SG5aaXotcG9FVmJIY0dmQmNoSENoLUdkM0NvV0QxSGxqZHNUSmY?oc=5&hl=en-IN&gl=IN&ceid=IN:en,"Mon, 14 Apr 2025 07:00:00 GMT",Forbes,news,business strategy,0,0
news_2135994353798689211,Making circular business models a core part of business strategy - Ellen MacArthur Foundation,Making circular business models a core part of business strategy  Ellen MacArthur Foundation,Making circular business models a core part of business strategy  Ellen MacArthur Foundation,https://news.google.com/rss/articles/CBMiqAFBVV95cUxQYWI1dnNFX1BwVWtyeWFtOG5OaEFZTTU1Ykgzcm1CME5QdzZmTUNWQm1UcGJlREJhXzY4TXM2cVF6MktWNlEyaVZoOHBYZjBOaVh3U1Z2SDdQckRYc0VrVldLaWp3U25Gb3dHV0J0LTRUbmVhejZZZXBfTEJCSVRlc3JVU3QyTERMdW9Yd1BwNEhQNS12Tm1ESEU5ZzhrZUhnN2JxNGxIeWE?oc=5&hl=en-IN&gl=IN&ceid=IN:en,"Mon, 02 Jun 2025 07:00:00 GMT",Ellen MacArthur Foundation,news,business strategy,0,0
news_6556083171102001547,"How Double Materiality Can Help Drive Business Strategy, Innovation - The Wall Street Journal","How Double Materiality Can Help Drive Business Strategy, Innovation  The Wall Street Journal","How Double Materiality Can Help Drive Business Strategy, Innovation  The Wall Street Journal",https://news.google.com/rss/articles/CBMiwwNBVV95cUxQTE9WbWUzdy0wak9za2ROLTRHV0V2RDQwaUdCZW9YNDZJSUZPNF9MVEVPbFRTQkl4djJLcDNHTUZqb0l1eEhQTWlSOXpUSVhzNzRtRVRiRXl0UjhpeGp4VVoxTHlwMlVFTGwyWUhaRHlUcWxZc0MyXzNLUTU1MUFBQXZXeFUwM3ZHOUpHZUdHUW1kLWRwX0ttQ3J5bzNBbEJhYmIzZWN0ZENaVDlmY09zbUdIeHdueFpNMl81TzEzQzd5NGt6VjNWb1FNbVVOcUpHNlN4Ti1mVGtmb2xqV2xGXzZOdjFMcmVINnVJV3cwSmRpTEJvTmhEb3JIeW1kVFNkRUVuVTh3dXh5dE1LRUZUel84OHdjMHFNT2JleWZFaW5rbWNiTDZSSlZXTUpWXzQwNmE2eWlPUWRsUFNEd2RWdTRJYy1qYVl4OXJ1U3E5SzRyek1aVml4UlBIT0oyaktkc0xCbmtuUXYwNDRFaW1QcTVHUlA5WXdybE1ER2ZfbXF5VEk1akNIMjlXOFZ5S0ZadmpUdGxRVjVSRlBRUXJEYzRQVk1lUXNrdGRXT2NuXy1pRHlZNzVuQTFTaldiQjlPMEln?oc=5&hl=en-IN&gl=IN&ceid=IN:en,"Tue, 29 Apr 2025 07:00:00 GMT",The Wall Street Journal,news,business strategy,0,0
news_2280168359008610233,How to align ERGs with business strategy - Catalyst.org,How to align ERGs with business strategy  Catalyst.org,How to align ERGs with business strategy  Catalyst.org,https://news.google.com/rss/articles/CBMibEFVX3lxTE1WSjc5Y2UxeHV0R3N5d3RyQ2k3ZEZXc1JWZkZuZnoySmFKZzhuNldMY2V3SVdXWWpWd2NURHE5WENSNHFJUlF2Z29rTjdwbEdOWW0tMnFIY3Z0dWhZOVdQSTNMYnRqX1FoMUhCOQ?oc=5&hl=en-IN&gl=IN&ceid=IN:en,"Tue, 26 Aug 2025 07:00:00 GMT",Catalyst.org,news,business strategy,0,0
news_5159940803565578904,Bain & Company Named as a “Leader” in IDC MarketScape: Worldwide Digital Business Strategy Consulting Services 2025 Vendor Assessment - Bain & Company,Bain & Company Named as a “Leader” in IDC MarketScape: Worldwide Digital Business Strategy Consulting Services 2025 Vendor Assessment  Bain & Company,Bain & Company Named as a “Leader” in IDC MarketScape: Worldwide Digital Business Strategy Consulting Services 2025 Vendor Assessment  Bain & Company,https://news.google.com/rss/articles/CBMimwJBVV95cUxPSkFNelc0S3BCd0hJUlZiYXQ5M3JrUkFidFdfeGdJbTdzbG52T3FiY3NVaVBETi1wNHRoemM1UDJQR1RsRUhVVlViWUYybUZEb0JTajFLMUVxNGx4OVBoZnpxejhUdWFhaWtiYnJadWVmdUpNOWowVUhGZVpJcm1uZDY0T3BtTmlyY2NOOVkyRE9XVFFIakhFX2RkOFBEeTdqelVKRG5PY1ZGODAxbDBkMFhLX3lweUQ3ZElJbnRWQTlzMFFpS0M1cTFFeXZ2blI1TVdmSnBadU5YUWdDYTlZb3k3MzBDeGUzTTNhak9rc2Q4OVVycktndms3NlJqZkdaQjkyakFzZ1NNUmZLd0hrRldyNmljTU1Hb1Rj?oc=5&hl=en-IN&gl=IN&ceid=IN:en,"Thu, 04 Sep 2025 07:00:00 GMT",Bain & Company,news,business strategy,0,0
news_6785361187026813929,"GCF shapes new growth strategy with vision, intention and audacity - LINK nky","GCF shapes new growth strategy with vision, intention and audacity  LINK nky","GCF shapes new growth strategy with vision, intention and audacity  LINK nky",https://news.google.com/rss/articles/CBMiqAFBVV95cUxOY3daOGtKNGR5Z0xVVVNGdUU2VlRJWTNsMWhqUEU0cE5CMW9ka1VtWUZ1MzE1RlJLUkpxbE1hSlhKSHljVG9waWJVVnY1YzRuZ2s1ZG1hYV8wNkVDeDczZzRGN2Z6eFpzcFd1aURJU3BRUW1GYml6R0l4QVY5RnNKUjNHRGMzOEF4STc5LUZ1c25IWktpSWRGWmY2Zk05NDg1NGR4cFBXdGk?oc=5&hl=en-IN&gl=IN&ceid=IN:en,"Tue, 07 Oct 2025 10:00:00 GMT",LINK nky,news,business strategy,0,0
news_7834250814954838731,Embracing the Community Reinvestment Act as a business strategy - Wolters Kluwer,Embracing the Community Reinvestment Act as a business strategy  Wolters Kluwer,Embracing the Community Reinvestment Act as a business strategy  Wolters Kluwer,https://news.google.com/rss/articles/CBMisgFBVV95cUxPb1JhUS1uZVJRWl9RbEdYU0ZrcFpjN3NFZktqS0dEdk1IMFYxbGlVcFhnajNlRks0SXd5R2kxY1NGSlJIdngzYmtMYTg4RHA5V3E3UWNMSUtHRnRDcHR0a3BVMXBzeE9kU0ZLZ3NsNWJOMGRmVDd5U1FkNnk1d056cmhFaGJ1amw1TkY4SkV4cDNveDhGQ3hOdFl2YW1qbzdZU1ZxZ1BsZGd4MTY5TEZsOW1B?oc=5&hl=en-IN&gl=IN&ceid=IN:en,"Mon, 14 Apr 2025 07:00:00 GMT",Wolters Kluwer,news,business strategy,0,0
news_8444430274891615813,"Zillow exec says ‘remote work isn’t a perk, it’s a business strategy’ - Fortune","Zillow exec says ‘remote work isn’t a perk, it’s a business strategy’  Fortune","Zillow exec says ‘remote work isn’t a perk, it’s a business strategy’  Fortune",https://news.google.com/rss/articles/CBMid0FVX3lxTE1Ec29WSC1YVWFtV0ZBZHVpZFdPV0w4bFlhQ1ZZVnI3OW9PRjE2cGJzbXUtTzdpdWJuMExJS0RidkhUSmVnWWNxb0RVUnhfeWZvbDBlZGZoTmRLMEdZaXF0azRmMG9na0NNRTM4cktGUVhtd0FOOFZF?oc=5&hl=en-IN&gl=IN&ceid=IN:en,"Fri, 23 May 2025 07:00:00 GMT",Fortune,news,business strategy,0,0
news_8001330559908850248,Innovating for Impact: Decarbonization is Smart Business Strategy for EnerSys - Trane Technologies,Innovating for Impact: Decarbonization is Smart Business Strategy for EnerSys  Trane Technologies,Innovating for Impact: Decarbonization is Smart Business Strategy for EnerSys  Trane Technologies,https://news.google.com/rss/articles/CBMiwgFBVV95cUxOSUNTS3hydEZGcXdwMndTNGkwcGNkeS1paDBIUXF2eks2aC1fd2VfdkZUUWU1cGNxbHJIQ0dxSFl1QUVxLVRPdlN3anpteHFPWk50dXJiTk9MSThVYlpqZlA5TGpvRVVlck1uS2RUY3lael8zaU9aT2c4czJZOFdhM0hWVjFFYl9aODZlZXludjNiQzhPai1hSzVzbDAxOFBDMVV4Wk1XMDlxT0xjNVR6ZlRqa2xrTEJyVzFSU0JCaUJNdw?oc=5&hl=en-IN&gl=IN&ceid=IN:en,"Wed, 16 Apr 2025 07:00:00 GMT",Trane Technologies,news,business strategy,0,0
news_4038698093600155979,How Google Cloud drives business strategy - PwC,How Google Cloud drives business strategy  PwC,How Google Cloud drives business strategy  PwC,https://news.google.com/rss/articles/CBMijwFBVV95cUxQc1dhR1BKTmNSYnc4QVV6WUVERmJ6d0doS2hCU2lqT3BGd0FyeHp5eDVtdzRfSjRjaGNoNHM4MXlRUjM4engyTGR3R0lsMWNfejBmTnpjNmNnZHIxUWFEcTVGRUxRYXpLRzZ1MEZCeEJuUXZSaDlkV1U2eWtkZ2o1Q2V3NmFkMzh4cTJBQTB4cw?oc=5&hl=en-IN&gl=IN&ceid=IN:en,"Fri, 28 Feb 2025 08:00:00 GMT",PwC,news,business strategy,0,0
news_4946451903075156327,How embedding sustainability in its business strategy is key for VSPT - The Buyer,How embedding sustainability in its business strategy is key for VSPT  The Buyer,How embedding sustainability in its business strategy is key for VSPT  The Buyer,https://news.google.com/rss/articles/CBMiuwFBVV95cUxPYXY2X2FfQ0pOaUFLbE96Z1E4OUVvTHlIRzM4VllRRFROckxLZTJxMnpsdjN4U0taUTlqYmVsSXMwblAxRG9YYV9fdEtHYldDbjVmRlFZTkoxNU9XOGVQNVp0cUF6dWx2a00tNktYNmV2aFlRUGg1cS0xZ3V6d05FMmUzdW9NbTZYQ2hSb2lLRnhpTEJMdzdhejRlYmdyTzNQWTR4NFN5WjRhOGdHY080ODhrTmZhNDVZTXZ3?oc=5&hl=en-IN&gl=IN&ceid=IN:en,"Tue, 23 Sep 2025 08:01:35 GMT",The Buyer,news,business strategy,0,0
news_2552085459404932306,Struggling Maserati’s New Business Strategy Coming Soon - WardsAuto,Struggling Maserati’s New Business Strategy Coming Soon  WardsAuto,Struggling Maserati’s New Business Strategy Coming Soon  WardsAuto,https://news.google.com/rss/articles/CBMimgFBVV95cUxPOUNEak9feUZEbk5zM2VEZm9nU3VGVHJVbEd3dGFrWUI4TE1NdnUzNGZBZklSc1o1MWwtVUI1cGh1VDNTM3lINVdmTklzcGpXWHRIbHdQNFNNNjVaSUs4QmhWeUVHTzc3WXd3T0NaSk9pRk9ESmxQNlF2ampTZ2ROQlZYYk1FS3A3ejRkdDZ0SzlfSnN5ZzJvWkl3?oc=5&hl=en-IN&gl=IN&ceid=IN:en,"Fri, 03 Oct 2025 15:26:12 GMT",WardsAuto,news,business strategy,0,0
news_3390416977617652650,Shaping Business Strategy in 2025: Key Industry Trends to Watch - IBISWorld,Shaping Business Strategy in 2025: Key Industry Trends to Watch  IBISWorld,Shaping Business Strategy in 2025: Key Industry Trends to Watch  IBISWorld,https://news.google.com/rss/articles/CBMifEFVX3lxTE82SnRqQVI5UlpFTnBIQWxZclV0S2hnSngtem5Ja3dTMjJqWF81cVgwcnNTNXRySG5saEpjM0tCakdGSXZ3YlRESG5zYi1sTzlMLUdmek12bFpxam1sTFRCa0xnWUdHQ3FhcEQxNVRJYmFVQk9IbF83RWpEeHk?oc=5&hl=en-IN&gl=IN&ceid=IN:en,"Wed, 12 Mar 2025 07:00:00 GMT",IBISWorld,news,business strategy,0,0
news_4117793299560314075,Mind the Gap: Closing the Distance Between Learning and Business Strategy - ATD (Association for Talent Development),Mind the Gap: Closing the Distance Between Learning and Business Strategy  ATD (Association for Talent Development),Mind the Gap: Closing the Distance Between Learning and Business Strategy  ATD (Association for Talent Development),https://news.google.com/rss/articles/CBMirAFBVV95cUxNZTczaFdMT2NRZmwzWHZ0NjRJdHU3SFRxMjF2c3AtNGpPS05CWllaeExHcGFQdllZbnRYMENSd0NvZmhoc3NFNHJQRWYwaWo4dkhMQUtBM2w2UldEeGFyX0JmRVBJNlN2dmwzQnNZUHlSaUVfbnNXSGFabWd4UWh6NXZVNmlCUFU2eGZyMWpjZjhyQ3c2VWcxSUg3VHVfcVpoTjZVdjVNeWR1N2c4?oc=5&hl=en-IN&gl=IN&ceid=IN:en,"Mon, 02 Jun 2025 07:00:00 GMT",ATD (Association for Talent Development),news,business strategy,0,0
news_7792000278851778627,5 Key Trends To Shape Your Business Strategy For 2025 - Forbes,5 Key Trends To Shape Your Business Strategy For 2025  Forbes,5 Key Trends To Shape Your Business Strategy For 2025  Forbes,https://news.google.com/rss/articles/CBMioAFBVV95cUxOVzZBaXhSRjFWcnFkQUFSaTNQbXJ6REZxZ2dXSGMxcS1CMlVlZGdzc1FIOVFnTGdhVnhmd1ZIcW5CekR1b2tZX1BCekxlNGRDbjJxd2FwbElIWURPQUpES3BUY01Vdng2VHVHTEJTN2Y1S1g5OWRXTVNUblZCZy1rV3E4SWJIWUNxelA1aVRPN2ZWblVFenlCci1tbnJEbXFz?oc=5&hl=en-IN&gl=IN&ceid=IN:en,"Thu, 19 Dec 2024 08:00:00 GMT",Forbes,news,business strategy,0,0
news_7994700303529324743,4 key reasons that listening is a powerful business strategy - Fast Company,4 key reasons that listening is a powerful business strategy  Fast Company,4 key reasons that listening is a powerful business strategy  Fast Company,https://news.google.com/rss/articles/CBMingFBVV95cUxNUGJpVUtSNk5ESVhpRU9Hd3lQZEhqRjVYMGRPdTUtcFRWanQ5MXdIYXdqU1hoSTJxT2FJSng4Q29LcjdnTlVFR0VGX1pfenJyNDZsR1ZsZFBDSnVrS01VQnBUSHJTV2ZNTWRjTGRfTnFPZ1NTRG43MzMwdU1LLWJUcXZxYnVLMzBUTnlRQ1M1M1hGQXlMQThJRHJVbzhDQQ?oc=5&hl=en-IN&gl=IN&ceid=IN:en,"Mon, 09 Jun 2025 07:00:00 GMT",Fast Company,news,business strategy,0,0
news_8910768075279051461,Deloitte Maps Four Quantum Computing Futures to Guide Business Strategy - IoT World Today,Deloitte Maps Four Quantum Computing Futures to Guide Business Strategy  IoT World Today,Deloitte Maps Four Quantum Computing Futures to Guide Business Strategy  IoT World Today,https://news.google.com/rss/articles/CBMirgFBVV95cUxQVVVfSDdad2taaldPU2FwendmdWVXUmNmZ1NEOEhGNnFWMW5BalR2ZlJzSEJPR1ZVX2Y1dmhSd2Y1RDhoaHU0YmZmUmwzdW5EbkV3aHZQbHN2Sm0wUTdjOFk5X0tiUkVMZ0otVEVlUXRxTnp0OUIweDhwNmVsdE5SUkU1cUlRR2ptRVVBLW43aDNRaUZFdXRqR05iN0k5QWdvbFZqdk9IZ3FyQm8tOHc?oc=5&hl=en-IN&gl=IN&ceid=IN:en,"Tue, 12 Aug 2025 07:00:00 GMT",IoT World Today,news,business strategy,0,0
news_8940270978131230495,DEI isn’t a brand statement—it’s a business strategy - Ad Age,DEI isn’t a brand statement—it’s a business strategy  Ad Age,DEI isn’t a brand statement—it’s a business strategy  Ad Age,https://news.google.com/rss/articles/CBMid0FVX3lxTFAxYmdxR3pycVk1dDZja1Roa0lCOWUwaHpiU0hkSk9nQlZtMGhZYzJaNTRMLXp6ZGRfUnF6QUNwZjAzWmVWU2JzX0xXemZCYkQwLW9rRVlnSmJ5dllGZDJ0Q01qNk9LOEVHLU95Z19faTFLNHpfeFgw?oc=5&hl=en-IN&gl=IN&ceid=IN:en,"Fri, 18 Apr 2025 07:00:00 GMT",Ad Age,news,business strategy,0,0
news_1369774034372620551,New Appointment – Assistant Vice President for Research Operations and Business Strategy - The Dig at Howard University,New Appointment – Assistant Vice President for Research Operations and Business Strategy  The Dig at Howard University,New Appointment – Assistant Vice President for Research Operations and Business Strategy  The Dig at Howard University,https://news.google.com/rss/articles/CBMivwFBVV95cUxNbVhmTzZRZHBkOXVYM0NNYzZ6YW03bHR3LVFveTBRaUJ5djhRVDVOLVlRMF95enJ5RXBHeVZWSGwxXzJpZEhCd192WmV2emF3MmpSYW5aVDI3TjZISF9kMnRXMHZWa3dOMFRWLTU2TGlzQzh2blI3aHFiZWc3cjNQZVlHdFRfNXpicFdkem1GSThYbXZ1TW1GaGZCcTZlTmhvQ3o4Uk5Ub3AzYVM1d0FoLUdaZVlUSlh4d0FWLThNTQ?oc=5&hl=en-IN&gl=IN&ceid=IN:en,"Fri, 25 Jul 2025 07:00:00 GMT",The Dig at Howard University,news,business strategy,0,0
news_6701154750250189748,"Alicia Argüello: 'Every day is a mix of strategy, storytelling, and systems thinking' - Business Green","Alicia Argüello: 'Every day is a mix of strategy, storytelling, and systems thinking'  Business Green","Alicia Argüello: 'Every day is a mix of strategy, storytelling, and systems thinking'  Business Green",https://news.google.com/rss/articles/CBMirwFBVV95cUxPRmltRkhVX3diNUpsaTE3MklScDk2S21YbE1CV3ByRVNmN0VrX2YyZGJKNmZlQ2ZwcDd0d3pDMElBZjZvOHdJY2xsMS1GbWR5eFV5dVRjNmh4YXVickJLaFAtcHhMTG5hRjNoYzJjMkFWVTY2NWJqNm1NRnRWQWpfQ2tLUHNwVzhEdjBkLVVlNXloZVRNTUN5aFpLWE1teHhGMFBzVy1CWXBCVHpzYTA4?oc=5&hl=en-IN&gl=IN&ceid=IN:en,"Tue, 07 Oct 2025 09:57:06 GMT",Business Green,news,business strategy,0,0
news_8768037640376450255,Donald Thompson: Transparency is your most overlooked business strategy - WRAL.com,Donald Thompson: Transparency is your most overlooked business strategy  WRAL.com,Donald Thompson: Transparency is your most overlooked business strategy  WRAL.com,https://news.google.com/rss/articles/CBMikwFBVV95cUxPREwwVldBUHd5ZjVmblNueko0cDRlOHp2TnI2NnBILTJaQWZ0RU5IMkI2bnZiQ0ZqUy1CdVJkUUZMQXp4OTNEWWM5UUc4SDFWbTRBQVF3dDNvS0RHVFhIME1tVGd2dWlaY01BRS05aXVGOHFvNGJ4Tl9aTVVGTmpBcS1Fdld0M1dacEwtTXJDWEJSUzg?oc=5&hl=en-IN&gl=IN&ceid=IN:en,"Fri, 15 Aug 2025 07:00:00 GMT",WRAL.com,news,business strategy,0,0
news_4971010417836400003,Watch Lotte Retail Group CEO on Business Strategy - Bloomberg.com,Watch Lotte Retail Group CEO on Business Strategy  Bloomberg.com,Watch Lotte Retail Group CEO on Business Strategy  Bloomberg.com,https://news.google.com/rss/articles/CBMinwFBVV95cUxPbENUU1dINzhuMGQ3cVlIaW9xZ0FDZnA1QnFaVzJwMUtNVnZ0OWFpaGd5LTljV3RZank1NG55OXpJc1VHVVRiVG9GV3QwOTRXb2pGcDlZNDVQalBYcHN4NHhPWkJvUFVOZVBNOFVNV2lOZFdlTktkVUFickFhWHJfVVRQVFl6S3BiYm9TZENNXzYxVVYyU0RFQUxadGN0Z1E?oc=5&hl=en-IN&gl=IN&ceid=IN:en,"Tue, 16 Sep 2025 07:00:00 GMT",Bloomberg.com,news,business strategy,0,0
news_8171939555229836513,Why the Best Strategy for Business Success Is Doing Good - Inc.com,Why the Best Strategy for Business Success Is Doing Good  Inc.com,Why the Best Strategy for Business Success Is Doing Good  Inc.com,https://news.google.com/rss/articles/CBMinwFBVV95cUxPSlVVRGl3OUZXbGM5b0hvOVFEQ095YTUtb3hVZ0M4X3ktZVBZSHFGaXZSR0E5UEFTU0taeThodndBMUdleXhxd3h5ejN2LTNNUGJ0SHpEOWJ2WVRKY054a2dBM0RwUnJfZ09lLTBqZmNuU2FqeU1lM0wxOC1BYWpuX2czb01nOG4tajVxYTZXWGdNenIyRWJKakd2U0w3T0E?oc=5&hl=en-IN&gl=IN&ceid=IN:en,"Sat, 07 Jun 2025 07:00:00 GMT",Inc.com,news,business strategy,0,0
news_8839312755415586496,Middlesex Water Company Executives to Discuss Business Strategy at Virtual Water Utilities Conference - Quiver Quantitative,Middlesex Water Company Executives to Discuss Business Strategy at Virtual Water Utilities Conference  Quiver Quantitative,Middlesex Water Company Executives to Discuss Business Strategy at Virtual Water Utilities Conference  Quiver Quantitative,https://news.google.com/rss/articles/CBMizwFBVV95cUxPQTZvUXhacGRhRThkU0xIUUZHRlRXVTdrenNETkNiSTBKejh2c2dSY0ZqRS1nd1U0ckRTN3drTDF6RUlsa0ViMmJkZUdBX0RMZngtRnhDV3g0U0EtSVduYVNUcUtFaGE2RVltVmNPRzg5VWRnVjkzUVFpUUZFUkhNcUR0TEI2eF9oc1BSTDA2QlQ0TTRvUmR0WUVZczJ3d3pua0pZOVZwYjRQanNrQVhic3Y0NDVLeWNWS09Tc2hhTGU3dzIwaE01NEZKcXo0Yzg?oc=5&hl=en-IN&gl=IN&ceid=IN:en,"Fri, 12 Sep 2025 07:00:00 GMT",Quiver Quantitative,news,business strategy,0,0
news_7056935366683491440,Feliciano Students Rank First Worldwide in Business Strategy Game - Montclair State University,Feliciano Students Rank First Worldwide in Business Strategy Game  Montclair State University,Feliciano Students Rank First Worldwide in Business Strategy Game  Montclair State University,https://news.google.com/rss/articles/CBMixgFBVV95cUxOSVQ5bzF0cVdxRTh1TEJ0cFJ1N2tvVEZmaVNWcFpSUUIzRGRPQTFHNTdFcV9wN3BDR3hCME1qRW5BMC1SUE45Y3dPXzNta2pWQ19ybTlKcG1GeXZKY0p0b2NrbjJZTlpjQWJfWHN5aFpJbk1uREc4QkNXRDFXWlBnQjMzdEhvMERDSGx1cl9YbXFkeTlNVkNUMGU3bEhPZlBxa3ZIbTk2VXJBUG55ZnBPY296ZVdqUGV5SWZkU2lqQnAyYmVaOEE?oc=5&hl=en-IN&gl=IN&ceid=IN:en,"Mon, 27 Jan 2025 08:00:00 GMT",Montclair State University,news,business strategy,0,0
news_2142253237922793951,MGMT 439’s Team-E Ranks #1 Worldwide In Business Strategy Game – Feliciano School Of Business - Montclair State University,MGMT 439’s Team-E Ranks #1 Worldwide In Business Strategy Game – Feliciano School Of Business  Montclair State University,MGMT 439’s Team-E Ranks #1 Worldwide In Business Strategy Game – Feliciano School Of Business  Montclair State University,https://news.google.com/rss/articles/CBMiqwFBVV95cUxPd0J1WG1QSTJfbzBmc19UaFNxQzV0LVFYcmpZZ2RxU216SFl3emRvMVpJMV9kRnozQWhMX0tNLXJvb3JHX3RUdkJkSUpUTEVSSjhNd2xQa1dXSDhYY09DTzI2WDZscFpBX01kTTdLczkyRjhCdDFXNmM5cGN5X3hNeFZLbFJoNUpWeUxJbzZBZXJQR1J1empFbjhwbE13X003QWlOcnFoZXpvNG8?oc=5&hl=en-IN&gl=IN&ceid=IN:en,"Thu, 24 Apr 2025 07:00:00 GMT",Montclair State University,news,business strategy,0,0
news_7388046354625605172,"Lean Strategy: Make Smarter Moves, Faster - Bain & Company","Lean Strategy: Make Smarter Moves, Faster  Bain & Company","Lean Strategy: Make Smarter Moves, Faster  Bain & Company",https://news.google.com/rss/articles/CBMihAFBVV95cUxQMTlyQWVLS0FkRV9TY1AtZVhvOG9tRnExb0puZnp2dnhNUzJZekl5bkpHdGNUOHRXQzE1QW81ZWZXN1haUmVwektUckpKT3dsV1I3a2RiVUdZWjJLZ1YyZER5UDlvanVSY0RmMldCVmFSMlh5MVBkWVNTcEFxY1hvUUxxWmc?oc=5&hl=en-IN&gl=IN&ceid=IN:en,"Wed, 11 Jun 2025 07:00:00 GMT",Bain & Company,news,business strategy,0,0
news_2185121179639765004,How to Make AI a Core Part of Your Business Strategy - Entrepreneur,How to Make AI a Core Part of Your Business Strategy  Entrepreneur,How to Make AI a Core Part of Your Business Strategy  Entrepreneur,https://news.google.com/rss/articles/CBMiowFBVV95cUxNVWR2Vks3SFAyRUFjRW4xMGNTMkQyNjhMSDB0M3FPdmtPNkdBSjhPV1VqRjJuQTNpWGxmOU9ieVZoVWU0VGJ5cy1hNlFUTGdBWU5ZQ0RDWVZEUVZuYkNFUmVFYjBNZDhSWFpzMFdfSGVtR3Znb2pYaEJLelJ5OXo1NERBVmdXY3F1WERKUVNheTNjN2xrTUM2eW9xejU4OXRpUHhB?oc=5&hl=en-IN&gl=IN&ceid=IN:en,"Thu, 24 Apr 2025 07:00:00 GMT",Entrepreneur,news,business strategy,0,0
news_8497041872446230661,How AI is transforming strategy development - McKinsey & Company,How AI is transforming strategy development  McKinsey & Company,How AI is transforming strategy development  McKinsey & Company,https://news.google.com/rss/articles/CBMiwwFBVV95cUxNdWx0QkRxUXU5SzNGcVF5dklIVDA0OTh0dUxBYTMyOWY0UUIxczlyOTdYUUFrNlZCS1FCcTMtSVd5YzVqeUhFOFh2RU1iZzN3dFVCWklHYXZ6ODlXc1l0SWp3X2lHcTVSNUVLYVhGNDFrU2VKeDdXR3FhMXAwMDhTWDBVQThSZEtlazkxVTNHQVVnWnNrVXZibTd5RlJZOGxtYmlBUGtacWNxdHowUUZHdl9udVF2REFBcnFiVTRKUFNrcHc?oc=5&hl=en-IN&gl=IN&ceid=IN:en,"Wed, 05 Feb 2025 08:00:00 GMT",McKinsey & Company,news,business strategy,0,0
news_8724521323739331010,"How AI Is Reshaping Leadership, Labour and Business Strategy - Entrepreneur","How AI Is Reshaping Leadership, Labour and Business Strategy  Entrepreneur","How AI Is Reshaping Leadership, Labour and Business Strategy  Entrepreneur",https://news.google.com/rss/articles/CBMisgFBVV95cUxQaFhvS0locmFLWk40UEVqZGxxTS03aktqY3oxVU9XRDNmYTRCblFncW9zTE1vaDNkMV94aVlGSHgyaHZJMHRpd0hyS0JCX0huWWUxSlNDSkd4MjRsTFNLek1hVHQ1VEE5aHRwTVU1SnI4RTRKcFRNWjRHTVFxR2h2OE5oU19XR1MxdFpidEYwbThnSDdNSmlxQnlyM19ueWVwN0hxR2Fxc2FvS2NJOXVCTzlR?oc=5&hl=en-IN&gl=IN&ceid=IN:en,"Mon, 04 Aug 2025 07:00:00 GMT",Entrepreneur,news,business strategy,0,0
news_1870933864513643929,TACO BELL® UNVEILS BOLD BUSINESS STRATEGY FOR A RELENTLESSLY INNOVATIVE FUTURE - PR Newswire,TACO BELL® UNVEILS BOLD BUSINESS STRATEGY FOR A RELENTLESSLY INNOVATIVE FUTURE  PR Newswire,TACO BELL® UNVEILS BOLD BUSINESS STRATEGY FOR A RELENTLESSLY INNOVATIVE FUTURE  PR Newswire,https://news.google.com/rss/articles/CBMizgFBVV95cUxPb01oSzV4TllqcWN4QTY0QnhzNVNQMFV6SzJHV0pFSXBnaTI3bkU2dGNMUjZHWW1RRkFWNUhmM2lvTjBpZ0Z3cUo0dm5jUm8xVEROYVFCNEJPdXVOX2lYWlhGX2JQbWNBOHpobUlidXlycmp4ei1iN1hTUURycHpVamdWemlBUWpaVDlLNHN0ZUFhYkR3SnEyZ2VncEJ5Q2pQU1c4YVZSdmc1eWlZNGd4X1lzb3l3OFFxNHYzd2Z0RUpVZmctVWVZWkhxczU2Zw?oc=5&hl=en-IN&gl=IN&ceid=IN:en,"Tue, 04 Mar 2025 08:00:00 GMT",PR Newswire,news,business strategy,0,0
news_9094784597317326080,The Group Strategy - Volkswagen Group,The Group Strategy  Volkswagen Group,The Group Strategy  Volkswagen Group,https://news.google.com/rss/articles/CBMibEFVX3lxTE15ckwxdi0yWEE0TEYzWVFITE4tcXRxdl9JS3R6OUloOHFXVzJqbk1RMlVMRTRBZ3RyWUt6WXoxR01zaGdVYzJzcFZPbHdQT3Q2em11ejhPSzJ6QlVheVVBSDhCZFNqZzJmU3A2OA?oc=5&hl=en-IN&gl=IN&ceid=IN:en,"Tue, 11 Mar 2025 06:33:30 GMT",Volkswagen Group,news,business strategy,0,0
news_2132840514003610381,"How Trump’s Second Term Could Reshape Business Strategy: Tariffs, Tax Cuts, and Climate Policy - Columbia Business School","How Trump’s Second Term Could Reshape Business Strategy: Tariffs, Tax Cuts, and Climate Policy  Columbia Business School","How Trump’s Second Term Could Reshape Business Strategy: Tariffs, Tax Cuts, and Climate Policy  Columbia Business School",https://news.google.com/rss/articles/CBMikgFBVV95cUxNcFhHMWNFd21hTmZJQWg2UXd1SWtscTNyUGNjaXdmTjBUM3NFQUd4cFU1OVgtcklNb0w5Q3UwQ0R2NURYWTBZb09jd1VOM2JfUGpQQndUSXRRTE84dW5sTUlKaExjdzBaZXVLQWpUZ0wyWnJ0NW5CbEY5UTIwTUh3ZUVaMUJpc0k5WmxFd1RDZjB6dw?oc=5&hl=en-IN&gl=IN&ceid=IN:en,"Wed, 15 Jan 2025 08:00:00 GMT",Columbia Business School,news,business strategy,0,0
news_7496091044107177609,Watch Silicon Motion CFO on Business Strategy - Bloomberg.com,Watch Silicon Motion CFO on Business Strategy  Bloomberg.com,Watch Silicon Motion CFO on Business Strategy  Bloomberg.com,https://news.google.com/rss/articles/CBMimgFBVV95cUxPb2pwNTlfbWZsUXV4YUNFVTQ4eWdpX0p3QlFDZWpabHBQdVo0OG52TWFseUZzQVVkbEV6Sk9UR2VJWlBqNjJxMFdadGlmV0xwdnpIc0gzdjJSZWFJLXJsQkRSX1RIWS04b1dXaFF1N0NQbzFUTmM5bFhPTWctNWltVENvZ3VaUG42N1dpT2JnOXZXNldBclJGaEpB?oc=5&hl=en-IN&gl=IN&ceid=IN:en,"Sun, 07 Sep 2025 07:00:00 GMT",Bloomberg.com,news,business strategy,0,0
news_5289121770227127955,(PDF) Analysis of Procter & Gamble Company's Business Strategy Based on the Harvard Analytical Framework - researchgate.net,(PDF) Analysis of Procter & Gamble Company's Business Strategy Based on the Harvard Analytical Framework  researchgate.net,(PDF) Analysis of Procter & Gamble Company's Business Strategy Based on the Harvard Analytical Framework  researchgate.net,https://news.google.com/rss/articles/CBMi4AFBVV95cUxQVmg4Nzk5MVQ3Yjd0WlZna2hFVVFhODNPMkVPUVpHT09LSExuaGhtcnlURGRCbHU4YXQ1VGpCcS0zVVJHYWhrQUU1QlkwQ2N2bVdMUnl1eWQ0bkp3OWhINXM2cnFael9rLTJvTmZuZWhoaDZJS1l5Slkxc3QyYXplWFRZdkNieENtZlRUTU9LTTlNQnpzYXBPdlNibEppOVpZT2hfYTAwXzRrc0RYdWQxMnp4RWhUeEtiTDdDYjk0QkVVTGkwZWY0dGlwMFFZdmc5X0RIUmdNWXl0aWJuRHJPTw?oc=5&hl=en-IN&gl=IN&ceid=IN:en,"Wed, 06 Aug 2025 07:00:00 GMT",researchgate.net,news,business strategy,0,0
news_5385500085558209029,"Xero to Acquire Melio, Advancing Its U.S. Small Business Strategy - PaymentsJournal","Xero to Acquire Melio, Advancing Its U.S. Small Business Strategy  PaymentsJournal","Xero to Acquire Melio, Advancing Its U.S. Small Business Strategy  PaymentsJournal",https://news.google.com/rss/articles/CBMinAFBVV95cUxPTkRlTG8xUkhNVkdub3FnMEJNUnRkaUZpN3BCVGd3a0RiOXhzZTNFSXhLcXlaWm1PU3JtaHBOdVRVREZRN0pwNlFGeHI3MzY0SW9KRXlKY2FvazdMdEhoblQxZzgtTzlsbElGS1h5c2pjdzlOQ0JEWW9aSHBVaXBrX05NV3VvNFhhcDFNcHBZQkRFWVFONU5SSmpVd1DSAaIBQVVfeXFMTmFMTHNIY2wzMVNmOGVpNFNNMXNfWFpsTjAwbTIwUTlBWnVEUDRfaUVwdzBlLXk0bndIYUlMT3ItNFlPbVRKaWRMZ3pRbWN4TVB1Ym1kZXgtSk51Si1WWDFCREZQRnBnbnZob0FOcjFSTDQtdGgxX0U3QjN6eGVzU0JnejE3ay1zSnFVM080TDBXZ3pFRWM2WTZmU2dSdDFoTmdR?oc=5&hl=en-IN&gl=IN&ceid=IN:en,"Wed, 25 Jun 2025 07:00:00 GMT",PaymentsJournal,news,business strategy,0,0
news_2279058440172328056,Principals Need Help. Here’s One Company’s Strategy for Stepping In - Education Week,Principals Need Help. Here’s One Company’s Strategy for Stepping In  Education Week,Principals Need Help. Here’s One Company’s Strategy for Stepping In  Education Week,https://news.google.com/rss/articles/CBMiwAFBVV95cUxPTk1wczIyVUJYak45QUVCcWFTb2ZQc3JUeEtwOUZ4R2pCUDBfQVFJMDR2Tlo4VVhwT09NSmQ5YlNNeExTZ2d4TFZDOFpTalEzQWJxbHBCa3BCUDZsdjZIV1h5WENiOGU0MV9BQ1VYc2JVQ2QxNFEyOW1sQTdSNVZ2OFZPcXA4VWZVZEJPTVBMaTdQanRPZmk5dlNVS0Z0VTlYaFl3bzBGOXBmOG5ENjNsVkNJd3phQXpaVHFzUHVUdDU?oc=5&hl=en-IN&gl=IN&ceid=IN:en,"Fri, 08 Aug 2025 07:00:00 GMT",Education Week,news,business strategy,0,0
news_4910764622296919956,Taco Bell unveils business strategy for future - QSR Web,Taco Bell unveils business strategy for future  QSR Web,Taco Bell unveils business strategy for future  QSR Web,https://news.google.com/rss/articles/CBMigAFBVV95cUxOcGJ5cGE2dUM0NGctdWU5alhUZmRYTzMwZlZXUHR5clNRekY0Q1UzekU4WElzaGRSaDFTckxUOVI1NGpCdkEtY0Q1SnIybF9ZdkxBTThNSmJpOS1aNXBzOUhuRjRaZmJfU3lmdTFiWHlBT0VQaGo4WTFPckhBcVNTbQ?oc=5&hl=en-IN&gl=IN&ceid=IN:en,"Wed, 05 Mar 2025 08:00:00 GMT",QSR Web,news,business strategy,0,0
news_8495410394943437693,Sustainability Is No Longer a Choice for Your Business — It’s a Core Business Strategy - Entrepreneur,Sustainability Is No Longer a Choice for Your Business — It’s a Core Business Strategy  Entrepreneur,Sustainability Is No Longer a Choice for Your Business — It’s a Core Business Strategy  Entrepreneur,https://news.google.com/rss/articles/CBMisAFBVV95cUxNcHFiREhQdEVCMzhvUzVVVjBWWFhuWF8xUFIteE5Qd25ZODRhZElQc29fRURITXZaWjU2eVhWZEg4LTVTMDRISUt6RUtxdDlwVGVpYXF6VmZXSU1OcThKd1ZyREFuUWNPdW9BVVlOMFBxaVZHR3hjSVdFX3BkRmZrT0NiTUctbkJnQTk3bzN0YTY1YnJST2JwQlhBTlVzS25TbVNfSS1SazVSaVU1Z1RzXw?oc=5&hl=en-IN&gl=IN&ceid=IN:en,"Mon, 21 Jul 2025 07:00:00 GMT",Entrepreneur,news,business strategy,0,0
news_4070272569326098655,EPISODE 93: What does a successful digital business strategy look like in the pet industry? - PetfoodIndustry,EPISODE 93: What does a successful digital business strategy look like in the pet industry?  PetfoodIndustry,EPISODE 93: What does a successful digital business strategy look like in the pet industry?  PetfoodIndustry,https://news.google.com/rss/articles/CBMi9wFBVV95cUxQczlHU181YjJvN3hqYmNTa3YyT0NycW1GQlFFdjJVdEEwVXBxQ0Jmb3l6RUxLaVd5SDFNakFhWkJUQjFwQzd4NzdraEw0bk5SZDNqRnVRdFhLa1g5cEtrdC1aV0RvOVN0U0JadmJVcWgyeFg2a3ExazdXbXFLR1o0aFc3VjZ6a3ZvbjZfRGJsUXRzSGJmTlFhb0tQWWJyR3lhajVyZkhSV0RxOU1aVU5kN0ZCZG5aQWpLTDFfVVhlU2prSWR3eUJBdnBBa3R4U2FUODJXaGZsMW1SMGdYQU52VkhTbFJ1cnRJU2pUdlB5UFZzN001N2dR?oc=5&hl=en-IN&gl=IN&ceid=IN:en,"Tue, 26 Aug 2025 07:00:00 GMT",PetfoodIndustry,news,business strategy,0,0
news_3116326858424399401,Extension and Maine Business School offer day-long business strategy and resilience workshops - Daily Bulldog,Extension and Maine Business School offer day-long business strategy and resilience workshops  Daily Bulldog,Extension and Maine Business School offer day-long business strategy and resilience workshops  Daily Bulldog,https://news.google.com/rss/articles/CBMixwFBVV95cUxNVlJVOVJaN1ZQYkJ3WVhtb3JXOVd1NlVoU1FjQm1yVDFCbFpJYkdrWGJuazBYR0Nab0d0UjZJN1o5ZFp5ekFFMDlsNjdMMkhkMnFBcklobG9XcFdkejF2NkxJUGt3Vmg1UlNGd3g4WHlvemZ3aVozZEhoSHdpMkdjNWNVSE5QYzZIUVlYeTc1T1dJOVdzMWV4ank1RGhvTFNVQUlzRTZQSFp4bHhscGF3ZVdIa1pNY1NTSmpIeTRyUUVTeGNuT2Iw?oc=5&hl=en-IN&gl=IN&ceid=IN:en,"Sun, 17 Aug 2025 07:00:00 GMT",Daily Bulldog,news,business strategy,0,0
news_8122308044358974083,Business Strategy - Honda Global,Business Strategy  Honda Global,Business Strategy  Honda Global,https://news.google.com/rss/articles/CBMif0FVX3lxTE5QV3NWc0hUZlg0YnhiVXJaeWlTNFhlZGlWY29iS3l3MXZSVEZEcFhnOWxKU2lFTzIzNG5VbnZVdzYxNElIRFlqaEFsbnNUa1FRSjRLdUE4QjBiNFNaZGtIeHVOVW5ZWmhvVVp6enJWcklBUU5Rdk1MaVJzQmFNV2s?oc=5&hl=en-IN&gl=IN&ceid=IN:en,"Tue, 19 Nov 2024 03:21:26 GMT",Honda Global,news,business strategy,0,0
news_7221578764350111181,Hoping for God’s grace is a dangerous business strategy - McKnight's Long-Term Care News,Hoping for God’s grace is a dangerous business strategy  McKnight's Long-Term Care News,Hoping for God’s grace is a dangerous business strategy  McKnight's Long-Term Care News,https://news.google.com/rss/articles/CBMiowFBVV95cUxOUnhWdGdMcWhqNzBWemZkWUhscmw4US1ic0FTMHZjMGI3QklqSDlMRjIyM0Q2MmhxTkg5cFFQRjBQalNwMDMtd2tCTi1xcmNlOWJGamFTc2JTaS1KeDFPR0h6QTVwdTM5Ymxlenh4a25yUTZUbXlWdE1QZUlVaGl2OTZpTndxajVHMVEyS0hrYkVfM1VIYVJubE9RaFkwelVBMGpr?oc=5&hl=en-IN&gl=IN&ceid=IN:en,"Sat, 30 Aug 2025 07:00:00 GMT",McKnight's Long-Term Care News,news,business strategy,0,0
news_8884325022818529907,Struggling Maserati’s New Business Strategy Coming Soon - WardsAuto,Struggling Maserati’s New Business Strategy Coming Soon  WardsAuto,Struggling Maserati’s New Business Strategy Coming Soon  WardsAuto,https://news.google.com/rss/articles/CBMilwFBVV95cUxOaDEzeDN0My03bkxMU1NhZWFhdlBGYmVVbnN2a0pSVUw3U3d6VWlUclZ4Q2YwZEFNd2JSZ1Y3dkdLRTNQUHZaSGpYZzdkUkFtODQybXlxNnFweTc0M2p5bE9nbDRhUkEwblF2Tlp6UzFJMEtZcnBhSm8wZENQV3RuVkQ2T3Z2NFNhSjlVODdRUzQzOWlYaTNn?oc=5&hl=en-IN&gl=IN&ceid=IN:en,"Mon, 23 Jun 2025 07:00:00 GMT",WardsAuto,news,business strategy,0,0
news_8369489966805422779,"Watch Northern Star CEO on Business Strategy, Gold Outlook - Bloomberg.com","Watch Northern Star CEO on Business Strategy, Gold Outlook  Bloomberg.com","Watch Northern Star CEO on Business Strategy, Gold Outlook  Bloomberg.com",https://news.google.com/rss/articles/CBMiqgFBVV95cUxNS0NNSGhsZlhraXI4ZndYMU1VaEgxWFYxdFhhS2xEbjhMOHFXaE5ObkRaaC1kbzAzTFotdjBQVXVzNkx0UThuSURwQ1NRbWFBZE1wWlNUcml4alpmMFJGZGFBdl9ENUEycTVMQ2lleVJ6MjRUR3BJOTFneDY2dlhXRTY2ZXVSeE1BeWMyVWNoMEFWVnVJZ0MyTUtBZXlHMnVfcFdicGRQdmNXQQ?oc=5&hl=en-IN&gl=IN&ceid=IN:en,"Wed, 20 Aug 2025 07:00:00 GMT",Bloomberg.com,news,business strategy,0,0
news_2269498775203405351,"Triple Threat: Supply Chain, Climate, and Tech Risks Reshape Business Strategy - Risk & Insurance","Triple Threat: Supply Chain, Climate, and Tech Risks Reshape Business Strategy  Risk & Insurance","Triple Threat: Supply Chain, Climate, and Tech Risks Reshape Business Strategy  Risk & Insurance",https://news.google.com/rss/articles/CBMiqAFBVV95cUxPTjUxd0hfR09RWF9sdno2Y3A3ZTNEUWJBYlA5ZGVBTTZabk11a2RTVXFjeS1hbVRWZ1UwY202WTNMN0Vad3pWa0JLQ3lJMnZkWGRrbGhySllTNUE1NEg4b3FSdGhFcEZNRHlpSFp4VGF1eHltWFdYRFpRNzNlMnpCQXZmTnlnSFVvYXhoZHppUFdTVTVqNUVjd3ozVWVVV0RDWER5RldMY0E?oc=5&hl=en-IN&gl=IN&ceid=IN:en,"Tue, 03 Jun 2025 07:00:00 GMT",Risk & Insurance,news,business strategy,0,0
news_1193274615606145394,Pre-Two Sessions Macro-Economy and Business Strategy Briefing (In-person Only) - The US-China Business Council,Pre-Two Sessions Macro-Economy and Business Strategy Briefing (In-person Only)  The US-China Business Council,Pre-Two Sessions Macro-Economy and Business Strategy Briefing (In-person Only)  The US-China Business Council,https://news.google.com/rss/articles/CBMirAFBVV95cUxNcGEwdjF1bkNXWmN2VmlfU0xybGpweXMzSXNSUVlHSFRnQUZMWWZtM2pNUkdHTkVxQldxQ1Q4T3hJa0RHRFRFa0hZMVhDWFFNV1VhMmwtY3hPanVDM2Rrc0NRendNcFNwcVlVb2swQXFHaEVvQndkVnZxWUg5b0JaYUh4YVd0Z2JLQVZkVE1CQkNuVkh3T0VuUXR6aTByal9tcGY0ZkstNWVLS0xL?oc=5&hl=en-IN&gl=IN&ceid=IN:en,"Thu, 27 Feb 2025 08:00:00 GMT",The US-China Business Council,news,business strategy,0,0
news_6122558699338388519,"With patent losses on the horizon, Amgen refocuses its business strategy - PharmaVoice","With patent losses on the horizon, Amgen refocuses its business strategy  PharmaVoice","With patent losses on the horizon, Amgen refocuses its business strategy  PharmaVoice",https://news.google.com/rss/articles/CBMipAFBVV95cUxQZGo2ektNYlc0Y1lnVy05MDA3dFhrdXNVVzdHWV9kNkhTU2FuQktFY1MwM1dCLXl1Q1VrTWNUNVZfZ2pMU0JGOVF1MWVXTmplaDZjdmdoSkVPcGw1TG9EQ3pZclp5bGJZSlR5NmhUc1hxdHBTeEdzU3RYQWFUMUtxVWhIQVNkSGk1LVFYV3M5TjFabFBvWVQxeG5qZ0czMS1FbUtCaA?oc=5&hl=en-IN&gl=IN&ceid=IN:en,"Wed, 05 Mar 2025 08:00:00 GMT",PharmaVoice,news,business strategy,0,0
news_5798805067268721617,Stop Isolating Your AI Strategy And Make It Part Of Your Business Strategy - Forbes,Stop Isolating Your AI Strategy And Make It Part Of Your Business Strategy  Forbes,Stop Isolating Your AI Strategy And Make It Part Of Your Business Strategy  Forbes,https://news.google.com/rss/articles/CBMiygFBVV95cUxPZmNRdzBEUm9lZXlJeFBnWk1aYlZBVGZuNl9xYmR5akNYS1Bwa2k4MXJER2NPbnZKMmhLM3NSOWFySjBYWnJYdlpfTU1nRWlNb3ZaSkJPZmlycVJ6QUJPTlpoeW5OOU81b1I4YTRfNTJxQ1F3a2o5T0ljNko4aUNkb18taWJTVVkzQjJFWkhnUXFfcEMwckxGbHFEMDhMNENDMHhpVlQ0OWMzRVF0bE41VTBjZ0h5TWxSSHVwX1hTNE9UN2llRUFGaEln?oc=5&hl=en-IN&gl=IN&ceid=IN:en,"Wed, 22 Jan 2025 08:00:00 GMT",Forbes,news,business strategy,0,0
news_1510488184602717308,(PDF) The Role of Social Responsibility in Company Strategy - researchgate.net,(PDF) The Role of Social Responsibility in Company Strategy  researchgate.net,(PDF) The Role of Social Responsibility in Company Strategy  researchgate.net,https://news.google.com/rss/articles/CBMipwFBVV95cUxPSWRPM1Z4aVVmUnVPb0c0TTFvVHNuMW1zWmNYT1VKc0htNXNHLWxiMHdNR0tJV096T2Z1WS1xcHJVazRvWmZ0bS1IYzRUemt5R0Vlb3RXejJJX0F3cmhWY3Q3cGNVSmFVX3hQRlVUd3lmd25CM1FYcjFVZG9LRlNzSlFsMThremFLM0hJaTQ2b08xcEVDYUJDcXc1NjNMSXYyMzBNWlpsaw?oc=5&hl=en-IN&gl=IN&ceid=IN:en,"Sun, 10 Aug 2025 07:00:00 GMT",researchgate.net,news,business strategy,0,0
